{
"type": "FeatureCollection",
"name": "planning_regions_overview",
"crs": { "type": "name", "properties": { "name": "urn:ogc:def:crs:OGC:1.3:CRS84" } },
"features": [
{ "type": "Feature", "properties": { "id": "0", "boundary_type": "project_defined_overview_local_rebuild", "delivery_crs": "EPSG:4326", "derivation_method": "repaired_core; remove_components_under_3km2; fill_holes_under_3km2; 500m_vector_closing; clip_to_GEE_outline_and_Jiangsu; simplify_100m", "elevation_threshold_m": 30, "executable_dispatch_area": false, "generated_at_utc": "2026-09-21T14:55:18.824Z", "layer_role": "planning_region_outline_local_rebuild", "minimum_patch_area_km2": 0.5, "morphology_radius_m": 800, "official_boundary": false, "planning_display_only": true, "qa_status": "PASS", "region_id": "planning_yuntai", "region_level": "planning_display_region", "region_name_zh": "云台山", "seed_bbox_wgs84": "119.1,34.5,119.55,34.85", "slope_threshold_deg": 5, "source_basis": "连云港市政府2018年云台山风景名胜区保护区界线通告及2026年规划范围说明；本成果未取得通告所述官方矢量，仅据地理范围与地形遥感派生", "source_dem": "USGS/SRTMGL1_003", "source_landcover": "ESA/WorldCover/v200", "source_landcover_year": 2021, "source_url": "https://www.lyg.gov.cn/zglygzfmhwz/szfwj1/content/zwgk_504570641ccf418cb0190268320fdf20.html", "tree_proximity_m": 1000, "verification_status": "unverified", "working_resolution_m": 100, "local_minimum_component_area_km2": 3, "local_maximum_filled_hole_area_km2": 3, "local_closing_radius_m": 500, "local_simplify_tolerance_m": 100, "area_km2": 196.85917928853371, "centroid_lon": 119.31666415482566, "centroid_lat": 34.658789686332021, "qa_checked_at_utc": "2026-09-21T14:55:27.741993+00:00" }, "geometry": { "type": "MultiPolygon", "coordinates": [ [ [ [ 119.11648294071955, 34.555952165087845 ], [ 119.121771933948509, 34.557436560071686 ], [ 119.123793196521518, 34.555217047463159 ], [ 119.124631760857469, 34.56201257675805 ], [ 119.121564225408676, 34.572128181818734 ], [ 119.113917751257176, 34.575630727412594 ], [ 119.124980744694398, 34.580227347217495 ], [ 119.129177241459203, 34.585532721200863 ], [ 119.129177037276861, 34.577412818122987 ], [ 119.125649996842853, 34.572368710761637 ], [ 119.129745751910633, 34.567504814166597 ], [ 119.134438796649448, 34.567326838975937 ], [ 119.138169879774935, 34.570006868644377 ], [ 119.145157878503767, 34.568370565148449 ], [ 119.15151375730963, 34.570012420655338 ], [ 119.156266730031305, 34.567326838975937 ], [ 119.160402833315914, 34.567101105393427 ], [ 119.1666960178691, 34.570166922488127 ], [ 119.168836173747081, 34.573710852693438 ], [ 119.172986642619918, 34.567791685115196 ], [ 119.171340537120798, 34.561368024932072 ], [ 119.172295649897066, 34.552998777040649 ], [ 119.164512374731061, 34.542643146857785 ], [ 119.161057510955857, 34.540317227257425 ], [ 119.158821182255181, 34.535239119210885 ], [ 119.157030862033963, 34.535239119210885 ], [ 119.157929177318053, 34.533759081915441 ], [ 119.158818879637408, 34.535224928626029 ], [ 119.16061814000193, 34.527843626548787 ], [ 119.156632594923295, 34.526067214077948 ], [ 119.15163608775616, 34.518221564507293 ], [ 119.148053694286574, 34.516745228049885 ], [ 119.147771431092082, 34.521558552703659 ], [ 119.14423669886753, 34.526945378053227 ], [ 119.136616704278694, 34.528583744533456 ], [ 119.125979213153244, 34.533763796571137 ], [ 119.11869127126657, 34.542780183494223 ], [ 119.11167586218545, 34.544124144545066 ], [ 119.11648294071955, 34.555952165087845 ] ] ], [ [ [ 119.229660719652344, 34.577750014211126 ], [ 119.232132105735914, 34.580619729012135 ], [ 119.231937493756035, 34.5842431397475 ], [ 119.226207228578374, 34.589245448060936 ], [ 119.226208299977429, 34.591385446680825 ], [ 119.236853203228421, 34.60927565638162 ], [ 119.235993701839746, 34.615978632902035 ], [ 119.239034227794463, 34.62718270147225 ], [ 119.23609113625011, 34.635083487995423 ], [ 119.240578563943345, 34.642466805130603 ], [ 119.244587332907756, 34.644290453494094 ], [ 119.246834296203346, 34.648171629021796 ], [ 119.24327528711774, 34.656514307288688 ], [ 119.244053838578694, 34.662011582785077 ], [ 119.240593727004992, 34.671916217266016 ], [ 119.243004435994266, 34.678673849131911 ], [ 119.246861693778172, 34.679679433329774 ], [ 119.255757214040699, 34.677912716050486 ], [ 119.269320204700691, 34.684253300486169 ], [ 119.272907971182917, 34.683105280443968 ], [ 119.276214371107301, 34.677062451048442 ], [ 119.281535858131107, 34.675166142541279 ], [ 119.298569645352018, 34.677726361239792 ], [ 119.30186566562962, 34.683152239451012 ], [ 119.301190533445507, 34.689822993954976 ], [ 119.290908208587766, 34.697835769342014 ], [ 119.286392525660162, 34.699365130896787 ], [ 119.284597773997262, 34.704527275957325 ], [ 119.286261049927589, 34.706006283948646 ], [ 119.293791306107153, 34.703100107445479 ], [ 119.298845681655635, 34.704139342286069 ], [ 119.308851567877937, 34.717815813765874 ], [ 119.31063681868865, 34.717815837804302 ], [ 119.311786781075469, 34.708432848829069 ], [ 119.319121972060913, 34.699886128152272 ], [ 119.324799143767308, 34.698668875396876 ], [ 119.329513818901376, 34.701569784209568 ], [ 119.333994710292416, 34.70156968703057 ], [ 119.337709517928346, 34.695599654811964 ], [ 119.34131524655875, 34.693724876252574 ], [ 119.366335434524899, 34.692706785209197 ], [ 119.374418688729563, 34.688275080510373 ], [ 119.376648478292964, 34.68395713292454 ], [ 119.379473383621928, 34.682084544106388 ], [ 119.388794337386031, 34.682365559696429 ], [ 119.394182053926357, 34.680888240731676 ], [ 119.405461865390166, 34.668629209890511 ], [ 119.411248292331067, 34.665376132556403 ], [ 119.416637889477215, 34.656509617348874 ], [ 119.416637889477215, 34.654298749898246 ], [ 119.413946144583264, 34.651345499459509 ], [ 119.403171934197204, 34.653084423200745 ], [ 119.39508965158555, 34.657994006365584 ], [ 119.391813348786982, 34.661741109645561 ], [ 119.392389466473219, 34.663162722821269 ], [ 119.385202944200287, 34.664646233572057 ], [ 119.385202944200287, 34.666118162895891 ], [ 119.38251342117573, 34.664645934018722 ], [ 119.3722314538077, 34.678151374352822 ], [ 119.368309796008575, 34.679414195873342 ], [ 119.360950299479853, 34.678683245844773 ], [ 119.351406761892406, 34.685612548030633 ], [ 119.343540642642182, 34.685612548030619 ], [ 119.33951579840182, 34.681560625066929 ], [ 119.340716545885172, 34.676354970264455 ], [ 119.357756874004608, 34.661304697867521 ], [ 119.361841993664854, 34.659463473282457 ], [ 119.36363729572183, 34.65650946812611 ], [ 119.363214595711753, 34.647578553928646 ], [ 119.375913582713849, 34.638772546434268 ], [ 119.37531661785772, 34.635824508227813 ], [ 119.357486995220512, 34.634807177520671 ], [ 119.354192252573384, 34.632757198330296 ], [ 119.351959907920602, 34.62843521834629 ], [ 119.348376654660342, 34.6291722409782 ], [ 119.345274130593694, 34.63324477167744 ], [ 119.340966563877515, 34.635033091854304 ], [ 119.336825743685708, 34.634807177520692 ], [ 119.32874105674658, 34.631043416459313 ], [ 119.324111942377698, 34.622519347026589 ], [ 119.316415993541526, 34.618823985624267 ], [ 119.310363503163771, 34.618680029481631 ], [ 119.306904696293699, 34.616854937111931 ], [ 119.305246026404973, 34.608840305491356 ], [ 119.29626647607752, 34.599600841057985 ], [ 119.285153181669898, 34.599143791079442 ], [ 119.27608843109445, 34.59481924861192 ], [ 119.27290803847572, 34.589247497294807 ], [ 119.263165497264211, 34.58896908363733 ], [ 119.249139376114471, 34.581507939387578 ], [ 119.245002426378392, 34.573943399568222 ], [ 119.24775474880029, 34.567059004246886 ], [ 119.232619009517805, 34.565195829623285 ], [ 119.226030236212409, 34.567051593736103 ], [ 119.219915082926534, 34.564839712208503 ], [ 119.217224724633994, 34.567054944652632 ], [ 119.222610766483527, 34.575924246842355 ], [ 119.229660719652344, 34.577750014211126 ] ] ], [ [ [ 119.367236638517923, 34.757684495113459 ], [ 119.369023974225328, 34.757684495113459 ], [ 119.369924997104889, 34.755473850694472 ], [ 119.366612126174729, 34.752150725526022 ], [ 119.366325328850877, 34.745178338368923 ], [ 119.370488182995473, 34.740422347512009 ], [ 119.379811184544863, 34.740702433007662 ], [ 119.385886008770157, 34.739279618476246 ], [ 119.393284893048502, 34.743655150124297 ], [ 119.397645557491145, 34.739556781408616 ], [ 119.408055534663504, 34.737774515400091 ], [ 119.415627287053525, 34.740318676069144 ], [ 119.421139457487911, 34.74491996153953 ], [ 119.427419290492651, 34.744393372715635 ], [ 119.429695882684953, 34.741051514254899 ], [ 119.432941798399909, 34.739505812907836 ], [ 119.448222959742623, 34.735291719901717 ], [ 119.455266113533796, 34.736273388424401 ], [ 119.454373221077518, 34.73332593588826 ], [ 119.478620428981571, 34.726675627209211 ], [ 119.474136157328118, 34.719298052930128 ], [ 119.475957542561346, 34.714764846746455 ], [ 119.456706312519529, 34.68828570521525 ], [ 119.445644341041699, 34.691305318360136 ], [ 119.43950507047964, 34.688878908794891 ], [ 119.438568032064225, 34.684088636719352 ], [ 119.444485796022462, 34.676466827638627 ], [ 119.433713837493514, 34.676467011581934 ], [ 119.428325431290048, 34.678682730376551 ], [ 119.42163897381225, 34.684060964003443 ], [ 119.405097763688715, 34.692387918984693 ], [ 119.380581849804813, 34.700562761289554 ], [ 119.373527734215614, 34.701580814028652 ], [ 119.349276422502811, 34.71782427724532 ], [ 119.34790330905669, 34.725268855793246 ], [ 119.342988267465046, 34.73110915171609 ], [ 119.352136400981081, 34.736052456978548 ], [ 119.353395421383595, 34.741207884826444 ], [ 119.351361555199063, 34.743796628987887 ], [ 119.347650851461381, 34.745134795233817 ], [ 119.334004929935176, 34.742189883821759 ], [ 119.334005062672716, 34.748824685154837 ], [ 119.336666990915688, 34.754937699518045 ], [ 119.334897288289582, 34.759160540565219 ], [ 119.330411668798718, 34.762107092027271 ], [ 119.367236638517923, 34.763410588290064 ], [ 119.367236638517923, 34.757684495113459 ] ] ] ] } },
{ "type": "Feature", "properties": { "id": "1", "boundary_type": "project_defined_overview_local_rebuild", "delivery_crs": "EPSG:4326", "derivation_method": "repaired_core; remove_components_under_3km2; fill_holes_under_3km2; 500m_vector_closing; clip_to_GEE_outline_and_Jiangsu; simplify_100m", "elevation_threshold_m": 30, "executable_dispatch_area": false, "generated_at_utc": "2026-09-21T14:55:18.824Z", "layer_role": "planning_region_outline_local_rebuild", "minimum_patch_area_km2": 1.0, "morphology_radius_m": 800, "official_boundary": false, "planning_display_only": true, "qa_status": "PASS", "region_id": "planning_ningzhen_east", "region_level": "planning_display_region", "region_name_zh": "宁镇丘陵东段", "seed_bbox_wgs84": "119.05,31.78,119.82,32.32", "slope_threshold_deg": 5, "source_basis": "镇江市国土空间规划宁镇山脉生态涵养带、圌山为宁镇丘陵东段最高峰的官方地理说明及太湖流域宁镇丘陵岗地区分区", "source_dem": "USGS/SRTMGL1_003", "source_landcover": "ESA/WorldCover/v200", "source_landcover_year": 2021, "source_url": "https://www.jiangsu.gov.cn/art/2023/8/31/art_46143_11000570.html", "tree_proximity_m": 1000, "verification_status": "unverified", "working_resolution_m": 100, "local_minimum_component_area_km2": 3, "local_maximum_filled_hole_area_km2": 3, "local_closing_radius_m": 500, "local_simplify_tolerance_m": 100, "area_km2": 1279.2892941031982, "centroid_lon": 119.29773634399925, "centroid_lat": 32.047157929073329, "qa_checked_at_utc": "2026-09-21T14:55:27.741993+00:00" }, "geometry": { "type": "MultiPolygon", "coordinates": [ [ [ [ 119.056425507060496, 31.802391547910283 ], [ 119.063382504547477, 31.803461580477261 ], [ 119.066015440309513, 31.806505955260761 ], [ 119.066306975156479, 31.810789135187544 ], [ 119.071685143918344, 31.811141376729559 ], [ 119.072171101125775, 31.806852799189535 ], [ 119.077074694317105, 31.801630812979244 ], [ 119.076221258383185, 31.79516380647426 ], [ 119.078285459982993, 31.791781910090343 ], [ 119.08188895316836, 31.790222735238693 ], [ 119.089653172817492, 31.790175428961746 ], [ 119.104023976117645, 31.783119703170566 ], [ 119.10120810338033, 31.780254075273941 ], [ 119.055523473437788, 31.781022458542498 ], [ 119.05013958749754, 31.785599828292419 ], [ 119.057179880071942, 31.796248653615589 ], [ 119.056425507060496, 31.802391547910283 ] ] ], [ [ [ 119.085419911011286, 32.16783931749405 ], [ 119.091598228684433, 32.169871084607301 ], [ 119.095041684524475, 32.174963629761301 ], [ 119.099285532303043, 32.170081910592131 ], [ 119.108517365112263, 32.170401330160665 ], [ 119.111646940077023, 32.167108319946408 ], [ 119.11669495180486, 32.165842507890574 ], [ 119.126874106140789, 32.171449094768796 ], [ 119.130085834317484, 32.176479075086306 ], [ 119.139494610354959, 32.169389609914077 ], [ 119.154590193393759, 32.164255136038115 ], [ 119.17341206393202, 32.172486067388711 ], [ 119.176799511324219, 32.178550435087622 ], [ 119.182182534044642, 32.181804735272785 ], [ 119.184872119675788, 32.17952851529845 ], [ 119.186287899556405, 32.174962682015661 ], [ 119.18958680528749, 32.172950249247947 ], [ 119.200404264543053, 32.172401675998081 ], [ 119.211825965075178, 32.173967433795255 ], [ 119.216111837402579, 32.170202465084358 ], [ 119.220107807408951, 32.16887180977897 ], [ 119.227994881229762, 32.171922039105105 ], [ 119.232483315796884, 32.169642318212532 ], [ 119.235874874017426, 32.162598100722064 ], [ 119.24835485254772, 32.159042702208254 ], [ 119.252317539072124, 32.160925904827621 ], [ 119.254951700212359, 32.165838843825327 ], [ 119.261269914756014, 32.16689824705005 ], [ 119.265442494638719, 32.17070705520181 ], [ 119.266695391268016, 32.178236679833638 ], [ 119.265241665305467, 32.182012532437348 ], [ 119.25785022070221, 32.18809812208022 ], [ 119.254054869491014, 32.189419902251316 ], [ 119.260332647942874, 32.193970535586452 ], [ 119.264399619555874, 32.187628935475225 ], [ 119.272153169512961, 32.185371492503741 ], [ 119.27739915333666, 32.185608032820056 ], [ 119.27559628208283, 32.180183523616968 ], [ 119.276734579509608, 32.176860419898205 ], [ 119.282789154977536, 32.173445446421155 ], [ 119.285786465905659, 32.167448176102653 ], [ 119.291772731749418, 32.165838885393015 ], [ 119.298618919540644, 32.155470245909491 ], [ 119.305557248424293, 32.152958564087299 ], [ 119.313591995430471, 32.152847737966788 ], [ 119.318433208836126, 32.15452178444265 ], [ 119.320486525714443, 32.157895620167402 ], [ 119.318791371832887, 32.162398986450455 ], [ 119.312445436274913, 32.166608621189354 ], [ 119.316935454771325, 32.174963588168303 ], [ 119.326508745998026, 32.172730531685048 ], [ 119.332206813987355, 32.17648428942195 ], [ 119.345460708238406, 32.179793408290053 ], [ 119.349273971548371, 32.182566806898954 ], [ 119.370126990687695, 32.182703229040705 ], [ 119.374426799429088, 32.185607931429288 ], [ 119.384304628916169, 32.187894112631682 ], [ 119.396883931643259, 32.195490850992016 ], [ 119.404321577134098, 32.195932055913019 ], [ 119.413117393733671, 32.201983844769188 ], [ 119.418303828080269, 32.209153125019029 ], [ 119.416708880760964, 32.214094396701732 ], [ 119.409463286782724, 32.217059443345882 ], [ 119.419535487141133, 32.21691012083194 ], [ 119.423832253914455, 32.219810776377471 ], [ 119.425627131985678, 32.218299007305141 ], [ 119.438200657302446, 32.218293567975692 ], [ 119.434597996537889, 32.212109364634671 ], [ 119.436018676839467, 32.208413472287944 ], [ 119.439362601346119, 32.205835676579476 ], [ 119.435645400200599, 32.201603269077864 ], [ 119.436917336167909, 32.195490751980124 ], [ 119.442500229478256, 32.193201614052228 ], [ 119.44808790268614, 32.195490850992016 ], [ 119.45328002402124, 32.194722011019451 ], [ 119.456857470481609, 32.195803612503596 ], [ 119.459478681423022, 32.198838000694295 ], [ 119.459284077447307, 32.20245493803894 ], [ 119.455056051502609, 32.205875731059663 ], [ 119.44898621800327, 32.205383607547574 ], [ 119.447824279567016, 32.206440856233513 ], [ 119.450742397959843, 32.212560041435317 ], [ 119.445861132344632, 32.217883583684575 ], [ 119.453472751977102, 32.218830076976914 ], [ 119.461257511702229, 32.21606175481049 ], [ 119.472769581361334, 32.221074436985205 ], [ 119.476546756828, 32.226960255280119 ], [ 119.477734841246047, 32.235012037781736 ], [ 119.483113353296261, 32.235012061143138 ], [ 119.483156833899969, 32.225558024077934 ], [ 119.485211493839955, 32.222182900948539 ], [ 119.492997889481146, 32.220573525074485 ], [ 119.497788027335091, 32.215342861504645 ], [ 119.51587384374703, 32.203772643014538 ], [ 119.519044900924072, 32.199886527868294 ], [ 119.518060751361148, 32.197533918572361 ], [ 119.513407759058637, 32.198605201905423 ], [ 119.50578818797112, 32.197469648171804 ], [ 119.502876823820401, 32.193221029494978 ], [ 119.498001793798053, 32.190939413302324 ], [ 119.49299746041082, 32.18257762989866 ], [ 119.485132169860591, 32.183830343362125 ], [ 119.481832394735278, 32.181816645460557 ], [ 119.480184320629547, 32.17792684380332 ], [ 119.482157022713494, 32.172331096768211 ], [ 119.49119811790105, 32.168121502000794 ], [ 119.493899093419273, 32.153563251155603 ], [ 119.493893063719099, 32.146835370304608 ], [ 119.482414353714475, 32.142435949515693 ], [ 119.480561346776057, 32.139253111718624 ], [ 119.480561361313278, 32.134632930166141 ], [ 119.482518158265933, 32.131700799382806 ], [ 119.486679501235898, 32.129629267255048 ], [ 119.495392291045022, 32.128570326040276 ], [ 119.498384640126361, 32.115645758692239 ], [ 119.488299531891172, 32.111279762763658 ], [ 119.484918829261417, 32.107277455625322 ], [ 119.482004559650591, 32.110011080883957 ], [ 119.475040848781546, 32.112347904104517 ], [ 119.473366363562306, 32.116982938193502 ], [ 119.469426178757885, 32.119183794640456 ], [ 119.463569366319788, 32.118378754774042 ], [ 119.459758641000832, 32.114125427540564 ], [ 119.451873157074871, 32.117938385750939 ], [ 119.443604922713064, 32.11410212869346 ], [ 119.440383883001132, 32.119165463398481 ], [ 119.434523548277525, 32.120969360522992 ], [ 119.430414330185812, 32.119362199377278 ], [ 119.427863363374655, 32.115836035017978 ], [ 119.423830501417427, 32.11944596266742 ], [ 119.422932186133323, 32.1164026298894 ], [ 119.427423762553929, 32.111837440463596 ], [ 119.420237240280954, 32.11335919563767 ], [ 119.418440609712704, 32.111837440463596 ], [ 119.428230314357293, 32.110455428166837 ], [ 119.432620752032847, 32.108163747311742 ], [ 119.439090376078468, 32.108050875615191 ], [ 119.439386588369658, 32.099200189977907 ], [ 119.445384473178535, 32.093571417783131 ], [ 119.446281534820756, 32.090535323108156 ], [ 119.439315825613463, 32.088702099105397 ], [ 119.436401492592267, 32.084446831222742 ], [ 119.430808382183201, 32.083123259924221 ], [ 119.427635961105267, 32.077163013249667 ], [ 119.421722667786383, 32.078466030446911 ], [ 119.415144078164303, 32.075986105921189 ], [ 119.413035930363506, 32.071656238547789 ], [ 119.415539135400891, 32.06749005643335 ], [ 119.420375189305858, 32.065931459717618 ], [ 119.424508635034073, 32.066434931921194 ], [ 119.428449177914985, 32.068635223919202 ], [ 119.430201186251637, 32.072814366836248 ], [ 119.439293504397384, 32.07087116263731 ], [ 119.442757499934132, 32.072664978022097 ], [ 119.44449717575327, 32.076063572521029 ], [ 119.457712210471257, 32.071977033717879 ], [ 119.467849495794226, 32.07606340314824 ], [ 119.474136157227278, 32.075420824502693 ], [ 119.471028447537009, 32.069513425785537 ], [ 119.472333030371644, 32.06313035935635 ], [ 119.460657655413698, 32.055520063378935 ], [ 119.452241799107043, 32.055521087673554 ], [ 119.442610454363987, 32.059323216473139 ], [ 119.43550828062385, 32.054877121776308 ], [ 119.429528047853523, 32.056233570981441 ], [ 119.424959963719331, 32.05362616436534 ], [ 119.423668591128958, 32.050030371704018 ], [ 119.42448912425958, 32.045619890267986 ], [ 119.421114959520636, 32.040962219053284 ], [ 119.42273152049124, 32.034197647234294 ], [ 119.419327169063365, 32.02952538059656 ], [ 119.42292568928417, 32.021252624379422 ], [ 119.416248557888906, 32.01768023839611 ], [ 119.414523290138007, 32.010584197751022 ], [ 119.410393944401193, 32.00407950650122 ], [ 119.413044303165591, 31.993834716176842 ], [ 119.403173689624595, 32.000236405141543 ], [ 119.399781760468571, 32.008504752305505 ], [ 119.393291420880544, 32.009827487556393 ], [ 119.389472518918993, 32.012607265770008 ], [ 119.384948671444761, 32.012937058853524 ], [ 119.379429441143486, 32.010595391830542 ], [ 119.378010520007223, 32.003986442411978 ], [ 119.37105219348868, 32.004228137411118 ], [ 119.365439046684472, 31.999924422918699 ], [ 119.364541692665526, 32.002204447175252 ], [ 119.363643377381422, 31.999919029937821 ], [ 119.356760521095126, 31.996794666870478 ], [ 119.354104458518705, 31.990019905642939 ], [ 119.347278814597232, 31.992314619203569 ], [ 119.342081612013487, 31.990782247475266 ], [ 119.327007334947396, 31.992458360100887 ], [ 119.318725745662292, 31.990020367765805 ], [ 119.313343144149528, 31.990782106769441 ], [ 119.31314480949996, 31.998575722203135 ], [ 119.305258991809097, 32.014394943543216 ], [ 119.3058662449222, 32.020188838830478 ], [ 119.30366220481875, 32.022976608057611 ], [ 119.299668102923121, 32.024307939113626 ], [ 119.292893621880324, 32.022466133105219 ], [ 119.290118859986251, 32.0189947478327 ], [ 119.290266494422127, 32.014689121068592 ], [ 119.295371416218003, 32.004602843281482 ], [ 119.28907778582608, 31.983924829317974 ], [ 119.282394474721798, 31.984654642413307 ], [ 119.27651126689058, 31.983162919756172 ], [ 119.271122528730317, 31.987733276818936 ], [ 119.267635933905098, 31.995965890819793 ], [ 119.262809605559667, 31.998895559587123 ], [ 119.256496486239556, 31.998722652062941 ], [ 119.252389692637834, 31.994619371735467 ], [ 119.253641584417593, 31.989803839354156 ], [ 119.260331068424179, 31.98391592282395 ], [ 119.259477047395279, 31.978994955917649 ], [ 119.262186362840183, 31.974757174245944 ], [ 119.268419068590404, 31.973246195294124 ], [ 119.275831970524294, 31.968178726378206 ], [ 119.285487058942394, 31.967149699436479 ], [ 119.290205174396746, 31.963606105713215 ], [ 119.296464615171402, 31.962127352124678 ], [ 119.302552515126862, 31.963339294380113 ], [ 119.305774507546118, 31.958285406972266 ], [ 119.310695990932842, 31.954179748230082 ], [ 119.315128395469031, 31.952669033640813 ], [ 119.316396061025031, 31.943528411185707 ], [ 119.31427439748991, 31.939308216674121 ], [ 119.315128210431098, 31.935143828650926 ], [ 119.306631040938541, 31.926878002353657 ], [ 119.307941872906085, 31.919898842995888 ], [ 119.299266763864381, 31.918290582118672 ], [ 119.297305684977957, 31.915354612983837 ], [ 119.297453317057702, 31.911800267580929 ], [ 119.302551908260057, 31.907689106217184 ], [ 119.301944924426834, 31.902649005392693 ], [ 119.306377025819287, 31.898802877100433 ], [ 119.310416948742457, 31.898802877100433 ], [ 119.314240079955965, 31.901586858628693 ], [ 119.325012931890285, 31.903874673228817 ], [ 119.332856755590555, 31.895924905104049 ], [ 119.350162640728726, 31.893198529907313 ], [ 119.347512216692735, 31.884407350838334 ], [ 119.347953673557342, 31.880875641737969 ], [ 119.351959248740002, 31.877180833295387 ], [ 119.353963167965091, 31.870903472166411 ], [ 119.366334749123482, 31.864973913601187 ], [ 119.368128780109487, 31.859636594360154 ], [ 119.368128996763474, 31.857354287366029 ], [ 119.362502465695755, 31.856915311453481 ], [ 119.358538927937133, 31.853240895755157 ], [ 119.358538940536633, 31.850011649700452 ], [ 119.361840639038036, 31.845905893802861 ], [ 119.353519739691194, 31.843943519002963 ], [ 119.349555816969925, 31.840268797237442 ], [ 119.351269283021466, 31.834276414444712 ], [ 119.359145843940368, 31.831398159305127 ], [ 119.354242055630095, 31.826948328562715 ], [ 119.354242054440746, 31.822883395956538 ], [ 119.358232097474925, 31.819480853495715 ], [ 119.367374589346994, 31.816660383226278 ], [ 119.376402872101607, 31.816267909437261 ], [ 119.383401841794935, 31.819949204932502 ], [ 119.386663710033176, 31.815638558963354 ], [ 119.398663527920661, 31.80698235168795 ], [ 119.393046900454706, 31.805780627842779 ], [ 119.384826763675818, 31.800891683201243 ], [ 119.383335202821485, 31.797277935446974 ], [ 119.384297546453979, 31.792727436880167 ], [ 119.380706438203589, 31.785604688650363 ], [ 119.363461448824097, 31.782415076885034 ], [ 119.359148926139483, 31.780299114446663 ], [ 119.224410785481737, 31.781894707156745 ], [ 119.225164807270431, 31.787167188803561 ], [ 119.220817204073157, 31.793993197060797 ], [ 119.228579611368502, 31.793276901648756 ], [ 119.233390820816538, 31.795520104666821 ], [ 119.241243240276518, 31.796549803230963 ], [ 119.251358631964976, 31.803918382434873 ], [ 119.259438804423581, 31.800869913184343 ], [ 119.263930380844144, 31.800869913184343 ], [ 119.260342161481361, 31.806972494238629 ], [ 119.268421957264749, 31.807740837385698 ], [ 119.272015218401251, 31.811557796699653 ], [ 119.272015218401251, 31.813084536265812 ], [ 119.264835394369314, 31.81308358759475 ], [ 119.267523641980631, 31.82300772826633 ], [ 119.264828696128276, 31.822244443656988 ], [ 119.262133750275922, 31.817664603535452 ], [ 119.258540489139421, 31.82071785552877 ], [ 119.257063318582098, 31.816324664062972 ], [ 119.252252282150607, 31.816137939688268 ], [ 119.246859306361131, 31.813089943549222 ], [ 119.238701092644135, 31.814613461069722 ], [ 119.228894216252755, 31.811563256659234 ], [ 119.223512222874859, 31.813851861704098 ], [ 119.222368867454392, 31.818073916812132 ], [ 119.218786147878433, 31.820456965242155 ], [ 119.205545844288451, 31.819959834752883 ], [ 119.209745938420113, 31.824826644787418 ], [ 119.210644279269843, 31.831874088928057 ], [ 119.205267092881058, 31.837011477190647 ], [ 119.206438202660493, 31.837508936664669 ], [ 119.202849824732567, 31.838276425856545 ], [ 119.196562581689619, 31.842853684255125 ], [ 119.194766245607397, 31.84666836994834 ], [ 119.200146427187335, 31.847920865417354 ], [ 119.203501030781723, 31.845573861748587 ], [ 119.207021795730654, 31.845182284597048 ], [ 119.217090769410461, 31.848955649969046 ], [ 119.220569005844098, 31.846336958226797 ], [ 119.224089807044578, 31.845945380972431 ], [ 119.237223236324652, 31.848626217907871 ], [ 119.241863448631719, 31.85252180027679 ], [ 119.243340077097571, 31.856360424706718 ], [ 119.242376843785422, 31.861159943933401 ], [ 119.247622923333324, 31.865703723251087 ], [ 119.246019983560927, 31.870686362722388 ], [ 119.239091373373924, 31.872565587464827 ], [ 119.232493388980231, 31.868798622508564 ], [ 119.228669336926757, 31.871583706208238 ], [ 119.223381621090141, 31.871849936671239 ], [ 119.218122352255051, 31.87795121869415 ], [ 119.223627837832737, 31.881169625133563 ], [ 119.225308853437795, 31.887097130806403 ], [ 119.229509069402354, 31.891208670155276 ], [ 119.229800429845028, 31.895487010343349 ], [ 119.237399328917476, 31.902232008977393 ], [ 119.238848347363714, 31.912494144292843 ], [ 119.237038377193315, 31.916446423553957 ], [ 119.231785921941054, 31.918382630122462 ], [ 119.225998096004759, 31.916289532358807 ], [ 119.22379145400896, 31.913499073724221 ], [ 119.223500162956014, 31.909222193059676 ], [ 119.218892215536329, 31.906758635424151 ], [ 119.216313713668086, 31.900072241826145 ], [ 119.211642229502786, 31.899936748827091 ], [ 119.207855377345268, 31.8977962321867 ], [ 119.205971737764074, 31.892595855951381 ], [ 119.209574791642083, 31.886335924040829 ], [ 119.208232788568097, 31.881910462690279 ], [ 119.205545513127234, 31.882528575519434 ], [ 119.202789733959506, 31.887121592898684 ], [ 119.197709324122982, 31.888694582826762 ], [ 119.187329979300529, 31.886667224799687 ], [ 119.183076582697424, 31.881766995950269 ], [ 119.179690754496491, 31.885784904845739 ], [ 119.171090676841459, 31.890109918626326 ], [ 119.163545227026077, 31.88912814177128 ], [ 119.157033059851742, 31.885581034369796 ], [ 119.154342074135258, 31.88862824618143 ], [ 119.155249100975013, 31.893047195241802 ], [ 119.154081976994519, 31.896071560056228 ], [ 119.149057745796441, 31.899309113120406 ], [ 119.150763620522198, 31.906842804144429 ], [ 119.146864143857002, 31.918836516582729 ], [ 119.136375751765328, 31.931331985457231 ], [ 119.137272135405823, 31.932849425622276 ], [ 119.1442595677333, 31.931637429278876 ], [ 119.150688849616699, 31.933597721919927 ], [ 119.153399237407569, 31.937836460536591 ], [ 119.152286670192439, 31.941818072070806 ], [ 119.146026816748176, 31.945552777179628 ], [ 119.139968828743562, 31.945819489051921 ], [ 119.13857250565745, 31.95212508713275 ], [ 119.134599446671132, 31.954669758435518 ], [ 119.128508703483689, 31.955461638442117 ], [ 119.122001988674981, 31.951155208825575 ], [ 119.11964151753088, 31.955455535152048 ], [ 119.114106616034206, 31.957405194187483 ], [ 119.107822343106136, 31.955136191689665 ], [ 119.103787146597881, 31.946489372304377 ], [ 119.104315452459687, 31.93924855966824 ], [ 119.108515806974808, 31.935137906921707 ], [ 119.10311103310795, 31.925905799936032 ], [ 119.105820783324162, 31.919890990273597 ], [ 119.105820934049305, 31.913036272346915 ], [ 119.098894641461797, 31.915386578222162 ], [ 119.092581686279757, 31.91379918675127 ], [ 119.089665453110669, 31.926755787775601 ], [ 119.097530018921091, 31.931885091708441 ], [ 119.099855105818463, 31.936692050944526 ], [ 119.099544841405589, 31.947337056237057 ], [ 119.101497892177463, 31.954043420916104 ], [ 119.098646419298461, 31.961816766953856 ], [ 119.102096136611024, 31.965596648670488 ], [ 119.101341455825803, 31.971725582314047 ], [ 119.104036310981527, 31.983153971253707 ], [ 119.107143863932137, 31.986084054173865 ], [ 119.107338478839054, 31.989718704152217 ], [ 119.103163330265602, 31.993536458476164 ], [ 119.104030260270903, 31.996109874621105 ], [ 119.100436999134402, 31.996109874621105 ], [ 119.100069692659687, 31.993929227068637 ], [ 119.094868169784633, 31.990534541407047 ], [ 119.094142684691661, 31.986207896836266 ], [ 119.086579989352984, 31.981646959092018 ], [ 119.07977072128709, 31.970970813333544 ], [ 119.074197571944907, 31.971597121254145 ], [ 119.06810053764049, 31.967922632969277 ], [ 119.065408844568395, 31.972491532163492 ], [ 119.065821369121196, 31.990897976530498 ], [ 119.058639666265336, 31.997902559552312 ], [ 119.051039137345725, 31.999162306897105 ], [ 119.051927973791919, 32.000680842010738 ], [ 119.050137500925644, 32.006015009460022 ], [ 119.050131343344731, 32.14976050146182 ], [ 119.051998102370362, 32.154663280159262 ], [ 119.050137484720693, 32.159002009314825 ], [ 119.050137300090299, 32.170401395105948 ], [ 119.067197684470955, 32.172652486888452 ], [ 119.078682505142183, 32.168256461495183 ], [ 119.085419911011286, 32.16783931749405 ] ], [ [ 119.406568174211998, 32.150765200154979 ], [ 119.413644598963472, 32.150676908613519 ], [ 119.417607415588932, 32.152560132743893 ], [ 119.419409048144544, 32.1564922460594 ], [ 119.417542294495703, 32.162155186309761 ], [ 119.419301248949608, 32.16846877757083 ], [ 119.412754395055302, 32.179447669247736 ], [ 119.401967602065767, 32.184050086721761 ], [ 119.395916777160082, 32.182166622976894 ], [ 119.394171361742124, 32.178164098075214 ], [ 119.39597658635499, 32.173450185215977 ], [ 119.394181625485288, 32.170412064851135 ], [ 119.387644738742964, 32.169971084452214 ], [ 119.383443998946717, 32.165427222507702 ], [ 119.385139229882782, 32.160924391475554 ], [ 119.395301596026044, 32.155459839223468 ], [ 119.400469832314343, 32.155192154036811 ], [ 119.406568174211998, 32.150765200154979 ] ], [ [ 119.319012301578312, 32.111375536752568 ], [ 119.321638997013352, 32.108337512203455 ], [ 119.326168409370837, 32.107203869334008 ], [ 119.33241185668561, 32.108590513444959 ], [ 119.334859451441986, 32.11370519633293 ], [ 119.331310134971261, 32.120209349462705 ], [ 119.332065333540328, 32.129364402410985 ], [ 119.328615111331956, 32.13465712530045 ], [ 119.339518012533304, 32.138645866351155 ], [ 119.341200250417231, 32.142421793366282 ], [ 119.33951825575258, 32.146649621445171 ], [ 119.33207881077594, 32.149799212659147 ], [ 119.325916004045325, 32.149118618143561 ], [ 119.318981887119193, 32.150702456966528 ], [ 119.311330344088162, 32.147794349756069 ], [ 119.308084802369308, 32.143056174691644 ], [ 119.307941778896023, 32.13770742588369 ], [ 119.303593256584037, 32.132407203997666 ], [ 119.302545902387607, 32.126397870604428 ], [ 119.304225889563455, 32.122669900829898 ], [ 119.310391381972863, 32.118359597198882 ], [ 119.318721656283529, 32.116397330574301 ], [ 119.319012301578312, 32.111375536752568 ] ], [ [ 119.17986927875026, 31.930551879794276 ], [ 119.183087631067863, 31.936662471957675 ], [ 119.193385324872764, 31.939445718883128 ], [ 119.196419174556624, 31.943492286557802 ], [ 119.194766154901316, 31.955719511806166 ], [ 119.198966551459222, 31.961353726609776 ], [ 119.198771955196079, 31.966514683225164 ], [ 119.195358130044596, 31.971647858866834 ], [ 119.188474785321404, 31.973257045479684 ], [ 119.179548441313088, 31.982758086795648 ], [ 119.176084193308469, 31.984551011419661 ], [ 119.170258711965914, 31.984246990854285 ], [ 119.166151455818408, 31.980143382077699 ], [ 119.166906188519789, 31.970205375188236 ], [ 119.164953201411635, 31.965024037481829 ], [ 119.16704984766838, 31.956450673531581 ], [ 119.169267417033211, 31.952941815269842 ], [ 119.174092895443891, 31.95039296186614 ], [ 119.15636738424854, 31.94164251558793 ], [ 119.155519430819595, 31.936961514145079 ], [ 119.161068351004502, 31.931448145863971 ], [ 119.172115373284541, 31.928410735492967 ], [ 119.176568973724429, 31.928541795373395 ], [ 119.17986927875026, 31.930551879794276 ] ] ], [ [ [ 119.569769897320469, 32.161079640266706 ], [ 119.572014828429317, 32.165500649580331 ], [ 119.571107232761307, 32.169435991626138 ], [ 119.566857652648281, 32.171796489757078 ], [ 119.561272739887713, 32.172040708304571 ], [ 119.562175531518719, 32.174963597500131 ], [ 119.565764316308332, 32.174968955748035 ], [ 119.56936090038603, 32.181806496165635 ], [ 119.581697805493548, 32.17813158779083 ], [ 119.581035676138384, 32.174208595262748 ], [ 119.582832306706607, 32.174208595262748 ], [ 119.583577926352461, 32.177995186827744 ], [ 119.589124017053109, 32.180488686472053 ], [ 119.599000297444519, 32.181046260819649 ], [ 119.604386450735589, 32.180285974967255 ], [ 119.607133574334412, 32.175715385916021 ], [ 119.613071378125554, 32.174251276191413 ], [ 119.620369207010626, 32.177083039057941 ], [ 119.623262832978838, 32.183454434203796 ], [ 119.640656566818208, 32.18654073014158 ], [ 119.65020602969858, 32.190549403750346 ], [ 119.656191059326034, 32.190217544643602 ], [ 119.660041136081119, 32.191681724885434 ], [ 119.662645543121357, 32.195470303441127 ], [ 119.661889492797428, 32.199470978342724 ], [ 119.67125669309263, 32.207654888616602 ], [ 119.672669993663916, 32.212107690260808 ], [ 119.680029961253112, 32.216262629280124 ], [ 119.680216353317817, 32.222099437558896 ], [ 119.685246708022433, 32.238812718423233 ], [ 119.690629344634246, 32.242606642193195 ], [ 119.699404679440434, 32.230254614748873 ], [ 119.707697763700068, 32.228606649746467 ], [ 119.722963461016761, 32.220574981878137 ], [ 119.722963401224121, 32.209941572750509 ], [ 119.712122867613616, 32.204971708962312 ], [ 119.710323075332369, 32.201043834432063 ], [ 119.711285341278639, 32.196260071213771 ], [ 119.707693658949353, 32.192460863291934 ], [ 119.703850988908968, 32.192019750938037 ], [ 119.700507970537259, 32.189420003732877 ], [ 119.69392040419865, 32.193933185405292 ], [ 119.68195000832327, 32.193172984601354 ], [ 119.678346888217106, 32.191609390346152 ], [ 119.676541557822162, 32.185914073487204 ], [ 119.6789985881029, 32.182558450543866 ], [ 119.683437661607016, 32.181046307890497 ], [ 119.683437588659189, 32.179534966587802 ], [ 119.679144377131337, 32.177416902597884 ], [ 119.677149071279729, 32.172183836767907 ], [ 119.674457194353721, 32.170411557084989 ], [ 119.669971207660609, 32.168892220812651 ], [ 119.66354273780199, 32.171408896062353 ], [ 119.65629915995369, 32.171036105320894 ], [ 119.645711487136481, 32.16508921033526 ], [ 119.636948150719647, 32.163300528732243 ], [ 119.627744668580988, 32.159005465897835 ], [ 119.622105428571714, 32.158564515276339 ], [ 119.61539964183018, 32.154827036481876 ], [ 119.614557936509286, 32.147131178082077 ], [ 119.616760787139725, 32.144345043140923 ], [ 119.626843908810727, 32.138461712408386 ], [ 119.630327033585246, 32.131767130425935 ], [ 119.633911430781993, 32.129331646841649 ], [ 119.637231333773016, 32.120731392546169 ], [ 119.641913985266044, 32.115436892072253 ], [ 119.645121734157854, 32.114162628770316 ], [ 119.656489687464088, 32.11411469984079 ], [ 119.658803449228401, 32.109546106375113 ], [ 119.661851807405341, 32.107564945359556 ], [ 119.671765553472156, 32.106504050395593 ], [ 119.681641775103941, 32.103463386749802 ], [ 119.68193171753714, 32.096917144150346 ], [ 119.687231777343015, 32.089598877374669 ], [ 119.693544606494584, 32.08622574380761 ], [ 119.697577366291526, 32.086040141596506 ], [ 119.696918347789804, 32.08520261938844 ], [ 119.700511608926249, 32.085963722052846 ], [ 119.702303441092837, 32.089000531898535 ], [ 119.708199415294331, 32.077352950797838 ], [ 119.713072465362444, 32.072552000165309 ], [ 119.723613538574128, 32.07006757554845 ], [ 119.74003458339611, 32.070735398210985 ], [ 119.744524852232914, 32.068452200628371 ], [ 119.748330890891609, 32.059879458446225 ], [ 119.752834381044892, 32.057299265506522 ], [ 119.756652622156565, 32.057031899569274 ], [ 119.760907640589977, 32.047697210152805 ], [ 119.770563712867997, 32.04257230761003 ], [ 119.766986939951096, 32.041809292568921 ], [ 119.76698207570108, 32.040290400965439 ], [ 119.761597048246358, 32.037240376581025 ], [ 119.761593197956088, 32.033438158999239 ], [ 119.757108482938847, 32.032677280652599 ], [ 119.754410525973384, 32.035717353920063 ], [ 119.747901183296307, 32.038501556235403 ], [ 119.739144588594982, 32.038768692371036 ], [ 119.736650417752614, 32.042776494840162 ], [ 119.725669859318856, 32.047144725254903 ], [ 119.722752632417979, 32.051403268247171 ], [ 119.717388596549526, 32.052338565161953 ], [ 119.713602070596465, 32.050195633730056 ], [ 119.712119280964259, 32.046604005253698 ], [ 119.715776838907431, 32.030393475397958 ], [ 119.709497651016392, 32.031915114760835 ], [ 119.705387002926628, 32.03801306429532 ], [ 119.702087153237869, 32.040024522507927 ], [ 119.690636097839587, 32.038007173005944 ], [ 119.691048959044409, 32.044213863254981 ], [ 119.68583063316369, 32.047858389706441 ], [ 119.678890654124757, 32.045976845864878 ], [ 119.676295156283601, 32.041397450806272 ], [ 119.67714938166263, 32.037244351246898 ], [ 119.673559995849828, 32.035722814521378 ], [ 119.670993556178814, 32.04239330507238 ], [ 119.666566363062785, 32.044724489303945 ], [ 119.659838521709375, 32.04442027494423 ], [ 119.6547004179547, 32.039530291906949 ], [ 119.652906950037263, 32.044090071261721 ], [ 119.655774949362822, 32.046620573837281 ], [ 119.656456121623009, 32.049772880872844 ], [ 119.65439897801204, 32.053149309947919 ], [ 119.650634236408393, 32.054846204485742 ], [ 119.65110426829969, 32.057037365611201 ], [ 119.648409322447293, 32.057037365611201 ], [ 119.648409322447293, 32.054757730257379 ], [ 119.64443160815091, 32.052479562019172 ], [ 119.642116326875893, 32.047906172091501 ], [ 119.630998862162315, 32.043823817512852 ], [ 119.628640963251954, 32.039530181217117 ], [ 119.623505372513435, 32.043658834033387 ], [ 119.616974244760385, 32.044098960480603 ], [ 119.623410085406761, 32.049443618388395 ], [ 119.622358179207851, 32.047139406361765 ], [ 119.630248118878953, 32.046363913991549 ], [ 119.633819943786804, 32.047444246772962 ], [ 119.636593979397944, 32.050915229349123 ], [ 119.635601612617648, 32.055149104391937 ], [ 119.628953981727491, 32.057756247436657 ], [ 119.625351154129959, 32.056194321660776 ], [ 119.623056143859785, 32.053111278265384 ], [ 119.616973710403158, 32.057042684764042 ], [ 119.613324937682478, 32.063144381474103 ], [ 119.605293077489179, 32.064655882449792 ], [ 119.604397924326875, 32.071498092693247 ], [ 119.608055477210783, 32.076603963666123 ], [ 119.606856365814934, 32.084074692415761 ], [ 119.601702884458959, 32.086730115666604 ], [ 119.600568354370452, 32.090924154064318 ], [ 119.597455900557222, 32.093139263282922 ], [ 119.59203474481906, 32.093312346196029 ], [ 119.586428456588607, 32.089774572066105 ], [ 119.583730621564612, 32.094448577488947 ], [ 119.585530873927453, 32.097247085199676 ], [ 119.594291198206534, 32.095358521219516 ], [ 119.610631213409434, 32.103451754824562 ], [ 119.617581905231305, 32.110614608447939 ], [ 119.615809526551274, 32.117761603964993 ], [ 119.608236688779741, 32.122814665616019 ], [ 119.601702350536442, 32.123255308691434 ], [ 119.599333914979354, 32.127574854274542 ], [ 119.59451636219427, 32.129341393247877 ], [ 119.596269260138257, 32.138048685406012 ], [ 119.5918490188986, 32.14273502500653 ], [ 119.584631826015737, 32.143794406512704 ], [ 119.576738302923729, 32.147461063117859 ], [ 119.570258781738204, 32.147597414546922 ], [ 119.560462237818655, 32.152917647913796 ], [ 119.554075507022176, 32.151264501852957 ], [ 119.549600598121643, 32.146076096542636 ], [ 119.547332032927144, 32.153676684551712 ], [ 119.553858280675101, 32.157089086385746 ], [ 119.55588827126131, 32.161276170668145 ], [ 119.563264264903566, 32.158225475414937 ], [ 119.569769897320469, 32.161079640266706 ] ] ], [ [ [ 119.548690218119219, 32.190172260590437 ], [ 119.543443276986892, 32.184879347701212 ], [ 119.542247111035323, 32.178924456952046 ], [ 119.544198719506838, 32.172691836242564 ], [ 119.540545921478994, 32.170761876579967 ], [ 119.538852541707371, 32.16770843346611 ], [ 119.538852571020101, 32.159416674568803 ], [ 119.540993630859205, 32.155355012937719 ], [ 119.534319854546567, 32.152160792315662 ], [ 119.529128274310807, 32.153073995764686 ], [ 119.522501516426033, 32.151400918955048 ], [ 119.513667986846627, 32.152921226545111 ], [ 119.516319304686007, 32.169989517177576 ], [ 119.50917648341354, 32.179527004232121 ], [ 119.512829687662773, 32.181457195290555 ], [ 119.514566375102262, 32.186369619772123 ], [ 119.518500318625897, 32.188167689042423 ], [ 119.520941407536483, 32.191938164662716 ], [ 119.533297754795953, 32.191695279833844 ], [ 119.537321326450268, 32.190217544711636 ], [ 119.548690218119219, 32.190172260590437 ] ] ], [ [ [ 119.084551463682743, 32.301404136422988 ], [ 119.0882709671924, 32.297812957789581 ], [ 119.094445329164301, 32.296539638603825 ], [ 119.099532727079108, 32.288196991741721 ], [ 119.087387287746381, 32.28540794861722 ], [ 119.079384018562024, 32.278319291369904 ], [ 119.078263331592851, 32.27330495614865 ], [ 119.084261216568734, 32.267682705805441 ], [ 119.08426127326176, 32.265410106954292 ], [ 119.076176085483837, 32.257053960456943 ], [ 119.06809802228382, 32.253258328348139 ], [ 119.050137326345393, 32.257055336797528 ], [ 119.050137603201179, 32.320075493954974 ], [ 119.088641988038304, 32.318634885526905 ], [ 119.089651186037969, 32.308697434764483 ], [ 119.085388820176945, 32.306038067602785 ], [ 119.084551463682743, 32.301404136422988 ] ] ], [ [ [ 119.170642090027116, 32.304115892624871 ], [ 119.172991004756398, 32.300898094274999 ], [ 119.177419809555275, 32.29946323052183 ], [ 119.174092895439799, 32.291993965197356 ], [ 119.172307644965173, 32.291993988574724 ], [ 119.16806807856284, 32.296867755079433 ], [ 119.161526911116496, 32.296550188163671 ], [ 119.159682606047525, 32.298833903659975 ], [ 119.155240188543587, 32.300346746638795 ], [ 119.158543370493007, 32.30444138599335 ], [ 119.159284809861262, 32.309605594481383 ], [ 119.155240339255982, 32.317047265299152 ], [ 119.156137956573261, 32.320075355360835 ], [ 119.171397949590414, 32.318557704238295 ], [ 119.172203956773842, 32.314902487859229 ], [ 119.176149911362145, 32.311815966245959 ], [ 119.171626986457596, 32.309074897114797 ], [ 119.170642090027116, 32.304115892624871 ] ] ], [ [ [ 119.18758075737955, 32.319316967604834 ], [ 119.193853901823829, 32.319316998749024 ], [ 119.194145870987228, 32.315830107885652 ], [ 119.197022341421956, 32.312226901723676 ], [ 119.202141510825356, 32.310812795501974 ], [ 119.208229410578113, 32.311725018700017 ], [ 119.211761141382738, 32.305303707597716 ], [ 119.216313713656305, 32.303373311079909 ], [ 119.215415372131559, 32.298827640028279 ], [ 119.200149995671666, 32.29882280668258 ], [ 119.190271264120881, 32.295931200899595 ], [ 119.187149157286456, 32.299076445016397 ], [ 119.181722293460396, 32.300691727163979 ], [ 119.183943029280201, 32.304560479966192 ], [ 119.183261864515387, 32.30844926377209 ], [ 119.179469215477212, 32.311476353913811 ], [ 119.185588610486306, 32.313846187715932 ], [ 119.18758075737955, 32.319316967604834 ] ] ] ] } },
{ "type": "Feature", "properties": { "id": "2", "boundary_type": "project_defined_overview_local_rebuild", "delivery_crs": "EPSG:4326", "derivation_method": "repaired_core; remove_components_under_3km2; fill_holes_under_3km2; 500m_vector_closing; clip_to_GEE_outline_and_Jiangsu; simplify_100m", "elevation_threshold_m": 30, "executable_dispatch_area": false, "generated_at_utc": "2026-09-21T14:55:18.824Z", "layer_role": "planning_region_outline_local_rebuild", "minimum_patch_area_km2": 1.0, "morphology_radius_m": 800, "official_boundary": false, "planning_display_only": true, "qa_status": "PASS", "region_id": "planning_yili", "region_level": "planning_display_region", "region_name_zh": "宜溧山地", "seed_bbox_wgs84": "119.15,30.75,120.05,31.55", "slope_threshold_deg": 5, "source_basis": "太湖流域宜溧低山丘陵区分区，以及宜兴南部—溧阳南部天目山余脉的官方地理描述", "source_dem": "USGS/SRTMGL1_003", "source_landcover": "ESA/WorldCover/v200", "source_landcover_year": 2021, "source_url": "https://www.tba.gov.cn/slbthlyglj/upload/1b7e982e-bcbc-4c5c-88df-d2a163dc2893.pdf", "tree_proximity_m": 1000, "verification_status": "unverified", "working_resolution_m": 100, "local_minimum_component_area_km2": 3, "local_maximum_filled_hole_area_km2": 3, "local_closing_radius_m": 500, "local_simplify_tolerance_m": 100, "area_km2": 1038.0253066121199, "centroid_lon": 119.57820796529735, "centroid_lat": 31.283269926727087, "qa_checked_at_utc": "2026-09-21T14:55:27.741993+00:00" }, "geometry": { "type": "MultiPolygon", "coordinates": [ [ [ [ 119.247249384753175, 31.286921309973074 ], [ 119.248731510675483, 31.290783589318423 ], [ 119.247766735606632, 31.294842041369627 ], [ 119.252034434710595, 31.296949140743624 ], [ 119.254054591389121, 31.300652735867953 ], [ 119.259432774546951, 31.297912452855613 ], [ 119.25673425225753, 31.291835730380722 ], [ 119.260232680271784, 31.285780719474413 ], [ 119.264823813555196, 31.283326745528587 ], [ 119.267341951579496, 31.280033871928307 ], [ 119.273244807130141, 31.277998014870477 ], [ 119.28182396172329, 31.279458333013338 ], [ 119.288361788232578, 31.287407547713173 ], [ 119.289089165729237, 31.291002576908351 ], [ 119.293337092796975, 31.291268546218248 ], [ 119.296628841755918, 31.293265470582043 ], [ 119.298924465857297, 31.299837136782301 ], [ 119.294229622851063, 31.304565627781379 ], [ 119.287358663009513, 31.303322941351357 ], [ 119.283946050088005, 31.297954621993277 ], [ 119.27830945526668, 31.299455509302629 ], [ 119.277821778097149, 31.30495828563426 ], [ 119.273817878846103, 31.308665994243494 ], [ 119.275614436467436, 31.317098948261375 ], [ 119.281193256079092, 31.315555364325114 ], [ 119.287280621301534, 31.317098948261375 ], [ 119.289046125848643, 31.310573323317797 ], [ 119.29815469088723, 31.306806502901299 ], [ 119.314230079867357, 31.308656795636164 ], [ 119.314276243390594, 31.302903870637731 ], [ 119.31693098260719, 31.298675786685504 ], [ 119.31693098260719, 31.295613597570878 ], [ 119.319625928459615, 31.295613597570878 ], [ 119.32035414973511, 31.297169207581231 ], [ 119.326168408253807, 31.296313632195236 ], [ 119.330165152188854, 31.297441420450706 ], [ 119.338234313843259, 31.306687787535086 ], [ 119.339461302309033, 31.310421316690086 ], [ 119.338008930941584, 31.314935519543926 ], [ 119.332208393386665, 31.319402910443575 ], [ 119.335521964539723, 31.322598404638505 ], [ 119.33775913266625, 31.328774342495795 ], [ 119.334903446097968, 31.34472612805569 ], [ 119.335801633450302, 31.347792615592432 ], [ 119.340703985399514, 31.35149941620957 ], [ 119.342043767940339, 31.358152202866982 ], [ 119.339966360943336, 31.361544175275444 ], [ 119.334004395833304, 31.363144267243019 ], [ 119.331977404987271, 31.367197909213353 ], [ 119.327716749185129, 31.369280042120547 ], [ 119.325021927826057, 31.375413674162456 ], [ 119.325891875922821, 31.380813241857719 ], [ 119.324117504880164, 31.383959582984886 ], [ 119.338675858891222, 31.388225225843971 ], [ 119.342988911877967, 31.395344706533841 ], [ 119.348788960422354, 31.399051709849839 ], [ 119.349131204271686, 31.402305140218473 ], [ 119.347258968124891, 31.405513397767226 ], [ 119.343153033347946, 31.407488976198369 ], [ 119.338493438134975, 31.407623251860532 ], [ 119.337598191071692, 31.409145977923934 ], [ 119.347237016361504, 31.409411739576491 ], [ 119.366078727104693, 31.417506800695058 ], [ 119.369360862150756, 31.423754940906043 ], [ 119.369039229897311, 31.430610643926943 ], [ 119.3782566949195, 31.425509492973056 ], [ 119.386995358538343, 31.425245178046648 ], [ 119.390363355180526, 31.422615082913978 ], [ 119.3941806742137, 31.422178659139441 ], [ 119.397372633555804, 31.41730385440539 ], [ 119.403741303989747, 31.41609260785512 ], [ 119.412193105578311, 31.418730947914423 ], [ 119.414852771404028, 31.426011462888297 ], [ 119.425627131985678, 31.425250198422034 ], [ 119.425627131985678, 31.423717083108055 ], [ 119.429235469356215, 31.432756718678561 ], [ 119.427465056174171, 31.436367169848523 ], [ 119.423836531294029, 31.438284616367724 ], [ 119.424735467076431, 31.440574741564909 ], [ 119.432559381453146, 31.438979436217871 ], [ 119.438201348457213, 31.43980811920499 ], [ 119.445195183399591, 31.437828047611063 ], [ 119.452575693286903, 31.439331982192872 ], [ 119.457063694868538, 31.442873896862913 ], [ 119.46339120464485, 31.436724540782372 ], [ 119.469639158079772, 31.435209552689226 ], [ 119.470536939261976, 31.430621165510225 ], [ 119.457712209408569, 31.43145007569542 ], [ 119.452895124114889, 31.429786610019278 ], [ 119.450819805206962, 31.426396251876131 ], [ 119.450773852279269, 31.419886736040205 ], [ 119.447668024645452, 31.416182933153003 ], [ 119.446282426590713, 31.410689850793723 ], [ 119.441756438121985, 31.408771585765408 ], [ 119.439994068869822, 31.402253387654614 ], [ 119.433295033324626, 31.397782426769705 ], [ 119.43310043021485, 31.394098884264793 ], [ 119.436400864445716, 31.390745473329645 ], [ 119.436400864445716, 31.385384625103704 ], [ 119.433100465692988, 31.38203118943823 ], [ 119.431748757073962, 31.374803199502939 ], [ 119.435502343346471, 31.367855138734168 ], [ 119.428148924966777, 31.369145746975651 ], [ 119.423450188046075, 31.365724851809198 ], [ 119.419329134733374, 31.353103095875639 ], [ 119.421617083177622, 31.345361883802724 ], [ 119.425623621737898, 31.341943098533918 ], [ 119.432806779958469, 31.340120482951001 ], [ 119.431955456962825, 31.333602201794214 ], [ 119.436400773776782, 31.32554366072754 ], [ 119.437305230679229, 31.31940647698843 ], [ 119.444486127434345, 31.31710013044902 ], [ 119.447668341666244, 31.30545816429284 ], [ 119.453248670199656, 31.299882013273812 ], [ 119.457240342737165, 31.299581089054389 ], [ 119.462385973856286, 31.301720669304345 ], [ 119.465158961416662, 31.307889289619311 ], [ 119.467850915632965, 31.308656665936272 ], [ 119.470706019922218, 31.308635110611139 ], [ 119.470829931504767, 31.304337456738015 ], [ 119.473478273428512, 31.301279390749279 ], [ 119.477534533627932, 31.300205184258377 ], [ 119.481505088438396, 31.301528574142452 ], [ 119.483730590140439, 31.304337456738267 ], [ 119.483730599003934, 31.307613911821104 ], [ 119.481505345052753, 31.310422504275692 ], [ 119.476667570554895, 31.312008113491917 ], [ 119.477735526126338, 31.317101654759824 ], [ 119.479523851526665, 31.317866216257205 ], [ 119.489224826046367, 31.309971580513878 ], [ 119.492994821364917, 31.308656795567813 ], [ 119.488648616405058, 31.303347159521891 ], [ 119.489546958278865, 31.294787853871771 ], [ 119.491997913231344, 31.289619247444485 ], [ 119.496589156858036, 31.287165213069454 ], [ 119.499546067603788, 31.281354913242694 ], [ 119.502656558136138, 31.279155015060638 ], [ 119.509404266430948, 31.27915841101645 ], [ 119.51513519790349, 31.281853849007508 ], [ 119.517262406566999, 31.284861254113029 ], [ 119.528929346544288, 31.289467188251777 ], [ 119.534567245549752, 31.285892907791961 ], [ 119.542402161991504, 31.285628897417492 ], [ 119.540898601216469, 31.277469110535808 ], [ 119.544168975108462, 31.271421854560664 ], [ 119.549399756357445, 31.269497322244913 ], [ 119.554444609915976, 31.271768456412474 ], [ 119.559473220610599, 31.281022509746585 ], [ 119.563063262794216, 31.274120637971791 ], [ 119.558396411493277, 31.272041235516671 ], [ 119.556169985415664, 31.26923150407271 ], [ 119.556169994277482, 31.265951761371213 ], [ 119.559470001657743, 31.261067403881409 ], [ 119.556394982587165, 31.25825673173518 ], [ 119.554682459339787, 31.253161469253492 ], [ 119.556423540723102, 31.248730505382259 ], [ 119.560706528970471, 31.246514844011561 ], [ 119.571814443806417, 31.246734606507619 ], [ 119.57715522903473, 31.252129086795566 ], [ 119.579540918259113, 31.268967607201258 ], [ 119.574753626957872, 31.277187530572949 ], [ 119.575651207261402, 31.279487151271891 ], [ 119.580794551978599, 31.28055249456537 ], [ 119.583443526851781, 31.283611121852772 ], [ 119.581940133040831, 31.297146865348665 ], [ 119.584634360102626, 31.302516549756152 ], [ 119.59156118674241, 31.300919133839066 ], [ 119.599662697460857, 31.302014967754864 ], [ 119.614277813712079, 31.312494167155382 ], [ 119.61696608999695, 31.312494068591977 ], [ 119.628640335247269, 31.299447999387233 ], [ 119.621941542238829, 31.294212390388758 ], [ 119.622615030611257, 31.288264554000929 ], [ 119.628392113391271, 31.285566586495104 ], [ 119.634395208978617, 31.287891676387808 ], [ 119.636737180683483, 31.294073113371031 ], [ 119.640899799517612, 31.295672250297745 ], [ 119.642880000700899, 31.298625987416731 ], [ 119.642732393213095, 31.303776374370852 ], [ 119.639432126535837, 31.307889289619311 ], [ 119.644578514568281, 31.308155229845113 ], [ 119.648514468153749, 31.310344598105665 ], [ 119.651110319249085, 31.320937728502102 ], [ 119.65635481639039, 31.328558064532974 ], [ 119.6562072044742, 31.332170448971898 ], [ 119.652906640166449, 31.33629148476507 ], [ 119.653799214152031, 31.337822643019852 ], [ 119.650214085492394, 31.340890657111036 ], [ 119.6538046369798, 31.347024095278723 ], [ 119.659431549416198, 31.343452324464206 ], [ 119.666138383970406, 31.343453968722656 ], [ 119.671283998872099, 31.347663505383231 ], [ 119.670873362358662, 31.353165046924389 ], [ 119.672670050142372, 31.356229959758782 ], [ 119.677990754307729, 31.354698177870503 ], [ 119.682545303243856, 31.355753773981235 ], [ 119.684341933812107, 31.353933832184286 ], [ 119.683069645258811, 31.356011323270348 ], [ 119.684346800707686, 31.35699701314385 ], [ 119.688904182149329, 31.350832733681841 ], [ 119.695294599373014, 31.349460429535416 ], [ 119.701512351609239, 31.353295457419069 ], [ 119.704110292890491, 31.359298335186825 ], [ 119.712384592456416, 31.355782974109484 ], [ 119.726735753502993, 31.357898933551741 ], [ 119.73079988967703, 31.360401645300716 ], [ 119.731958600800155, 31.365434877473053 ], [ 119.737941589697058, 31.367949733716845 ], [ 119.73913313626673, 31.363909989216246 ], [ 119.735507102343433, 31.361993868685225 ], [ 119.73378931484352, 31.358919265456617 ], [ 119.735507359058488, 31.354311600959218 ], [ 119.741130681548256, 31.352242815915226 ], [ 119.752847974124478, 31.352832992554948 ], [ 119.755670005126191, 31.354658501997807 ], [ 119.757120581535276, 31.358377363749465 ], [ 119.755415488235187, 31.362222223027736 ], [ 119.751721687782805, 31.364675641156321 ], [ 119.752132440949779, 31.371708867272968 ], [ 119.75010374548549, 31.374100887684552 ], [ 119.746130803579632, 31.37542509110234 ], [ 119.742072156284976, 31.374350260222357 ], [ 119.739285627255285, 31.371762512818428 ], [ 119.733755463534109, 31.382314584222396 ], [ 119.737347433183714, 31.384608871611146 ], [ 119.740935796711611, 31.383080396567916 ], [ 119.740037481427535, 31.381546592237108 ], [ 119.745427843149471, 31.384606964669903 ], [ 119.749014938636677, 31.382770759410182 ], [ 119.749020634268689, 31.380779680679797 ], [ 119.751715580121029, 31.378478908440396 ], [ 119.757101930303563, 31.378473207844419 ], [ 119.758902102394032, 31.375411124463565 ], [ 119.759539169408242, 31.376498935958722 ], [ 119.762491788495666, 31.375406401954518 ], [ 119.766088624666949, 31.373107677682132 ], [ 119.766088624666949, 31.37157625363222 ], [ 119.771031285957392, 31.37349534011183 ], [ 119.76968188580345, 31.372343240315605 ], [ 119.772376831655805, 31.372343240315605 ], [ 119.772380086650756, 31.374638787856771 ], [ 119.78495157698039, 31.3754057744781 ], [ 119.788542301005322, 31.373872671664724 ], [ 119.790343137338198, 31.369275256005459 ], [ 119.7932763071978, 31.36726800700399 ], [ 119.804716181884118, 31.364673091743025 ], [ 119.803817866600014, 31.360837782722424 ], [ 119.807411127736458, 31.359303615301599 ], [ 119.807411127736458, 31.377711971838039 ], [ 119.805614497168264, 31.37924583878144 ], [ 119.802027193045987, 31.379251096971643 ], [ 119.802027343693496, 31.381544042374994 ], [ 119.804429379318819, 31.384896526917714 ], [ 119.80472213881383, 31.389210104831591 ], [ 119.813693377795573, 31.387676400774083 ], [ 119.813282460593783, 31.375278571120596 ], [ 119.815734009582783, 31.372637136754655 ], [ 119.822678015505204, 31.371570931616471 ], [ 119.824799680454305, 31.368569136803504 ], [ 119.82896473762564, 31.366968944665608 ], [ 119.828962898476206, 31.364866516127165 ], [ 119.826275748702983, 31.365440134768733 ], [ 119.828004173398185, 31.363964281084435 ], [ 119.827167670486219, 31.362373289926257 ], [ 119.819987541714141, 31.363906042455998 ], [ 119.822682487566482, 31.360837782722424 ], [ 119.827166308804323, 31.359196857680637 ], [ 119.830406205158738, 31.353124172891278 ], [ 119.834681790381978, 31.349391219508149 ], [ 119.840321157020469, 31.347837987616998 ], [ 119.845143072905501, 31.350602947987909 ], [ 119.857712648513001, 31.34549041340486 ], [ 119.862450844184806, 31.341917863278848 ], [ 119.873875446930853, 31.340886547863121 ], [ 119.866516372775735, 31.337280090630095 ], [ 119.864144316518676, 31.334042943877417 ], [ 119.865413412902441, 31.329136341748214 ], [ 119.870287167748216, 31.325549544515699 ], [ 119.864898423347071, 31.321713001936445 ], [ 119.856160045558852, 31.319113514654386 ], [ 119.853706821278735, 31.316470384800773 ], [ 119.85502183779478, 31.310084835630224 ], [ 119.854117565580992, 31.304062173953238 ], [ 119.832391725422426, 31.303927396128746 ], [ 119.828611275958778, 31.301799095770441 ], [ 119.827164439947694, 31.297976975686762 ], [ 119.829548226323865, 31.293561467015369 ], [ 119.837949375335228, 31.291770156067944 ], [ 119.841188228771031, 31.286356250361763 ], [ 119.844486059102877, 31.284357508571293 ], [ 119.851831503465149, 31.285351050089158 ], [ 119.855149050814347, 31.290240180337097 ], [ 119.866693828826627, 31.284863909509482 ], [ 119.868392348300887, 31.278103194813085 ], [ 119.87567705945294, 31.274881928894114 ], [ 119.874775227551154, 31.271106074459787 ], [ 119.876575262995331, 31.26644187427727 ], [ 119.873028480827998, 31.257605575663661 ], [ 119.874749564019666, 31.254527967666672 ], [ 119.879270242804296, 31.251852269161411 ], [ 119.869256059915884, 31.246061851078636 ], [ 119.868496567056596, 31.248009817884419 ], [ 119.866694202753351, 31.24263720395939 ], [ 119.86400738702271, 31.241870846846435 ], [ 119.863112816970244, 31.243399788985318 ], [ 119.86686737301055, 31.250921894993716 ], [ 119.863135582882862, 31.256065490252105 ], [ 119.85574859963738, 31.256327868529915 ], [ 119.849637368917868, 31.252622959231942 ], [ 119.847870576846418, 31.256082947086075 ], [ 119.844409007783412, 31.257864734697023 ], [ 119.839988463627279, 31.257732468776169 ], [ 119.833468227905627, 31.25415884190965 ], [ 119.832306155065581, 31.258435184464801 ], [ 119.828726061528187, 31.260806195496681 ], [ 119.816632246169334, 31.260036190825524 ], [ 119.812384491028752, 31.256592109016182 ], [ 119.811896747227323, 31.251854973824376 ], [ 119.804713293175254, 31.247247201878338 ], [ 119.798256552820476, 31.247112282418183 ], [ 119.790667882462088, 31.244112679309353 ], [ 119.787037099822257, 31.239282380219823 ], [ 119.786743919271984, 31.235726323235649 ], [ 119.782976489395267, 31.23441243417923 ], [ 119.774969086972249, 31.227911744699668 ], [ 119.773562419282612, 31.22217301650203 ], [ 119.778997892689063, 31.218094188828157 ], [ 119.793271671788958, 31.220023622628414 ], [ 119.797242391697381, 31.223709456265162 ], [ 119.79753576727289, 31.231877966501933 ], [ 119.800229077524818, 31.235715758532567 ], [ 119.806684070149927, 31.235082510586679 ], [ 119.820114754733737, 31.239561477546612 ], [ 119.836154328119434, 31.236483783331728 ], [ 119.845465627730036, 31.22809637783697 ], [ 119.849066261992945, 31.226544465717829 ], [ 119.854696579734295, 31.228096377837016 ], [ 119.857721255708469, 31.233411441012386 ], [ 119.860408154464722, 31.232643921512135 ], [ 119.864977553078873, 31.226468200577663 ], [ 119.87298203581544, 31.224196377107912 ], [ 119.872130276282235, 31.219200167451678 ], [ 119.874212127127947, 31.2158046592881 ], [ 119.885398819775347, 31.211267183708834 ], [ 119.889817744341897, 31.211399643008164 ], [ 119.893107522760033, 31.213394730720896 ], [ 119.894544821587218, 31.222657147629302 ], [ 119.899282565456119, 31.21603968969379 ], [ 119.910712343851841, 31.214975289636005 ], [ 119.915200395049595, 31.208065627323364 ], [ 119.907606066169123, 31.202822831652703 ], [ 119.908016482628142, 31.19577686127278 ], [ 119.902299146858866, 31.198035893485351 ], [ 119.896349703151245, 31.197024549941727 ], [ 119.89233473512131, 31.192833740594402 ], [ 119.892051954433285, 31.188747186840885 ], [ 119.897019480274992, 31.18390587428329 ], [ 119.909814598064784, 31.181933710542122 ], [ 119.91340622360083, 31.175788010504316 ], [ 119.913406374304728, 31.172721418453662 ], [ 119.908951, 31.175246988710352 ], [ 119.906225808989603, 31.175021968452338 ], [ 119.881072845889733, 31.168878887148765 ], [ 119.830711, 31.178887988712059 ], [ 119.79437310935387, 31.164426294172024 ], [ 119.779724, 31.182731988713904 ], [ 119.759799170563738, 31.176397671764111 ], [ 119.720047, 31.173100988709308 ], [ 119.692105384744949, 31.15915794753916 ], [ 119.678952042107383, 31.168104409560552 ], [ 119.667358, 31.16728998870661 ], [ 119.63673122375377, 31.151961474230426 ], [ 119.632507032789107, 31.140338416217645 ], [ 119.598663602429909, 31.13518226660733 ], [ 119.576957106999302, 31.136584693618005 ], [ 119.551605, 31.157042988701694 ], [ 119.529899, 31.164910988705422 ], [ 119.514298, 31.167577988706707 ], [ 119.472725825962044, 31.158455787863851 ], [ 119.430118708406283, 31.187318603299406 ], [ 119.42223806133083, 31.183405382104382 ], [ 119.416759733383302, 31.182721699865692 ], [ 119.406494, 31.185113988715074 ], [ 119.385587060544665, 31.181989609126656 ], [ 119.385209840392278, 31.186547417649003 ], [ 119.399094, 31.19752498872095 ], [ 119.40047430403034, 31.203455512506036 ], [ 119.372627, 31.19581998872016 ], [ 119.359181722958041, 31.210664735324883 ], [ 119.360954755863816, 31.228037138122485 ], [ 119.366338323233776, 31.235721073030248 ], [ 119.36454845623426, 31.235721073030248 ], [ 119.380711367779696, 31.268743448703709 ], [ 119.356543694174505, 31.298906583374386 ], [ 119.357355170392594, 31.300986708479158 ], [ 119.350168648119606, 31.300219139956976 ], [ 119.338484465848026, 31.271050599842141 ], [ 119.331304027153138, 31.265672087087474 ], [ 119.333093896345446, 31.265672087087474 ], [ 119.332196839161355, 31.264141879272149 ], [ 119.310783, 31.266213988753737 ], [ 119.270932789380197, 31.254373373923027 ], [ 119.259443929162586, 31.261836452280445 ], [ 119.257648315473674, 31.26490616844259 ], [ 119.264587110178979, 31.266732032584571 ], [ 119.267483342288372, 31.270659857574699 ], [ 119.265207406143489, 31.277463390688371 ], [ 119.259443434277998, 31.281803533577733 ], [ 119.260337119707671, 31.283331050966403 ], [ 119.258540489139421, 31.284098757011691 ], [ 119.259434818983067, 31.281805838047902 ], [ 119.252490067605549, 31.280767158876614 ], [ 119.247982319271131, 31.27817815011753 ], [ 119.239670140577729, 31.264141630475574 ], [ 119.232495302829676, 31.264141620542809 ], [ 119.232495302829676, 31.271809458173045 ], [ 119.238265878827022, 31.274637022929621 ], [ 119.241479616622698, 31.284093554460309 ], [ 119.247249384753175, 31.286921309973074 ] ], [ [ 119.803156036215242, 31.276399839282298 ], [ 119.809656336089461, 31.277687908557798 ], [ 119.812806693018871, 31.281022630383955 ], [ 119.814591542347657, 31.280257617125173 ], [ 119.816035760001398, 31.275607568270775 ], [ 119.819333514911605, 31.273609014031408 ], [ 119.825946594946927, 31.272623879129814 ], [ 119.830510037564324, 31.275212585417368 ], [ 119.831526161620431, 31.281086459335032 ], [ 119.828108641112877, 31.286026365750214 ], [ 119.824485148011362, 31.287941137110863 ], [ 119.826235535419514, 31.29906959246631 ], [ 119.82222038963485, 31.304332411040605 ], [ 119.815750238098929, 31.306427091491567 ], [ 119.809785003151106, 31.304573441350247 ], [ 119.7981915325621, 31.28181720385253 ], [ 119.793275862000343, 31.281534885028702 ], [ 119.787905325115702, 31.278397720650315 ], [ 119.786734728209339, 31.272742213574244 ], [ 119.787920293268101, 31.269657570757616 ], [ 119.794580440953396, 31.26637238649084 ], [ 119.798235453873517, 31.266750575970612 ], [ 119.801225533580549, 31.268871726480619 ], [ 119.803156036215242, 31.276399839282298 ] ], [ [ 119.630614548326406, 31.254283124055174 ], [ 119.63846313203662, 31.256745834057014 ], [ 119.642617518960279, 31.250029989924546 ], [ 119.653796325443196, 31.248772427570611 ], [ 119.661572839720932, 31.245298025356874 ], [ 119.668745957106367, 31.247298988176507 ], [ 119.671725169192882, 31.252997751007808 ], [ 119.670609352625476, 31.256899429784099 ], [ 119.667233202534604, 31.259556397390604 ], [ 119.662138324514501, 31.261132403863918 ], [ 119.656497048713248, 31.260302348129866 ], [ 119.653834757648895, 31.264529489091764 ], [ 119.650859777142102, 31.26618125455504 ], [ 119.64505774987488, 31.265380037371273 ], [ 119.641287522459734, 31.261544297614591 ], [ 119.63820390438363, 31.267917810830692 ], [ 119.624721730005362, 31.274077016681463 ], [ 119.619481825158374, 31.27280901404032 ], [ 119.617107799522387, 31.269570241246949 ], [ 119.618153753312043, 31.264416008596431 ], [ 119.623221233167385, 31.256063900504572 ], [ 119.626196235488635, 31.254412227525755 ], [ 119.630614548326406, 31.254283124055174 ] ], [ [ 119.573849153865382, 31.240329539720015 ], [ 119.567560946876554, 31.244937781570503 ], [ 119.565567594972464, 31.244861392642001 ], [ 119.556781163467093, 31.24186564531897 ], [ 119.555877554805221, 31.23879630350428 ], [ 119.552289587046545, 31.23648916642907 ], [ 119.5540795342731, 31.233418184039319 ], [ 119.550492956478294, 31.234184867511697 ], [ 119.548696325910043, 31.231112381537081 ], [ 119.545103064773599, 31.233416755382983 ], [ 119.537018227216464, 31.229576101081005 ], [ 119.537018227216464, 31.226503465240462 ], [ 119.556766288272527, 31.226502051879759 ], [ 119.554984532898885, 31.221894324167412 ], [ 119.571154208013013, 31.224198922798738 ], [ 119.569357577444762, 31.226503465240462 ], [ 119.57205252329716, 31.239561477546612 ], [ 119.573849153865439, 31.238793409138918 ], [ 119.573849153865382, 31.240329539720015 ] ], [ [ 119.399575988746207, 31.251081754260728 ], [ 119.398677673462089, 31.245705800013894 ], [ 119.40227093459859, 31.25338564095923 ], [ 119.404965880450902, 31.255689471432195 ], [ 119.407660826303285, 31.244937781570503 ], [ 119.411254087439787, 31.244169756874804 ], [ 119.415745663860335, 31.246473812223012 ], [ 119.414847348576231, 31.257225327182727 ], [ 119.413050718008009, 31.255689471432195 ], [ 119.409457456871536, 31.255689471432195 ], [ 119.4085611859973, 31.258754167195715 ], [ 119.411254087439758, 31.262600625497697 ], [ 119.409457456871536, 31.270279092020658 ], [ 119.414847348576231, 31.275653646791099 ], [ 119.415745663860335, 31.270279092020658 ], [ 119.4175422944286, 31.270279092020658 ], [ 119.418440609712704, 31.27718917762099 ], [ 119.420237240280954, 31.27718917762099 ], [ 119.420237240280954, 31.282563338677829 ], [ 119.422932186133309, 31.281795620136982 ], [ 119.421135555565073, 31.286401837642877 ], [ 119.426525447269796, 31.285634150345459 ], [ 119.422932186133323, 31.288704862012661 ], [ 119.428322077838004, 31.299451565191454 ], [ 119.43101702369043, 31.299451565191454 ], [ 119.431018120378553, 31.300981284789529 ], [ 119.436406915395125, 31.300219139956976 ], [ 119.43551261771691, 31.302517827244738 ], [ 119.443593437668071, 31.306359513025999 ], [ 119.442695122383924, 31.315569322253353 ], [ 119.436406915395125, 31.31710420290959 ], [ 119.435509929782043, 31.313272634089266 ], [ 119.433711969542756, 31.313273809303794 ], [ 119.433711969542756, 31.316336765712098 ], [ 119.428316884707655, 31.31403885313583 ], [ 119.425627131985678, 31.316336765712098 ], [ 119.425627131985678, 31.320941295103946 ], [ 119.422932186133309, 31.317871633863795 ], [ 119.418440609712704, 31.316336765712098 ], [ 119.418440609712704, 31.314034416588022 ], [ 119.420237240280954, 31.314034416588022 ], [ 119.420237240280954, 31.309429549483497 ], [ 119.42381864672744, 31.309318141586004 ], [ 119.422932186133323, 31.300986708479158 ], [ 119.420237240280954, 31.300986708479158 ], [ 119.422033870849205, 31.299451565191454 ], [ 119.418440609712704, 31.295613597570878 ], [ 119.416643979144482, 31.296381203597715 ], [ 119.414847348576231, 31.290240180337097 ], [ 119.416643979144482, 31.285634150345459 ], [ 119.413050718008009, 31.282563338677829 ], [ 119.412152402723876, 31.277956933666523 ], [ 119.406762511019181, 31.272582510130984 ], [ 119.405864195735035, 31.274118090961103 ], [ 119.403171433710284, 31.266446158545364 ], [ 119.394186097041455, 31.266439936863225 ], [ 119.40047199417441, 31.257987321582156 ], [ 119.397779358177957, 31.251081754260728 ], [ 119.399575988746207, 31.251081754260728 ] ], [ [ 119.366338323233776, 31.34088345259957 ], [ 119.366338323233776, 31.332451633459673 ], [ 119.369033269086117, 31.331684321361561 ], [ 119.369931584370264, 31.336288100139129 ], [ 119.372626530222618, 31.336288100139129 ], [ 119.374426049499704, 31.340886264746104 ], [ 119.379813052495592, 31.340124410412908 ], [ 119.383406313632037, 31.341658890725988 ], [ 119.384310851998137, 31.34907260932729 ], [ 119.387896049733754, 31.351624455218168 ], [ 119.391491151189115, 31.347029374717842 ], [ 119.40047430403034, 31.345494982008475 ], [ 119.400601517049893, 31.347029374717842 ], [ 119.409220232346712, 31.345755600558604 ], [ 119.413809751741681, 31.350041894248562 ], [ 119.413809765042075, 31.353989835940446 ], [ 119.410933191363981, 31.359243004329937 ], [ 119.3950903692553, 31.36391129966783 ], [ 119.395988906015745, 31.366968954268287 ], [ 119.40355862841092, 31.369798381014999 ], [ 119.405038145143948, 31.374101617514185 ], [ 119.403531209627431, 31.377753317143078 ], [ 119.397525085372592, 31.380080393219984 ], [ 119.39148636982307, 31.377717280782587 ], [ 119.385205141706436, 31.377717392825257 ], [ 119.369033269086117, 31.383086820442212 ], [ 119.370829899654368, 31.391515872680511 ], [ 119.37442316079084, 31.39074904252853 ], [ 119.37442316079084, 31.393816325568825 ], [ 119.369931584370264, 31.393816325568825 ], [ 119.367236638517923, 31.400717346036057 ], [ 119.362745062097275, 31.397650288454944 ], [ 119.361848330010744, 31.393823082438733 ], [ 119.358253485676755, 31.393049514200634 ], [ 119.358247360738233, 31.387683898871252 ], [ 119.355558539824344, 31.387681659290148 ], [ 119.358253485676698, 31.37924583878144 ], [ 119.360948431529096, 31.379239415164673 ], [ 119.361839803444525, 31.375414364002744 ], [ 119.358253485676755, 31.3738771949076 ], [ 119.356496864475673, 31.369657484523518 ], [ 119.360044008583174, 31.362369375755225 ], [ 119.357188456551881, 31.355627247046336 ], [ 119.359438712160369, 31.347310878543549 ], [ 119.366338323233776, 31.34088345259957 ] ] ], [ [ [ 119.552052349431804, 31.34422118558814 ], [ 119.555345414397095, 31.34621933391028 ], [ 119.556786586294876, 31.349325637292594 ], [ 119.559603322339072, 31.350098085064346 ], [ 119.564011490181215, 31.346535945254463 ], [ 119.570018668204114, 31.345755600558618 ], [ 119.573273167339138, 31.347281448859178 ], [ 119.575358882100915, 31.350379658004513 ], [ 119.574753676329138, 31.358531276135849 ], [ 119.579433930406736, 31.357612677878318 ], [ 119.588216241481589, 31.358531265286551 ], [ 119.588509089659809, 31.354215491549944 ], [ 119.592713774831907, 31.346917124323717 ], [ 119.589407438194371, 31.342911919654281 ], [ 119.589259828495372, 31.33853330971025 ], [ 119.595402669734867, 31.330913436029761 ], [ 119.593751447027685, 31.323953748683003 ], [ 119.600792470770614, 31.317873572314472 ], [ 119.599004870529569, 31.316342153279308 ], [ 119.594267312951587, 31.319147591517559 ], [ 119.588049750508631, 31.319276956476585 ], [ 119.583730621990725, 31.31710420290959 ], [ 119.581927632789885, 31.313272191403843 ], [ 119.580142783682021, 31.313272231955459 ], [ 119.574032204264995, 31.321933836701501 ], [ 119.569668789432882, 31.323356191667038 ], [ 119.563972593459013, 31.322863979178848 ], [ 119.56120133939443, 31.327113355319554 ], [ 119.552857987189768, 31.330108516007815 ], [ 119.54677248232224, 31.328615010392472 ], [ 119.537743942446625, 31.330020160278437 ], [ 119.531622832771419, 31.324783505680898 ], [ 119.529837127771316, 31.324783509144197 ], [ 119.52893941953603, 31.329378402177554 ], [ 119.536210183214422, 31.333317079812147 ], [ 119.542121185555985, 31.339638491903955 ], [ 119.54151576056681, 31.344722520101531 ], [ 119.552052349431804, 31.34422118558814 ] ] ], [ [ [ 119.472267318331447, 31.394358647680413 ], [ 119.474351333233287, 31.389785941155885 ], [ 119.478457333424643, 31.387810493599122 ], [ 119.48850324494434, 31.386909539348963 ], [ 119.480034742868781, 31.377188427556508 ], [ 119.477723995636822, 31.371581534423267 ], [ 119.466056674984316, 31.372092918660947 ], [ 119.464029894358518, 31.37563462158651 ], [ 119.45887090515987, 31.379248388582383 ], [ 119.456175959307444, 31.386150480079092 ], [ 119.457679706257792, 31.394300545738542 ], [ 119.451678275225149, 31.399071518280945 ], [ 119.469641692198678, 31.404545634550175 ], [ 119.473231734382267, 31.400714795663486 ], [ 119.472267318331447, 31.394358647680413 ] ] ], [ [ [ 119.724985352406193, 31.436542450384508 ], [ 119.725664436881587, 31.432915399011172 ], [ 119.72835332579703, 31.435209668903685 ], [ 119.739800994350816, 31.433175856706775 ], [ 119.743630742563965, 31.434448363929203 ], [ 119.744390029091093, 31.437461106620695 ], [ 119.743973150215226, 31.441492461502332 ], [ 119.745427373132188, 31.442112812466767 ], [ 119.742738534941608, 31.44288177434202 ], [ 119.743636637666512, 31.449771369573437 ], [ 119.749260379620992, 31.445437787878063 ], [ 119.75368644101296, 31.445307905360018 ], [ 119.758899904887883, 31.447472128543364 ], [ 119.771472408709982, 31.442110260990255 ], [ 119.770572884835346, 31.43981708707188 ], [ 119.764865418513821, 31.437259863361611 ], [ 119.756202684480385, 31.428321679032216 ], [ 119.752117115563649, 31.427712343841126 ], [ 119.751715580121029, 31.429082877049677 ], [ 119.748122406097309, 31.424489954949344 ], [ 119.743630742563965, 31.426783288673022 ], [ 119.744525161138441, 31.42525684860383 ], [ 119.738240850859256, 31.425250198422034 ], [ 119.734647589722783, 31.426783288673022 ], [ 119.735541027042743, 31.422954051234328 ], [ 119.733747182492834, 31.421423597373284 ], [ 119.73105432858631, 31.422950516045692 ], [ 119.733732305997947, 31.421427016394961 ], [ 119.73028322632176, 31.421417363137156 ], [ 119.728400291061917, 31.424869996815655 ], [ 119.724937536380608, 31.426654357880413 ], [ 119.72051108984499, 31.426522816709351 ], [ 119.716677240925236, 31.423722426632235 ], [ 119.715035199791402, 31.423974012197146 ], [ 119.715782968756287, 31.425250198422034 ], [ 119.712189707619771, 31.425250198422034 ], [ 119.709511029682645, 31.423647670412326 ], [ 119.708596446483313, 31.425250198422034 ], [ 119.701413967325479, 31.417589714385755 ], [ 119.696515933363742, 31.421419715975389 ], [ 119.696918347789804, 31.429849393977083 ], [ 119.694681574798437, 31.432911075541011 ], [ 119.702308239494471, 31.4352148369919 ], [ 119.700511608926249, 31.4352148369919 ], [ 119.700517565855961, 31.43827540524256 ], [ 119.713660493556475, 31.436789257089664 ], [ 119.720271656468029, 31.439808149196725 ], [ 119.724985352406193, 31.436542450384508 ] ] ], [ [ [ 119.901687257049218, 31.449961814382039 ], [ 119.905331141059619, 31.457435844954269 ], [ 119.908016481615945, 31.458198890700995 ], [ 119.908015432318564, 31.449775897946388 ], [ 119.904715807994265, 31.444894688405835 ], [ 119.904423070759606, 31.441348947274452 ], [ 119.896235617596005, 31.434295756933075 ], [ 119.892139445035198, 31.427266494959294 ], [ 119.891846807513943, 31.416056390650052 ], [ 119.887364076731984, 31.416056523749116 ], [ 119.883699198534615, 31.419915163120013 ], [ 119.874790730975164, 31.423722343604524 ], [ 119.878338201006386, 31.430228715008642 ], [ 119.874790781418881, 31.435210482732511 ], [ 119.890243138403591, 31.438825228697556 ], [ 119.901687257049218, 31.449961814382039 ] ] ], [ [ [ 119.487788260201228, 31.453080998550753 ], [ 119.488515158803779, 31.458200851614261 ], [ 119.496268580248667, 31.455948747324722 ], [ 119.50776583019362, 31.461032091595968 ], [ 119.509176504358152, 31.466631263135572 ], [ 119.512477158185717, 31.46998391041765 ], [ 119.512477167060695, 31.473246127674106 ], [ 119.507382396674046, 31.477841589745722 ], [ 119.492108570672229, 31.481960391225233 ], [ 119.497497777543046, 31.488847084462385 ], [ 119.499284513222207, 31.488847043186816 ], [ 119.511692604333774, 31.47825638317833 ], [ 119.515693156117749, 31.478560258090965 ], [ 119.519055964649226, 31.481186401348481 ], [ 119.528032876869133, 31.481952411783983 ], [ 119.53210649370638, 31.480253642995784 ], [ 119.528931192153223, 31.478132749675282 ], [ 119.518388260144903, 31.475533307794233 ], [ 119.515597587102363, 31.472050013934172 ], [ 119.517212969735638, 31.467016451493727 ], [ 119.523355722721362, 31.461816206534021 ], [ 119.527130802161452, 31.460499668858223 ], [ 119.523538075126908, 31.453613595282413 ], [ 119.514560345113495, 31.45437462631385 ], [ 119.511865399261126, 31.452841987340509 ], [ 119.513106622462402, 31.452841987340509 ], [ 119.511860469137176, 31.450548288412278 ], [ 119.504098453124072, 31.44894690502657 ], [ 119.501978508308056, 31.445183701229965 ], [ 119.495368912820169, 31.447436205968952 ], [ 119.49096975183663, 31.447044488762376 ], [ 119.487862449272143, 31.444843173659692 ], [ 119.485941469041265, 31.439813543710709 ], [ 119.480428836378238, 31.44211813840645 ], [ 119.478136872177586, 31.444692012956885 ], [ 119.468752222553135, 31.448249181834868 ], [ 119.474130836617803, 31.455071670489492 ], [ 119.475034472612265, 31.452075658457424 ], [ 119.483293604862837, 31.449906121960545 ], [ 119.487788260201228, 31.453080998550753 ] ] ], [ [ [ 119.163321058288616, 31.549343178164154 ], [ 119.201046249405977, 31.550109499047089 ], [ 119.200149995671666, 31.547818154791155 ], [ 119.19296347339872, 31.54705260395691 ], [ 119.195658419251075, 31.545521483441828 ], [ 119.203743256808124, 31.54705260395691 ], [ 119.203743256808124, 31.549349237630853 ], [ 119.213623107887329, 31.550109261855813 ], [ 119.22081298307782, 31.548575292775055 ], [ 119.221709562490517, 31.544755913760937 ], [ 119.224404508342914, 31.543990337809873 ], [ 119.224404508342914, 31.54705260395691 ], [ 119.227990461110977, 31.54704734501324 ], [ 119.22505430615719, 31.537006476940959 ], [ 119.225589195782916, 31.533557329952171 ], [ 119.228230521558331, 31.530505492203901 ], [ 119.235178334822592, 31.528672233812564 ], [ 119.234281054206448, 31.524853921761231 ], [ 119.227802884642657, 31.527160067043333 ], [ 119.222563603432974, 31.525230994187297 ], [ 119.219008718976028, 31.518114174650297 ], [ 119.215040216275113, 31.515175917922893 ], [ 119.204703198031297, 31.496606954436576 ], [ 119.199245930117044, 31.49115570967933 ], [ 119.194521637458124, 31.493954875447155 ], [ 119.18969491667589, 31.494172899555558 ], [ 119.184046971718772, 31.491945819425354 ], [ 119.179738867994772, 31.487748951558586 ], [ 119.178424596745842, 31.483648337167541 ], [ 119.179994587966519, 31.477122946270946 ], [ 119.190268527546323, 31.470578216623835 ], [ 119.180959577846878, 31.468678297105839 ], [ 119.178729386619807, 31.461985198637862 ], [ 119.180704591160847, 31.459036073876145 ], [ 119.186669158748131, 31.455904688352351 ], [ 119.186961873798069, 31.45235953350338 ], [ 119.191160812953868, 31.448239969749288 ], [ 119.192058633421652, 31.444032854836433 ], [ 119.183981960994473, 31.44058671986754 ], [ 119.175895483000446, 31.443645626952971 ], [ 119.176602925519958, 31.442740273478165 ], [ 119.168922722810066, 31.439241523262336 ], [ 119.166906907331466, 31.435220121294851 ], [ 119.163277826692749, 31.438006073556643 ], [ 119.158573219796779, 31.439114780351037 ], [ 119.150748611974819, 31.435220098120929 ], [ 119.149844339761017, 31.527033616116562 ], [ 119.1534426183986, 31.542457237032668 ], [ 119.156136206959815, 31.545517836620849 ], [ 119.163321058288616, 31.549343178164154 ] ] ], [ [ [ 119.541420956765336, 31.506149466907729 ], [ 119.538782459996, 31.509554431508274 ], [ 119.534323281364124, 31.511177075647474 ], [ 119.534329332313533, 31.513358577486553 ], [ 119.53882051834043, 31.517951740987566 ], [ 119.548460527725325, 31.516685720820163 ], [ 119.564993214043795, 31.525614631198113 ], [ 119.565764316308332, 31.522551661867798 ], [ 119.568453839332889, 31.524843609016141 ], [ 119.571642837248319, 31.519975871218985 ], [ 119.579234115446141, 31.518717498633738 ], [ 119.581028745491366, 31.515659188443067 ], [ 119.578340730285987, 31.512596317923606 ], [ 119.581028702665222, 31.51183083576332 ], [ 119.577442415001883, 31.50800118605946 ], [ 119.578340730285987, 31.50646942523424 ], [ 119.581028398723404, 31.50646942523424 ], [ 119.581933991422488, 31.504284172033415 ], [ 119.580137360854238, 31.504171736920185 ], [ 119.579233088640393, 31.497283597710187 ], [ 119.571857638460457, 31.500356115820885 ], [ 119.563303279133876, 31.497748281140602 ], [ 119.559470364322934, 31.492687721807503 ], [ 119.554618797184432, 31.49042058571349 ], [ 119.549588119901685, 31.481963077889407 ], [ 119.537753116962321, 31.481641284350623 ], [ 119.539673494194261, 31.485411449255839 ], [ 119.536125941808976, 31.493444492688599 ], [ 119.541509803637098, 31.498044292009428 ], [ 119.541420956765336, 31.506149466907729 ] ] ] ] } },
{ "type": "Feature", "properties": { "id": "3", "boundary_type": "project_defined_overview_local_rebuild", "delivery_crs": "EPSG:4326", "derivation_method": "repaired_core; remove_components_under_3km2; fill_holes_under_3km2; 500m_vector_closing; clip_to_GEE_outline_and_Jiangsu; simplify_100m", "elevation_threshold_m": 30, "executable_dispatch_area": false, "generated_at_utc": "2026-09-21T14:55:18.824Z", "layer_role": "planning_region_outline_local_rebuild", "minimum_patch_area_km2": 0.5, "morphology_radius_m": 800, "official_boundary": false, "planning_display_only": true, "qa_status": "PASS", "region_id": "planning_taihu_hills", "region_level": "planning_display_region", "region_name_zh": "环太湖丘陵", "seed_bbox_wgs84": "119.85,30.75,121.2,31.85", "slope_threshold_deg": 5, "source_basis": "江苏省国土空间规划太湖丘陵生态绿心、太湖流域太湖丘陵区及太湖风景名胜区山体景区；排除宜溧山地以避免重复", "source_dem": "USGS/SRTMGL1_003", "source_landcover": "ESA/WorldCover/v200", "source_landcover_year": 2021, "source_url": "https://www.jiangsu.gov.cn/attach/0/786d533807a04e9a90babc20b27fcf90.pdf", "tree_proximity_m": 1000, "verification_status": "unverified", "working_resolution_m": 100, "local_minimum_component_area_km2": 3, "local_maximum_filled_hole_area_km2": 3, "local_closing_radius_m": 500, "local_simplify_tolerance_m": 100, "area_km2": 1653.0019932955333, "centroid_lon": 120.36919462562047, "centroid_lat": 31.554205313152078, "qa_checked_at_utc": "2026-09-21T14:55:27.741993+00:00" }, "geometry": { "type": "MultiPolygon", "coordinates": [ [ [ [ 120.371026123247646, 31.086096016070115 ], [ 120.388625588623086, 31.114278625171387 ], [ 120.397600998937179, 31.114278573209489 ], [ 120.411078998664792, 31.098243796053154 ], [ 120.403789559555889, 31.094912077278707 ], [ 120.392354445335201, 31.076657135479348 ], [ 120.393400407947865, 31.068403051100049 ], [ 120.398496533737713, 31.062737893699396 ], [ 120.39670082277118, 31.054387544832746 ], [ 120.39310377730061, 31.049611322383406 ], [ 120.394558466701824, 31.045754424013886 ], [ 120.399137063936536, 31.042735398342316 ], [ 120.393112692982385, 31.041193028085168 ], [ 120.396303275235184, 31.04041196710887 ], [ 120.395801531173049, 31.038116824491865 ], [ 120.393115581691262, 31.037349954067079 ], [ 120.388840527480724, 31.0407640259041 ], [ 120.384369463323608, 31.040931888088377 ], [ 120.380120381333526, 31.03748324667578 ], [ 120.379632013882429, 31.032454465155709 ], [ 120.376949047744873, 31.033499913711267 ], [ 120.375497192931803, 31.043558599653466 ], [ 120.369191938626699, 31.045769762971887 ], [ 120.364914113542838, 31.043558599653455 ], [ 120.362564200832523, 31.038124175555271 ], [ 120.361671658038219, 31.039653668330114 ], [ 120.359875027469982, 31.038114283691758 ], [ 120.362533739485457, 31.038114283691758 ], [ 120.358195652813635, 31.036615062770277 ], [ 120.358078396901732, 31.038114283691758 ], [ 120.35628940756915, 31.036581421360236 ], [ 120.350659045276345, 31.036140244064693 ], [ 120.346394875380355, 31.031192007018248 ], [ 120.344609624569642, 31.031191983941273 ], [ 120.345501982924048, 31.031956496250938 ], [ 120.342052064768581, 31.035397158126379 ], [ 120.326644296791684, 31.039658762341336 ], [ 120.32933801690271, 31.052730086624475 ], [ 120.333823884230483, 31.05119825972605 ], [ 120.337424528332249, 31.055812701598246 ], [ 120.343706251833638, 31.058888074048205 ], [ 120.352883390033682, 31.055801783767723 ], [ 120.359652748802759, 31.058670167180289 ], [ 120.361630769551752, 31.064677202620306 ], [ 120.35449124339705, 31.077363360293642 ], [ 120.354491092694971, 31.08274108855802 ], [ 120.358976712185822, 31.082746330460484 ], [ 120.358979600894699, 31.084279618388095 ], [ 120.365434000802551, 31.083645228393628 ], [ 120.371026123247646, 31.086096016070115 ] ] ], [ [ [ 120.300586218718095, 31.150423908393016 ], [ 120.302382849286346, 31.150423908393016 ], [ 120.313162632695736, 31.155805279705618 ], [ 120.312271601453446, 31.159643700327191 ], [ 120.325735614189355, 31.162717735452453 ], [ 120.328427941576408, 31.160414079828989 ], [ 120.331128938378129, 31.148117512870662 ], [ 120.332925568946379, 31.148886317609396 ], [ 120.335620514798734, 31.145811061239453 ], [ 120.336132984464356, 31.148881131231906 ], [ 120.340109893713162, 31.148880909494057 ], [ 120.34459625975137, 31.145042231554427 ], [ 120.338315460651089, 31.145042231554427 ], [ 120.335620514798734, 31.141197989641785 ], [ 120.336518830082838, 31.137353591871445 ], [ 120.339213775935235, 31.140429122550977 ], [ 120.344595607530465, 31.139661399012702 ], [ 120.346394140399795, 31.135045233785103 ], [ 120.345898985069326, 31.131720621753082 ], [ 120.341908721787576, 31.132740108836366 ], [ 120.343705352355812, 31.129664328820478 ], [ 120.345688308066528, 31.130230128991947 ], [ 120.346394218347484, 31.12659449168234 ], [ 120.336524787012578, 31.127362672681468 ], [ 120.336231294312299, 31.130925558729977 ], [ 120.334000651573106, 31.133739383959544 ], [ 120.31586211583074, 31.139664657045785 ], [ 120.317663399117421, 31.144989528338723 ], [ 120.314883133476187, 31.149691990785978 ], [ 120.309002679588687, 31.151151418313898 ], [ 120.304440947062446, 31.148565775122457 ], [ 120.303321827394512, 31.144649181399899 ], [ 120.306288137930181, 31.139755616696124 ], [ 120.301772063134024, 31.133232314186898 ], [ 120.301772080836727, 31.126865009721104 ], [ 120.308999928754005, 31.119720628145306 ], [ 120.314055322462067, 31.117356147538974 ], [ 120.317306744910923, 31.112229881533811 ], [ 120.322126737069411, 31.110433909910199 ], [ 120.316883104617389, 31.108131095463275 ], [ 120.312914050173262, 31.110949464927806 ], [ 120.308910343393052, 31.110946528552265 ], [ 120.299052541560769, 31.103966994354458 ], [ 120.297884206868417, 31.095054283236529 ], [ 120.293280946874049, 31.082261397983448 ], [ 120.294291853920868, 31.076593074788157 ], [ 120.291603065876927, 31.071974995162179 ], [ 120.291602182342316, 31.062749262168932 ], [ 120.288908120024502, 31.065049920919812 ], [ 120.265557879567126, 31.069671934314098 ], [ 120.265557952514058, 31.073509897178418 ], [ 120.269497039422134, 31.075766866597913 ], [ 120.277988304369828, 31.089604814620532 ], [ 120.27784069021979, 31.092471377133748 ], [ 120.274205460005689, 31.098079216113309 ], [ 120.268579535125554, 31.099629011817065 ], [ 120.259263715648558, 31.0958241680908 ], [ 120.256559739103821, 31.089620296452477 ], [ 120.258359292702735, 31.082748872429477 ], [ 120.254594208572527, 31.082129361472429 ], [ 120.252975508659759, 31.083515664845912 ], [ 120.249377775462008, 31.078904870982438 ], [ 120.243099997464157, 31.077366056983752 ], [ 120.243998497436934, 31.084283059251113 ], [ 120.247585616955035, 31.089670115773082 ], [ 120.244890671102667, 31.092747191761479 ], [ 120.235013246161785, 31.092752517266131 ], [ 120.235009202977338, 31.098901044761039 ], [ 120.228725793333865, 31.100445199523005 ], [ 120.226924365420288, 31.10582365284948 ], [ 120.212553099378184, 31.106599006640398 ], [ 120.206016400418122, 31.11476350958549 ], [ 120.199079846607532, 31.116596511852187 ], [ 120.196381645760226, 31.119667355077613 ], [ 120.191895776102029, 31.11813661026898 ], [ 120.190998582435981, 31.124277607228478 ], [ 120.197280995462918, 31.126583657167384 ], [ 120.207896295135171, 31.12440965555966 ], [ 120.216141693302006, 31.125045094927483 ], [ 120.221729358552224, 31.122729529134425 ], [ 120.226469944244172, 31.124005287044852 ], [ 120.230522557748742, 31.12789649381066 ], [ 120.243019023254519, 31.132703813103664 ], [ 120.250286752055345, 31.141192754623596 ], [ 120.25477213922801, 31.141197989641785 ], [ 120.265729125634309, 31.14558105341553 ], [ 120.268107006617655, 31.148823079813926 ], [ 120.268253281422787, 31.153113235917132 ], [ 120.272743007173119, 31.158874074583178 ], [ 120.27902665189923, 31.158111488153828 ], [ 120.279926716829252, 31.159642974529142 ], [ 120.297887464143187, 31.155031898010797 ], [ 120.301484534002171, 31.151961474230426 ], [ 120.300586218718095, 31.150423908393016 ] ] ], [ [ [ 120.382010404178246, 31.353418923729272 ], [ 120.387527916441087, 31.351618439510293 ], [ 120.39400558543872, 31.353928552365144 ], [ 120.396699924242256, 31.348567688538015 ], [ 120.392695909743864, 31.344860878862054 ], [ 120.392208270036548, 31.339359709605013 ], [ 120.381673947794368, 31.335227582898558 ], [ 120.377834354603735, 31.329387558560406 ], [ 120.375150859361298, 31.329387667193259 ], [ 120.37791365618483, 31.352623924443758 ], [ 120.375790237997819, 31.358205596204183 ], [ 120.37155908309326, 31.361599599960098 ], [ 120.379510750701073, 31.363906042455998 ], [ 120.379777225319657, 31.356946369212523 ], [ 120.382010404178246, 31.353418923729272 ] ] ], [ [ [ 120.129002373933417, 31.448239841949601 ], [ 120.130797596057064, 31.439818696071011 ], [ 120.128109684167143, 31.439813543710709 ], [ 120.124516423030613, 31.4352148369919 ], [ 120.128103576505396, 31.431379857839964 ], [ 120.128152546635761, 31.418637888731112 ], [ 120.132593847028886, 31.406086439045811 ], [ 120.129001541834356, 31.401499385162147 ], [ 120.126313053598921, 31.404551027075808 ], [ 120.121821477178301, 31.404551027075808 ], [ 120.121821477178301, 31.403028649638575 ], [ 120.120024846610079, 31.406084455650316 ], [ 120.107451676787647, 31.4102185444222 ], [ 120.104272169810969, 31.419249333373752 ], [ 120.100021556204354, 31.422691231952342 ], [ 120.096006910651369, 31.422690036934039 ], [ 120.088397526331676, 31.418573437197296 ], [ 120.086175579674617, 31.415768060931015 ], [ 120.08498452065281, 31.40992186610379 ], [ 120.078702343540556, 31.403784303392126 ], [ 120.076146543993133, 31.396171241168542 ], [ 120.075102957465589, 31.382315736988691 ], [ 120.073312451835889, 31.382313497533112 ], [ 120.07420413083041, 31.376179709318126 ], [ 120.072414136551714, 31.375411124463565 ], [ 120.074200599443188, 31.369290662336251 ], [ 120.068820875415284, 31.3738771949076 ], [ 120.061640310072008, 31.374649420617054 ], [ 120.060736037858192, 31.382313497533112 ], [ 120.058945457142258, 31.382316503159117 ], [ 120.059842825416283, 31.394581899076854 ], [ 120.065248715194002, 31.403255753928239 ], [ 120.059844836772086, 31.412216849705491 ], [ 120.064333500836852, 31.421413280343053 ], [ 120.069719190699388, 31.422950516045692 ], [ 120.069725280366654, 31.430613029978197 ], [ 120.083193919961161, 31.439813543710709 ], [ 120.0852402552391, 31.446616409047479 ], [ 120.08140331926954, 31.452838036911103 ], [ 120.086500587020311, 31.456957516799378 ], [ 120.085077019640821, 31.4626724102962 ], [ 120.096673093352067, 31.466629506648918 ], [ 120.098459172129481, 31.465866067029136 ], [ 120.091759954700962, 31.460635921886663 ], [ 120.090080941626979, 31.450001216235748 ], [ 120.091565391527396, 31.443162889893163 ], [ 120.094209487690918, 31.440108591480044 ], [ 120.098270394954554, 31.439033132334423 ], [ 120.102245596829079, 31.440358136061924 ], [ 120.109251685941274, 31.449771401149437 ], [ 120.117659750668963, 31.448126932832203 ], [ 120.124511950969321, 31.452070331962737 ], [ 120.126313053598921, 31.449010280222822 ], [ 120.129002373933417, 31.448239841949601 ] ] ], [ [ [ 120.249232117262721, 31.472417963656351 ], [ 120.251496101527621, 31.468231213529595 ], [ 120.262850869123326, 31.465866067029168 ], [ 120.262856976785073, 31.456019618461472 ], [ 120.255045747758373, 31.449653263477785 ], [ 120.253592043321191, 31.442115231826918 ], [ 120.247724650148342, 31.435267977776828 ], [ 120.248477790620811, 31.42985133469405 ], [ 120.245784376744638, 31.42578560559895 ], [ 120.242195783149313, 31.424136551401695 ], [ 120.235842679366456, 31.42601945274675 ], [ 120.229294818087354, 31.42346307596215 ], [ 120.225414446495435, 31.416534667058812 ], [ 120.225073547260649, 31.412218738227093 ], [ 120.218838244352341, 31.403792319739672 ], [ 120.213458558498345, 31.408384551585822 ], [ 120.215246266726723, 31.409917917447203 ], [ 120.21435476590618, 31.415282917008195 ], [ 120.217042897294974, 31.416051130575109 ], [ 120.217042897294974, 31.419117586770074 ], [ 120.212562177348374, 31.422183167397591 ], [ 120.217042897294974, 31.425250198422034 ], [ 120.215246266726723, 31.425250198422034 ], [ 120.215246266726723, 31.4313824090301 ], [ 120.208966068017119, 31.432920608662481 ], [ 120.21165300559025, 31.440579972899666 ], [ 120.204484968858807, 31.443756017810543 ], [ 120.205370805974894, 31.449005925334912 ], [ 120.208958059737895, 31.449776634186836 ], [ 120.213454013955655, 31.458201368992942 ], [ 120.217042897294974, 31.458972392730125 ], [ 120.219737843147314, 31.462803692327046 ], [ 120.22602605013617, 31.476595072819372 ], [ 120.223342450170051, 31.479654642167112 ], [ 120.226924365420288, 31.480425651221786 ], [ 120.232314257124983, 31.488086337596972 ], [ 120.230524443450733, 31.490386005618095 ], [ 120.232314257124983, 31.501108064667143 ], [ 120.226930473082021, 31.50647197843162 ], [ 120.226924365420288, 31.515659613656752 ], [ 120.224235160866456, 31.515663004636611 ], [ 120.2229102297987, 31.518317970304096 ], [ 120.210760636883663, 31.527916860903051 ], [ 120.214347951442647, 31.530974585856843 ], [ 120.21614458201087, 31.530208896879678 ], [ 120.21614458201087, 31.531740268554742 ], [ 120.218839527863224, 31.53327161511292 ], [ 120.226021340066879, 31.53020539936848 ], [ 120.228720995988539, 31.521785903837177 ], [ 120.230510809679771, 31.522548756373858 ], [ 120.239495896824891, 31.515655297758229 ], [ 120.24251158671423, 31.508832277402281 ], [ 120.249379358814394, 31.506464026952159 ], [ 120.255670454512114, 31.49881024458816 ], [ 120.25925829282356, 31.502634625317331 ], [ 120.261272384494035, 31.498617978265457 ], [ 120.270037542128293, 31.493443180460737 ], [ 120.270037391396272, 31.491918998341511 ], [ 120.266550668429772, 31.483404330037647 ], [ 120.26465360735331, 31.485022138320325 ], [ 120.266450237921561, 31.481304156116881 ], [ 120.264648184525512, 31.477366487680715 ], [ 120.256763654632806, 31.48058259754572 ], [ 120.251888878566362, 31.479114205482052 ], [ 120.249668786132517, 31.476310633908067 ], [ 120.249232117262721, 31.472417963656351 ] ] ], [ [ [ 120.419580668864882, 31.457047491190799 ], [ 120.423650993525669, 31.453604406270504 ], [ 120.42454741042863, 31.451314077573048 ], [ 120.415658903760999, 31.450568210036508 ], [ 120.408390009742149, 31.448249181834875 ], [ 120.410140917973436, 31.453986488750616 ], [ 120.408426040039899, 31.457058527092965 ], [ 120.404796821552623, 31.458976343413227 ], [ 120.40576112986021, 31.463028323633669 ], [ 120.40425741554219, 31.466672093627647 ], [ 120.400471746300283, 31.4688044094842 ], [ 120.394913795611913, 31.468938773046876 ], [ 120.390178712187577, 31.472504861050989 ], [ 120.385033812355033, 31.472769600804327 ], [ 120.386834628896338, 31.477431225592497 ], [ 120.385675815575155, 31.480854706700541 ], [ 120.381607511025123, 31.483360928496268 ], [ 120.376050659513837, 31.482729186747264 ], [ 120.375758195040831, 31.487035615361716 ], [ 120.372411723956901, 31.490875353905174 ], [ 120.368154749863677, 31.491930429202107 ], [ 120.362565624138398, 31.489623733515948 ], [ 120.356106915094301, 31.490254943312394 ], [ 120.348202351604229, 31.486559537647935 ], [ 120.343711309285553, 31.496507103533897 ], [ 120.348240303553183, 31.498426983771559 ], [ 120.350567485062371, 31.503162296881296 ], [ 120.352645130420271, 31.498426983771569 ], [ 120.361498457070581, 31.493577543338407 ], [ 120.366338139086537, 31.493577920738606 ], [ 120.370083088133796, 31.495236223957178 ], [ 120.372457916565423, 31.498805002452531 ], [ 120.375143132305041, 31.498804862642906 ], [ 120.379637963720597, 31.493448444798812 ], [ 120.381429469549815, 31.493444728023903 ], [ 120.392208270036548, 31.483487448464874 ], [ 120.394223643331131, 31.477934295440161 ], [ 120.403886981182183, 31.473525641906512 ], [ 120.404790791675993, 31.469699636558346 ], [ 120.408378702394671, 31.468164089862551 ], [ 120.413193083902698, 31.461334943425801 ], [ 120.418260638364657, 31.458968079395213 ], [ 120.418265520937737, 31.456673537738087 ], [ 120.419580668864882, 31.457047491190799 ] ] ], [ [ [ 120.090020651064975, 31.482220745667224 ], [ 120.097560934630451, 31.478889487171386 ], [ 120.091278757518225, 31.478127322992833 ], [ 120.092173434094931, 31.475834302316212 ], [ 120.085714217657227, 31.475699456461335 ], [ 120.081923134459686, 31.474023540093913 ], [ 120.078742064574698, 31.469310887071678 ], [ 120.080412468070747, 31.464467444420496 ], [ 120.076242462676746, 31.463274512636939 ], [ 120.073306595223542, 31.460510198341581 ], [ 120.063437054527213, 31.466638049912262 ], [ 120.062532668426385, 31.473530497193533 ], [ 120.059520756079351, 31.476530845656001 ], [ 120.044615780286719, 31.482727412476496 ], [ 120.049956254448716, 31.483490001047112 ], [ 120.049064190542353, 31.519483186567779 ], [ 120.059329142880145, 31.521889254418415 ], [ 120.06314458935671, 31.525900172284778 ], [ 120.062538625356154, 31.530969319445674 ], [ 120.069713160822758, 31.527142124698234 ], [ 120.064900203779786, 31.524592335440332 ], [ 120.062819076098933, 31.521500440691629 ], [ 120.063714280683584, 31.513467795907005 ], [ 120.069136813987299, 31.506534574481122 ], [ 120.076001550915635, 31.503403066167696 ], [ 120.080492832490435, 31.49651042596895 ], [ 120.079590473760049, 31.491987239192547 ], [ 120.081354248690388, 31.488468688261943 ], [ 120.087679539452012, 31.48654898654598 ], [ 120.090020651064975, 31.482220745667224 ] ] ], [ [ [ 120.107734616056305, 31.598617814451305 ], [ 120.11037394505324, 31.595567751371984 ], [ 120.119321416162705, 31.593725711082765 ], [ 120.126310164890057, 31.595264635321225 ], [ 120.128103576505424, 31.592977091350235 ], [ 120.111939446488904, 31.583032168173528 ], [ 120.106314108324241, 31.586592999393069 ], [ 120.101159759962357, 31.586339231506969 ], [ 120.09038651305076, 31.589916996324096 ], [ 120.091284865179986, 31.595267483062017 ], [ 120.097744762087743, 31.599335635175894 ], [ 120.099369017903101, 31.603681104682632 ], [ 120.107442475702683, 31.603681127897559 ], [ 120.107734616056305, 31.598617814451305 ] ] ], [ [ [ 120.096910891398679, 31.846336958266942 ], [ 120.101163258975319, 31.849568243625889 ], [ 120.107445543923561, 31.848187161785198 ], [ 120.108340004203484, 31.844372551763708 ], [ 120.103855171495908, 31.841324665448344 ], [ 120.100261910359421, 31.84361402697267 ], [ 120.100261910359421, 31.839798392871394 ], [ 120.102956856211804, 31.839798392871394 ], [ 120.103855171495908, 31.838272095042708 ], [ 120.108346747916499, 31.841324665448344 ], [ 120.108346747916499, 31.844311817904721 ], [ 120.110986842819145, 31.839429702383509 ], [ 120.115728155025721, 31.837494901894782 ], [ 120.119802465498921, 31.838574007759149 ], [ 120.122239703924365, 31.841200678945551 ], [ 120.120928850483338, 31.847997880823492 ], [ 120.125414673301592, 31.848950015931074 ], [ 120.133494870357751, 31.847077860947596 ], [ 120.137331176381622, 31.83939024256383 ], [ 120.140444163359859, 31.837179342950911 ], [ 120.145039728911343, 31.836504829765328 ], [ 120.152358239908651, 31.838266811508003 ], [ 120.151394873412215, 31.834230714378865 ], [ 120.15284433209365, 31.825173260472877 ], [ 120.156614350742359, 31.821914631104875 ], [ 120.160733011127334, 31.821506131055937 ], [ 120.164408909513455, 31.823270792664534 ], [ 120.170943307876612, 31.830169492973983 ], [ 120.170748709244194, 31.835343513719192 ], [ 120.167065425108518, 31.839871639466697 ], [ 120.167635556668387, 31.841324665448351 ], [ 120.164940610816032, 31.841974955402844 ], [ 120.171233036913918, 31.850476422194635 ], [ 120.198175387619614, 31.848950231752021 ], [ 120.200541498223998, 31.838264349110013 ], [ 120.206907156364167, 31.835151468335429 ], [ 120.213453679151698, 31.838266728681095 ], [ 120.229619311272643, 31.837508936664637 ], [ 120.236687526435958, 31.838651314258211 ], [ 120.240113620348609, 31.842380560091112 ], [ 120.240405202343837, 31.846663858248377 ], [ 120.243088083625864, 31.848187295526426 ], [ 120.243379510418578, 31.843906829868175 ], [ 120.245588449988404, 31.841114086214137 ], [ 120.255985461181325, 31.836787803954305 ], [ 120.262851553957262, 31.838266788235401 ], [ 120.264647465734967, 31.834454291006473 ], [ 120.252022625804287, 31.831009252133942 ], [ 120.249986017713752, 31.826286278385179 ], [ 120.251172848214907, 31.822248409503516 ], [ 120.245926908907876, 31.817704150830107 ], [ 120.247167474740934, 31.81219664537392 ], [ 120.250729139637912, 31.808728187870361 ], [ 120.246028407656297, 31.805860617485607 ], [ 120.245028644781399, 31.800829712079004 ], [ 120.247386548818554, 31.797604195265535 ], [ 120.252331466181062, 31.796221085957825 ], [ 120.258125695779682, 31.798932437630821 ], [ 120.259224965417488, 31.803521531096894 ], [ 120.256961783599507, 31.807600782319472 ], [ 120.26291084886563, 31.810424480279714 ], [ 120.265557433943499, 31.81536929663411 ], [ 120.275431522812013, 31.8153691379195 ], [ 120.282543495258366, 31.813082323538755 ], [ 120.287132672797725, 31.81413744503114 ], [ 120.290183105613025, 31.816116821636143 ], [ 120.291674113740783, 31.819729061096613 ], [ 120.290224610889112, 31.82465856674559 ], [ 120.287117540405703, 31.827590889016353 ], [ 120.288016161042691, 31.829873930382977 ], [ 120.293715036096344, 31.826866069666359 ], [ 120.300769678720641, 31.827717304923038 ], [ 120.304556613826165, 31.829856529036821 ], [ 120.306261521969674, 31.833932905185403 ], [ 120.308470854779856, 31.831192582372129 ], [ 120.313288377425124, 31.829587591309682 ], [ 120.308058273163851, 31.822715389833402 ], [ 120.308665026398515, 31.817668569189085 ], [ 120.304465038720451, 31.813555768472167 ], [ 120.305819131093841, 31.807993969919014 ], [ 120.313024687041761, 31.805973145408565 ], [ 120.318246723157301, 31.807815363036507 ], [ 120.320354577796508, 31.811552491398025 ], [ 120.327281404436292, 31.808436305832053 ], [ 120.334023390223507, 31.810582974503742 ], [ 120.344095457414682, 31.821230549371112 ], [ 120.345615604647193, 31.82635348724569 ], [ 120.343400298114204, 31.830564982685505 ], [ 120.337728357355061, 31.832576947191651 ], [ 120.330674301253936, 31.830904328137791 ], [ 120.325736849167271, 31.826829503304754 ], [ 120.317951273448017, 31.830785234884686 ], [ 120.327953899538286, 31.83967437805758 ], [ 120.327539720356739, 31.848187212091865 ], [ 120.333819312628123, 31.848188471726456 ], [ 120.33901323953684, 31.841114086214137 ], [ 120.346396255093026, 31.83979302585831 ], [ 120.352493620360434, 31.836731737315375 ], [ 120.356482199681579, 31.838061429409745 ], [ 120.358691233402908, 31.84085426506325 ], [ 120.357186038547312, 31.848950365459874 ], [ 120.362564016406736, 31.849713429135566 ], [ 120.36242474898647, 31.844786417612951 ], [ 120.36467129746562, 31.840637086156804 ], [ 120.369894441249173, 31.838794299045986 ], [ 120.380530322075003, 31.838266811508017 ], [ 120.384074998332849, 31.830271142919873 ], [ 120.390412324302247, 31.828345237540312 ], [ 120.392519612263598, 31.824609330111027 ], [ 120.397409384566359, 31.822993695658592 ], [ 120.402472825228344, 31.825276853705724 ], [ 120.404795406671312, 31.832162294517556 ], [ 120.406587422244186, 31.831403442393281 ], [ 120.406590396921132, 31.832924917989491 ], [ 120.411078998664792, 31.833693050073919 ], [ 120.409288589822168, 31.848920653836647 ], [ 120.43174025019951, 31.848187280030853 ], [ 120.43174025019951, 31.846666420634769 ], [ 120.439825087756631, 31.84590333168747 ], [ 120.435340149444727, 31.848951138495551 ], [ 120.447907328385156, 31.850475760678556 ], [ 120.449706555881903, 31.847429503266866 ], [ 120.450604871166078, 31.848955649594643 ], [ 120.463954716152728, 31.848955649594643 ], [ 120.469215219327168, 31.847361539133892 ], [ 120.477550286827025, 31.848950283228458 ], [ 120.483388199914955, 31.844876009828489 ], [ 120.489037543546587, 31.843456478151634 ], [ 120.495298460360502, 31.844679153629539 ], [ 120.500913124048537, 31.849712703637518 ], [ 120.51348694105441, 31.848192579583866 ], [ 120.526954707497296, 31.849712734250257 ], [ 120.525165039747947, 31.84361402697267 ], [ 120.52965661616858, 31.84285091277372 ], [ 120.530551827844675, 31.844371861837622 ], [ 120.53504082294495, 31.842847172980932 ], [ 120.537686680063771, 31.837140147715644 ], [ 120.542227073216537, 31.835214140285164 ], [ 120.541815077863319, 31.831110643013481 ], [ 120.544525457727175, 31.824314383285945 ], [ 120.553427024860923, 31.818423280379182 ], [ 120.554049069155681, 31.812281378394584 ], [ 120.556600117762471, 31.807746119207614 ], [ 120.550798067463546, 31.804048390531811 ], [ 120.551455887572317, 31.798932437630725 ], [ 120.55808634116822, 31.796330967994219 ], [ 120.564686440187913, 31.800101099547035 ], [ 120.568278065723959, 31.79475943509258 ], [ 120.562281598658245, 31.788362125229099 ], [ 120.56341708564517, 31.78175861155821 ], [ 120.566717363671856, 31.77975115603801 ], [ 120.571054410270108, 31.779488176365319 ], [ 120.577264437518039, 31.782539536879288 ], [ 120.582277574737915, 31.780249232055478 ], [ 120.586243577335722, 31.774099147968954 ], [ 120.587434504443408, 31.761452148709175 ], [ 120.592538686056912, 31.756691105067585 ], [ 120.589843740204586, 31.756578370407173 ], [ 120.586388592841772, 31.752037172025997 ], [ 120.586536226957207, 31.748466471398693 ], [ 120.589843740204586, 31.743705066771341 ], [ 120.585660205347196, 31.741991986706768 ], [ 120.58369368478526, 31.739050970158058 ], [ 120.586133218006083, 31.730005005801349 ], [ 120.592300464075208, 31.726453024630487 ], [ 120.596312001770528, 31.72614983745866 ], [ 120.599776299428171, 31.727938867134508 ], [ 120.601939745403683, 31.731242522823287 ], [ 120.602426111111967, 31.737475369990765 ], [ 120.610186579424365, 31.735230495020637 ], [ 120.619490053975639, 31.7412933755067 ], [ 120.622557338293888, 31.73977224922465 ], [ 120.619968540020409, 31.736842570671289 ], [ 120.619626313935143, 31.733618027786012 ], [ 120.625770243907624, 31.728314901364978 ], [ 120.613777296577382, 31.72120401406066 ], [ 120.609849084555648, 31.717265925082661 ], [ 120.608747378216492, 31.713428282298537 ], [ 120.613406002941161, 31.705202979568035 ], [ 120.618583872366656, 31.703089548362314 ], [ 120.616778242398865, 31.697901733634168 ], [ 120.618899466778743, 31.693994087718604 ], [ 120.625456506025714, 31.692436168708099 ], [ 120.632059135730401, 31.696210830358748 ], [ 120.632956822892893, 31.692397992018535 ], [ 120.625726624623894, 31.687418924175446 ], [ 120.62392277255644, 31.68398607856912 ], [ 120.620001312660008, 31.68398607856912 ], [ 120.619905926614891, 31.689463712312371 ], [ 120.615662144473362, 31.692898414773378 ], [ 120.611166211112888, 31.692726068376839 ], [ 120.607392263852603, 31.689463712312371 ], [ 120.607197660762239, 31.685804103893048 ], [ 120.610878394196334, 31.680773929188096 ], [ 120.615433241361799, 31.680386702179856 ], [ 120.61991031004996, 31.683806453280205 ], [ 120.623927682098326, 31.683177357389624 ], [ 120.627566931188184, 31.678631344654825 ], [ 120.6226636681277, 31.674175046023798 ], [ 120.623075375840372, 31.667935650958444 ], [ 120.617686354647248, 31.661820312943252 ], [ 120.598832849975466, 31.663349487842726 ], [ 120.605446647144745, 31.666662713244541 ], [ 120.607671692060336, 31.670180481141394 ], [ 120.60641163738488, 31.675040204692824 ], [ 120.603324499342961, 31.677109926639346 ], [ 120.605974307151016, 31.682089966963403 ], [ 120.605204191446049, 31.685905987102956 ], [ 120.599021777882328, 31.6885865490577 ], [ 120.592544642986596, 31.685520198021756 ], [ 120.590242449245096, 31.691856880228304 ], [ 120.587154824228861, 31.693927077911624 ], [ 120.586668283326262, 31.697107101120977 ], [ 120.582451041890806, 31.701750991579871 ], [ 120.574576852435811, 31.70386443293053 ], [ 120.572466524121509, 31.706844724280334 ], [ 120.568863154959672, 31.708402781368271 ], [ 120.56320350736577, 31.706844724280309 ], [ 120.555993651786181, 31.698983885913748 ], [ 120.555993660676151, 31.695741206067602 ], [ 120.558207164270172, 31.692944006073485 ], [ 120.566481585887743, 31.691624773736059 ], [ 120.565582754948309, 31.689340744014771 ], [ 120.561093607997606, 31.686284694107041 ], [ 120.551222139917158, 31.690106580577631 ], [ 120.549792206115868, 31.696242770319078 ], [ 120.543504171531353, 31.698501938353605 ], [ 120.537422213406998, 31.696618211936418 ], [ 120.535041085045449, 31.692399710102606 ], [ 120.530300658647249, 31.693226620760601 ], [ 120.525867891244928, 31.691844852439711 ], [ 120.523361933989108, 31.688576355552605 ], [ 120.51343736851689, 31.682832586886985 ], [ 120.511684353556461, 31.677875723484899 ], [ 120.509001321563545, 31.677875723484853 ], [ 120.509908643510741, 31.682300142162784 ], [ 120.508103190968043, 31.686281281772192 ], [ 120.508102094119877, 31.695446483004215 ], [ 120.512527947206266, 31.696955668603682 ], [ 120.514389728399806, 31.699268049626607 ], [ 120.521317505806124, 31.697676915800756 ], [ 120.526067028626017, 31.69879493467668 ], [ 120.532401777958441, 31.701955962863163 ], [ 120.534272933141665, 31.70616004191071 ], [ 120.539571630022962, 31.701843332070098 ], [ 120.546063668684894, 31.701234731043517 ], [ 120.550031993105378, 31.704912971390421 ], [ 120.550179636108297, 31.711544766705284 ], [ 120.547396317550636, 31.715022607102149 ], [ 120.541080442056668, 31.716154393050527 ], [ 120.535611925738309, 31.714296797566135 ], [ 120.533143025850649, 31.709264628914305 ], [ 120.530245911682044, 31.712958249186414 ], [ 120.526642541335661, 31.714516384574548 ], [ 120.521605058671256, 31.713516846390583 ], [ 120.517983940302855, 31.710742520358199 ], [ 120.517086232067513, 31.713790041640774 ], [ 120.519891988424121, 31.715486313235886 ], [ 120.521643100238805, 31.719682013139074 ], [ 120.518029557087104, 31.726393638024255 ], [ 120.514565362114951, 31.728182623555313 ], [ 120.509001321563545, 31.728317619570593 ], [ 120.508275229113764, 31.732655929254125 ], [ 120.504272482471222, 31.735692126852626 ], [ 120.492245812140453, 31.73514681915125 ], [ 120.48701789353251, 31.73149455731793 ], [ 120.482040941407604, 31.71762015894744 ], [ 120.48025538320374, 31.71838154621225 ], [ 120.481565477324835, 31.725382164026016 ], [ 120.476337371722835, 31.729034576568417 ], [ 120.469914190046751, 31.727813242386748 ], [ 120.461658365945212, 31.720546082667866 ], [ 120.460322114420194, 31.716243353195981 ], [ 120.4622324193179, 31.711891462368037 ], [ 120.470600034553826, 31.707940753539276 ], [ 120.475751742191676, 31.707675061511374 ], [ 120.475751742191676, 31.705392885469784 ], [ 120.462279444215923, 31.700807364244906 ], [ 120.45707233933571, 31.702965177036596 ], [ 120.453532223314113, 31.702834429666474 ], [ 120.447368253129923, 31.696693281182888 ], [ 120.442200418373602, 31.699995918860814 ], [ 120.43585912144701, 31.697771342299092 ], [ 120.434363803402562, 31.693697927427646 ], [ 120.436541618514866, 31.689407751362491 ], [ 120.440918287877324, 31.687794129990014 ], [ 120.447005605671151, 31.689332503767389 ], [ 120.447903767505295, 31.681694418699159 ], [ 120.446107367286345, 31.677875724766857 ], [ 120.44203604996423, 31.6827324990976 ], [ 120.433769926808012, 31.683725764309266 ], [ 120.430187237387045, 31.681345661879348 ], [ 120.429039347417444, 31.677111241405655 ], [ 120.424221959485351, 31.675316592662764 ], [ 120.42005672867819, 31.668701546428835 ], [ 120.418392733957305, 31.668696249144819 ], [ 120.414867234637043, 31.677321178943686 ], [ 120.401517836670749, 31.679357662673048 ], [ 120.397554877001483, 31.677481573608294 ], [ 120.394904204136409, 31.673288773053109 ], [ 120.379401456342663, 31.675144390656772 ], [ 120.376288603402031, 31.672936783144852 ], [ 120.375140279638245, 31.668698806704597 ], [ 120.366570556165399, 31.663072813910507 ], [ 120.361350916956951, 31.666360850802885 ], [ 120.354153677182083, 31.66461327978471 ], [ 120.351775216291884, 31.660128559190131 ], [ 120.353897744596736, 31.655767694628501 ], [ 120.358722439380429, 31.654100754343077 ], [ 120.366548287884385, 31.655552281352094 ], [ 120.367953691422244, 31.652640587888623 ], [ 120.361905753062516, 31.652379036473864 ], [ 120.348508213088849, 31.64568731314764 ], [ 120.346439517472589, 31.642302078716735 ], [ 120.346615439411721, 31.636238511511721 ], [ 120.34280703707168, 31.639638638563625 ], [ 120.33472219951463, 31.638109038995122 ], [ 120.331057376583757, 31.631765346247153 ], [ 120.332555230976183, 31.628136169821786 ], [ 120.335385632232615, 31.626303634614711 ], [ 120.339524987923284, 31.625758262643934 ], [ 120.344291791639975, 31.62747003719679 ], [ 120.347012525579501, 31.631513472021133 ], [ 120.34721520291987, 31.6350746581853 ], [ 120.354739408570651, 31.631922579821985 ], [ 120.364779629788771, 31.635538376615326 ], [ 120.370141743873234, 31.640909015162471 ], [ 120.372458077422067, 31.645756281747168 ], [ 120.376749226604559, 31.640951989466203 ], [ 120.38168886709424, 31.639570823796412 ], [ 120.396941387014408, 31.643130160692444 ], [ 120.40299863316902, 31.648810370067999 ], [ 120.40927911310159, 31.64651613494879 ], [ 120.411072840856406, 31.643464180786481 ], [ 120.406873492384818, 31.637820930750632 ], [ 120.406725884937217, 31.632709045067866 ], [ 120.40908896271138, 31.62947924593017 ], [ 120.416464012405314, 31.625867794012116 ], [ 120.417367205653633, 31.621281783322679 ], [ 120.420959885081416, 31.623576216824436 ], [ 120.429043106840993, 31.623571153349683 ], [ 120.433731765604463, 31.622032721808722 ], [ 120.438441129062241, 31.623300130359418 ], [ 120.440727875102027, 31.625866000512325 ], [ 120.450359503829787, 31.630805128648049 ], [ 120.451518171826777, 31.633677467705382 ], [ 120.449712697500274, 31.63811098396091 ], [ 120.450610110359861, 31.639633334918987 ], [ 120.456890880648672, 31.640397992964481 ], [ 120.463435557949168, 31.638589285839874 ], [ 120.470361850487009, 31.640398156432383 ], [ 120.472158296366544, 31.631988444280733 ], [ 120.471260497182968, 31.628934999025585 ], [ 120.466768455863104, 31.624346776532892 ], [ 120.461207948093687, 31.624212072908524 ], [ 120.456699955726322, 31.62226348388624 ], [ 120.450598750531938, 31.614402292684719 ], [ 120.442832424056419, 31.612798564558265 ], [ 120.43892134964473, 31.602926599776044 ], [ 120.432591771402628, 31.600239778185536 ], [ 120.43098050644501, 31.595222509684614 ], [ 120.437982126017545, 31.586473401581337 ], [ 120.444981275506194, 31.581928217985737 ], [ 120.449941359148013, 31.581928678036839 ], [ 120.455101869995346, 31.586847625709925 ], [ 120.459582067077534, 31.587612873067361 ], [ 120.458729107899018, 31.581889347437485 ], [ 120.461615812618092, 31.57796714842889 ], [ 120.46695060921536, 31.577033884013808 ], [ 120.472159965923623, 31.579960284496224 ], [ 120.480966069081433, 31.572710387771838 ], [ 120.487432909106076, 31.573072406825048 ], [ 120.493717897142034, 31.570013842062103 ], [ 120.487475252502179, 31.561204569062273 ], [ 120.489187100028758, 31.55662348742182 ], [ 120.494616212426195, 31.553939780933582 ], [ 120.489235317092081, 31.547058004539668 ], [ 120.486472511626786, 31.550142844201758 ], [ 120.482051863039956, 31.551651082337905 ], [ 120.484755871556544, 31.558377337199836 ], [ 120.481558470934388, 31.563405503106623 ], [ 120.471269011409689, 31.564664085830891 ], [ 120.466538029352634, 31.56746042739162 ], [ 120.461130381770076, 31.568004615881829 ], [ 120.455803517817671, 31.566407816304007 ], [ 120.453294394190635, 31.562367718771227 ], [ 120.445937432950899, 31.562998395772766 ], [ 120.440726291749598, 31.560071515386714 ], [ 120.439831229374974, 31.561595052516331 ], [ 120.441627748201455, 31.567716316875586 ], [ 120.446073868922682, 31.572705271056449 ], [ 120.444003090714602, 31.577602381452973 ], [ 120.436236298681422, 31.579205664741018 ], [ 120.430056786433781, 31.588224521565493 ], [ 120.426114451046786, 31.590419042514981 ], [ 120.406927131719314, 31.589851973475465 ], [ 120.402090415460677, 31.583797251142197 ], [ 120.397428121874654, 31.583662508339128 ], [ 120.393964831386782, 31.581875859301729 ], [ 120.390412279665398, 31.573083098895104 ], [ 120.384060762341875, 31.574611016274023 ], [ 120.378949564041079, 31.572501972068512 ], [ 120.372737727020549, 31.563606852396159 ], [ 120.373597541517512, 31.558876060843552 ], [ 120.38125980935321, 31.55330608312542 ], [ 120.3856906707869, 31.553437062255554 ], [ 120.390290534110463, 31.556238799511799 ], [ 120.395146226418333, 31.552671114740793 ], [ 120.403169885090605, 31.552540786910921 ], [ 120.407237824188826, 31.555048491607536 ], [ 120.40845581497743, 31.55831033815349 ], [ 120.40749176740492, 31.562358472447436 ], [ 120.410857987502155, 31.564440465486744 ], [ 120.413901157536756, 31.56925102828119 ], [ 120.428140938113657, 31.560069689601253 ], [ 120.42304341401389, 31.552890659084834 ], [ 120.423649455712734, 31.54705787125776 ], [ 120.418084536597007, 31.546654718332725 ], [ 120.414060290034257, 31.542938805861567 ], [ 120.414060298914237, 31.539682604072301 ], [ 120.417361175777003, 31.534806890379816 ], [ 120.411076801158615, 31.532511374751977 ], [ 120.404918004695517, 31.532505944973405 ], [ 120.398248311881659, 31.535636328444699 ], [ 120.39274551795647, 31.533305801652944 ], [ 120.390556507386918, 31.529493012021756 ], [ 120.390704143703999, 31.52513442198622 ], [ 120.39292288758601, 31.522332113754633 ], [ 120.398496627757368, 31.520249103128663 ], [ 120.398496443068765, 31.518724751483049 ], [ 120.397597854370957, 31.517196469617556 ], [ 120.390090601937644, 31.515403283467943 ], [ 120.386819063165774, 31.509538210204195 ], [ 120.382094930367003, 31.512336687148242 ], [ 120.377846755980187, 31.512601606511993 ], [ 120.374609067090105, 31.517693150848114 ], [ 120.366358119295455, 31.521034127474255 ], [ 120.362380296443163, 31.519708224672545 ], [ 120.360356060439443, 31.517321176826727 ], [ 120.360767235092354, 31.511067185724617 ], [ 120.353397529139542, 31.50822113978186 ], [ 120.350680646612346, 31.504509551491367 ], [ 120.348240689065193, 31.50991566836753 ], [ 120.342481951294303, 31.512554867255734 ], [ 120.321483337230475, 31.508506740510274 ], [ 120.317903716198856, 31.506131119809019 ], [ 120.315897213039619, 31.500732054319052 ], [ 120.320339894159048, 31.496032335593309 ], [ 120.330224666164298, 31.494209170636648 ], [ 120.325744469501259, 31.488091624826186 ], [ 120.322810012245299, 31.492386529274139 ], [ 120.314965220193699, 31.493453709137182 ], [ 120.31289722291622, 31.500182676144039 ], [ 120.309575401435922, 31.502643865838881 ], [ 120.314021335681844, 31.508391415804486 ], [ 120.311948584454498, 31.513296787101616 ], [ 120.307367373671937, 31.514930230171007 ], [ 120.300591641545864, 31.513367439899909 ], [ 120.297658032409828, 31.517660667471009 ], [ 120.290708793707907, 31.51872815780284 ], [ 120.287111489456294, 31.523317413610226 ], [ 120.284422526858052, 31.522556455787829 ], [ 120.286228207585637, 31.527304144995483 ], [ 120.28483386809225, 31.531869954862795 ], [ 120.281690071009592, 31.535589487821454 ], [ 120.277235444158762, 31.537105161579735 ], [ 120.2745799410648, 31.542840514337012 ], [ 120.269319745278437, 31.545392255404867 ], [ 120.263758180778069, 31.544761314213389 ], [ 120.259847608975974, 31.552344754378467 ], [ 120.245594101550182, 31.558549200539527 ], [ 120.241106473450699, 31.557222857815539 ], [ 120.237698726001895, 31.55165110554012 ], [ 120.232546392226737, 31.550583378503905 ], [ 120.225124928900343, 31.544761409351832 ], [ 120.221534473715565, 31.54705260395691 ], [ 120.218821372658866, 31.539384371138166 ], [ 120.214347951442619, 31.536334232887558 ], [ 120.210754690306146, 31.537099871630854 ], [ 120.208958059737895, 31.53327161511292 ], [ 120.2035681680332, 31.536334232887558 ], [ 120.20266819797888, 31.531745668115335 ], [ 120.19099710447324, 31.533274775811321 ], [ 120.184709516126262, 31.540164826021822 ], [ 120.186500177634883, 31.547818154791155 ], [ 120.180049522157262, 31.544087359727342 ], [ 120.173689072731619, 31.542792085199121 ], [ 120.159448812733359, 31.533141936104919 ], [ 120.151752300324318, 31.517671643250647 ], [ 120.151459924624518, 31.513367416706991 ], [ 120.142481182305545, 31.511835935181335 ], [ 120.127214257591888, 31.511835876894025 ], [ 120.124283079758797, 31.514597499571373 ], [ 120.11912942003481, 31.51643082074051 ], [ 120.108352798865937, 31.526383932112516 ], [ 120.10835270484624, 31.527906526049101 ], [ 120.11373444211506, 31.528672070536697 ], [ 120.112838324337119, 31.527146078205863 ], [ 120.11463495490537, 31.526380357841628 ], [ 120.115528387623414, 31.527907475850341 ], [ 120.121247922787589, 31.524124628874908 ], [ 120.126080121587933, 31.525145401687254 ], [ 120.128869234755001, 31.528627610243326 ], [ 120.128115641096883, 31.534032012392636 ], [ 120.134408612144341, 31.535089316086776 ], [ 120.14576120797058, 31.540994187258359 ], [ 120.148731434390157, 31.546678809313711 ], [ 120.147878728079519, 31.552408773503565 ], [ 120.15057264757742, 31.555469062936226 ], [ 120.164020438745865, 31.562347910130931 ], [ 120.16764097949617, 31.567714980417872 ], [ 120.180540796394681, 31.5725702292752 ], [ 120.182867501778219, 31.576532079491638 ], [ 120.182014631090937, 31.581492217546845 ], [ 120.187402964980308, 31.585317117307596 ], [ 120.192554721321514, 31.580397654090731 ], [ 120.199739622459191, 31.580225792859174 ], [ 120.204427093023952, 31.584950505183958 ], [ 120.201777494394634, 31.591438899431196 ], [ 120.208959885934021, 31.592494815756428 ], [ 120.217770772109134, 31.598599535432704 ], [ 120.219691331962252, 31.591830066969376 ], [ 120.223155344253883, 31.59004311805014 ], [ 120.226689160595967, 31.590173932411922 ], [ 120.234762729627136, 31.597908296942467 ], [ 120.235768968941386, 31.602203439739906 ], [ 120.232678224903466, 31.606480486456405 ], [ 120.228398449298382, 31.608235216661164 ], [ 120.224892859311765, 31.607844423641144 ], [ 120.220022892515743, 31.604778451137491 ], [ 120.216979651620406, 31.609833648318624 ], [ 120.209862331951712, 31.612107268315619 ], [ 120.210919602816986, 31.617299481639208 ], [ 120.208964110687305, 31.622808081719356 ], [ 120.213311160136769, 31.628119668106716 ], [ 120.212050032610392, 31.633749995011698 ], [ 120.206839690373229, 31.636537763980684 ], [ 120.199081063673844, 31.635055101115761 ], [ 120.191322592990034, 31.643202953777131 ], [ 120.186506134564624, 31.644997311650581 ], [ 120.186506134564624, 31.646516252442368 ], [ 120.191655795268858, 31.646781683911687 ], [ 120.195238580565459, 31.649161095681066 ], [ 120.196392303786112, 31.652559783357521 ], [ 120.194633687126355, 31.65607443625974 ], [ 120.181687655460522, 31.660244074712381 ], [ 120.173030871200879, 31.659526439901466 ], [ 120.170918125261693, 31.663274194684732 ], [ 120.164946640692662, 31.665641940432298 ], [ 120.172127133088978, 31.670225345378306 ], [ 120.173025448373082, 31.67328346231487 ], [ 120.171238425353508, 31.671762555801038 ], [ 120.167428760818282, 31.680349373243406 ], [ 120.158652403827205, 31.683227234705292 ], [ 120.158652403827205, 31.684750503949008 ], [ 120.15685762097938, 31.683227188912213 ], [ 120.154533275220516, 31.690128230489389 ], [ 120.147388990943071, 31.694962508661796 ], [ 120.135302314101821, 31.696983012149392 ], [ 120.137234217384162, 31.702742757547149 ], [ 120.138889467576547, 31.703094824332094 ], [ 120.136200663342564, 31.705389555719737 ], [ 120.138062492720309, 31.71280458130758 ], [ 120.137098944670086, 31.717612280105698 ], [ 120.139951960108434, 31.723120529930238 ], [ 120.137143979586526, 31.729449785442966 ], [ 120.130624421862947, 31.731238817611441 ], [ 120.122722681171282, 31.726025534800421 ], [ 120.117336008419443, 31.732899167744868 ], [ 120.115225125643647, 31.73893623226142 ], [ 120.11090374811485, 31.740560269723886 ], [ 120.105657758993885, 31.739777860556217 ], [ 120.108307833129416, 31.747012051040322 ], [ 120.103624403341726, 31.751734675466786 ], [ 120.0977923588854, 31.750931034954856 ], [ 120.094866061724986, 31.745125487852327 ], [ 120.092183029732098, 31.745125487852327 ], [ 120.091891329359754, 31.750176852698434 ], [ 120.088583811665885, 31.754174119888063 ], [ 120.092551734377736, 31.756554475907322 ], [ 120.094833141665561, 31.76156164639707 ], [ 120.093493427995497, 31.778088293633481 ], [ 120.090578943794796, 31.781993593578168 ], [ 120.085693980976828, 31.783466011762737 ], [ 120.075111971112946, 31.779495851217678 ], [ 120.07395367775699, 31.787714245141878 ], [ 120.064335349944088, 31.795529092217301 ], [ 120.061640494760638, 31.80239877773522 ], [ 120.061640310072008, 31.803918438746912 ], [ 120.068820875415284, 31.805450586089105 ], [ 120.071905617451165, 31.809779880998295 ], [ 120.075070365537243, 31.816540572602939 ], [ 120.073730620742452, 31.822368774329412 ], [ 120.071851930206876, 31.825033327026365 ], [ 120.068105968906778, 31.826694058521994 ], [ 120.058041092005794, 31.826060803570122 ], [ 120.058034984344047, 31.817667165132431 ], [ 120.053552404294081, 31.812326585374905 ], [ 120.045705946861489, 31.817231151440645 ], [ 120.039182427969067, 31.81766988591389 ], [ 120.039038566314048, 31.823810335159543 ], [ 120.036487482116669, 31.82910849488265 ], [ 120.041869219385504, 31.829871558852581 ], [ 120.045464678028125, 31.827587303357973 ], [ 120.056364646321114, 31.830808901191091 ], [ 120.058055986392731, 31.835063351902402 ], [ 120.056250418367256, 31.839793109250976 ], [ 120.060038258972426, 31.841114086214137 ], [ 120.062537337915231, 31.844268886029333 ], [ 120.067916530254507, 31.843610060225721 ], [ 120.067695530351699, 31.841769125359534 ], [ 120.063430983710532, 31.840561532313004 ], [ 120.066125929562887, 31.839035247114637 ], [ 120.067048232545403, 31.840079921706526 ], [ 120.069941700623914, 31.834758086457409 ], [ 120.075303967240629, 31.833238540259849 ], [ 120.082295604677029, 31.833693050073919 ], [ 120.084990550529412, 31.836745771971415 ], [ 120.084996507459124, 31.842845628981884 ], [ 120.096910891398679, 31.846336958266942 ] ], [ [ 120.602657761926224, 31.708113127655221 ], [ 120.606625876009332, 31.711791200339693 ], [ 120.607329597095557, 31.718505239641008 ], [ 120.602101281147611, 31.722157821723492 ], [ 120.589841542698409, 31.719912705556229 ], [ 120.581520859837212, 31.721002647751632 ], [ 120.577747777241441, 31.717741105436861 ], [ 120.577256499308461, 31.713112348421824 ], [ 120.578947293529822, 31.709372499337821 ], [ 120.588066660207872, 31.705350585842119 ], [ 120.592478295286881, 31.706891539405397 ], [ 120.594339788686426, 31.709203450895608 ], [ 120.602657761926224, 31.708113127655221 ] ], [ [ 120.559372271136453, 31.745658817196443 ], [ 120.558161378382593, 31.749353110087142 ], [ 120.554578675969736, 31.751734675466793 ], [ 120.551035283665072, 31.751865490507839 ], [ 120.545821819221445, 31.747417298235945 ], [ 120.541994117048461, 31.746978928401894 ], [ 120.53535452369411, 31.742755909568828 ], [ 120.533001951220413, 31.736450825518222 ], [ 120.526766785479552, 31.739022630744582 ], [ 120.52119776067228, 31.736741415304202 ], [ 120.519684101699795, 31.733270374786446 ], [ 120.520365275746613, 31.730236429185656 ], [ 120.524028476891715, 31.727217108269624 ], [ 120.527933510177718, 31.726781866421319 ], [ 120.532725296782388, 31.729051227960085 ], [ 120.534237108051343, 31.734267353263395 ], [ 120.53845950967272, 31.73226231056287 ], [ 120.542899937290912, 31.732393098637132 ], [ 120.547674244635616, 31.734815475981431 ], [ 120.551221926050815, 31.739767295212133 ], [ 120.555438307919985, 31.740096860642158 ], [ 120.553900235234394, 31.736036414245174 ], [ 120.556206258681428, 31.731143698620308 ], [ 120.560430871938308, 31.728572844909575 ], [ 120.563972728332018, 31.728442062122824 ], [ 120.568683989396433, 31.731143698620301 ], [ 120.569942647937893, 31.737523061966797 ], [ 120.565358126585025, 31.741803901624355 ], [ 120.557773861620774, 31.741740175627807 ], [ 120.559372271136453, 31.745658817196443 ] ], [ [ 120.464063913170378, 31.744344845629083 ], [ 120.456439306240938, 31.743093243940841 ], [ 120.453295344957127, 31.739777925189337 ], [ 120.445918409908799, 31.741314527933245 ], [ 120.441424632917091, 31.739986029648353 ], [ 120.438762674603154, 31.734581357226158 ], [ 120.440323609175195, 31.730379616865505 ], [ 120.443412319016446, 31.728308380294109 ], [ 120.442509173348569, 31.724575089920812 ], [ 120.444265804755659, 31.721061748058428 ], [ 120.447730101089547, 31.719272823304461 ], [ 120.456191256196703, 31.721221552389963 ], [ 120.458403889694566, 31.724017903339949 ], [ 120.459592945966406, 31.730599181125566 ], [ 120.464413051376525, 31.732394411673308 ], [ 120.467691333950441, 31.736727554213314 ], [ 120.473301333606898, 31.737149622280196 ], [ 120.483318419543693, 31.74280387265247 ], [ 120.484904865154391, 31.746804677107129 ], [ 120.483795561158672, 31.751035761219512 ], [ 120.480018558584845, 31.753262392296371 ], [ 120.475576748601938, 31.753393209454206 ], [ 120.472112548812078, 31.751603838997724 ], [ 120.470362384588896, 31.748181159486986 ], [ 120.464063913170378, 31.744344845629083 ] ], [ [ 120.446189943021267, 31.82072005839353 ], [ 120.440346629706397, 31.818448876385062 ], [ 120.438067176280114, 31.814208628592326 ], [ 120.438113170832892, 31.807971307834549 ], [ 120.43623182662013, 31.80850424186621 ], [ 120.43623182662013, 31.806977426598994 ], [ 120.438225940858146, 31.807542308714854 ], [ 120.445075975609555, 31.79879559089472 ], [ 120.449630675908963, 31.797050276511325 ], [ 120.454397226197386, 31.798367703329809 ], [ 120.456829957276923, 31.801738836834232 ], [ 120.459252690492676, 31.797316004025365 ], [ 120.464723642906549, 31.795457581101857 ], [ 120.470061645590064, 31.797126703380435 ], [ 120.472175520595343, 31.80095713615351 ], [ 120.469845853343699, 31.806235529841604 ], [ 120.465560251041524, 31.80846226490403 ], [ 120.459645557876172, 31.806999731249498 ], [ 120.456956162456081, 31.803054670351443 ], [ 120.453305867967799, 31.807744422288476 ], [ 120.453544687376095, 31.813758747712612 ], [ 120.451905549626787, 31.817884742656577 ], [ 120.446189943021267, 31.82072005839353 ] ], [ [ 120.454060094129602, 31.778004110608226 ], [ 120.452094773337137, 31.780944015653183 ], [ 120.446430145371679, 31.782503023416123 ], [ 120.438932729402197, 31.779495717608384 ], [ 120.439786281925166, 31.784434353022323 ], [ 120.436610983531054, 31.791226823690156 ], [ 120.432879066009761, 31.79432868279131 ], [ 120.428862971225755, 31.794632089056563 ], [ 120.420480090158421, 31.792281442485415 ], [ 120.41675452707868, 31.786835016988221 ], [ 120.417121891618891, 31.778816421052181 ], [ 120.419470770631989, 31.774218270454746 ], [ 120.425105392463266, 31.772027998836446 ], [ 120.424553727926551, 31.771090004949144 ], [ 120.433820076476238, 31.7725786516508 ], [ 120.436795672259635, 31.767534104142197 ], [ 120.442513925947225, 31.764977560238645 ], [ 120.44353325490961, 31.758312305344333 ], [ 120.440652171253561, 31.752984459312408 ], [ 120.442145629496608, 31.748915503939806 ], [ 120.44720649486645, 31.746634024993174 ], [ 120.452453287926346, 31.748567162720605 ], [ 120.454269364089669, 31.752533810759047 ], [ 120.453184911001912, 31.757135912203488 ], [ 120.456908005423742, 31.762532264828799 ], [ 120.455102589205012, 31.766509576976095 ], [ 120.456005763198206, 31.770240581307757 ], [ 120.454060094129602, 31.778004110608226 ] ], [ [ 120.431434500472093, 31.809956432911662 ], [ 120.425228786255005, 31.814309782047193 ], [ 120.420883997784571, 31.815376808845663 ], [ 120.415152437319946, 31.811682325440216 ], [ 120.41455852158542, 31.808211726123961 ], [ 120.416462933439817, 31.803165559584123 ], [ 120.411923750952511, 31.801240217323286 ], [ 120.410169611889941, 31.79713953104951 ], [ 120.411924008499682, 31.793627819537345 ], [ 120.415388318763206, 31.791837785772941 ], [ 120.419792010945343, 31.79203151663236 ], [ 120.43179373593334, 31.798972542716854 ], [ 120.433547985620024, 31.806126380235643 ], [ 120.431434500472093, 31.809956432911662 ] ], [ [ 120.390252813468862, 31.614239508020827 ], [ 120.39400490060477, 31.607514320857756 ], [ 120.392209024262414, 31.605986933959091 ], [ 120.386570213188151, 31.606814495512179 ], [ 120.381920812920384, 31.60549338300935 ], [ 120.377081576072726, 31.599143091694184 ], [ 120.379591426811388, 31.592595279750839 ], [ 120.38704629020171, 31.589839859999106 ], [ 120.403519206196165, 31.588502229007247 ], [ 120.406375083901622, 31.590122555367511 ], [ 120.408389448703829, 31.594499583014034 ], [ 120.42384776344916, 31.598113195172964 ], [ 120.432500051700302, 31.615115204107685 ], [ 120.43121201565728, 31.619782069791551 ], [ 120.427425266926861, 31.621917304158789 ], [ 120.423420499692398, 31.621614387673461 ], [ 120.413769472455911, 31.612107332861672 ], [ 120.40569506388978, 31.609812180245335 ], [ 120.40569513683667, 31.612098040367894 ], [ 120.410940489324105, 31.616645235364395 ], [ 120.409652551730204, 31.622841705799853 ], [ 120.402392513059581, 31.625852778798212 ], [ 120.394972170989448, 31.62360301860981 ], [ 120.390252813468862, 31.614239508020827 ] ], [ [ 120.286997084314862, 31.713321226622295 ], [ 120.288857775397176, 31.705777434763053 ], [ 120.295017040241277, 31.70322447291873 ], [ 120.300823672894865, 31.703527586587398 ], [ 120.304939550207706, 31.707636807969106 ], [ 120.303893631929242, 31.71426832930608 ], [ 120.298789588149873, 31.719907265042828 ], [ 120.292501381161017, 31.720671394463796 ], [ 120.292506311284995, 31.724486625223602 ], [ 120.296684401143708, 31.726092095305503 ], [ 120.298795010977656, 31.72983515543746 ], [ 120.303535437375814, 31.729008523450819 ], [ 120.308188511642513, 31.730330166968102 ], [ 120.311371424955283, 31.735183355511374 ], [ 120.312264317411646, 31.732896608448883 ], [ 120.314058111098518, 31.732889369890124 ], [ 120.313162632695736, 31.730604503676361 ], [ 120.315567798430422, 31.731393158361271 ], [ 120.314060947979897, 31.727548275771053 ], [ 120.316755893832209, 31.727548275771053 ], [ 120.316056298292011, 31.73111844931012 ], [ 120.325739046673405, 31.729076402318078 ], [ 120.329750218761049, 31.732770614594678 ], [ 120.330236652970683, 31.739004648280638 ], [ 120.332029451168509, 31.739767140881657 ], [ 120.333818461402714, 31.739767281272982 ], [ 120.336957815965249, 31.73326996450696 ], [ 120.335620514798734, 31.732132579818927 ], [ 120.338315460651089, 31.729840456145809 ], [ 120.337622761388005, 31.732786214668774 ], [ 120.341835043612633, 31.731366214851068 ], [ 120.349987602414913, 31.732127302228417 ], [ 120.352682347388665, 31.72449029228239 ], [ 120.34508650011459, 31.722474136143603 ], [ 120.336060266664433, 31.716165632684977 ], [ 120.335008056331219, 31.711026977864886 ], [ 120.337366749257725, 31.707305979448353 ], [ 120.340831042956722, 31.705517264441713 ], [ 120.345269678994242, 31.705648015520207 ], [ 120.349099287175662, 31.708439208377079 ], [ 120.354487003715988, 31.709203337580927 ], [ 120.35920371049329, 31.708436315727141 ], [ 120.359875027469982, 31.706151858457392 ], [ 120.361131472217295, 31.707755222174356 ], [ 120.367640505707101, 31.706957886028206 ], [ 120.371926191668422, 31.709182693731929 ], [ 120.373490952527249, 31.713105155421616 ], [ 120.371952565769149, 31.71707617900076 ], [ 120.364372633767204, 31.720675356042729 ], [ 120.36706750667264, 31.734419369080829 ], [ 120.374827923786299, 31.733702466368474 ], [ 120.383358437876666, 31.736716657060146 ], [ 120.389714316682543, 31.734410627365389 ], [ 120.403894344342575, 31.736711201234854 ], [ 120.408380797817486, 31.735947264534513 ], [ 120.397014330355603, 31.732060416125481 ], [ 120.395195135910569, 31.726310230641911 ], [ 120.397664195231243, 31.722939544075476 ], [ 120.403132106761717, 31.72119486978583 ], [ 120.409462269111415, 31.721565218054341 ], [ 120.413970515066723, 31.723513948549854 ], [ 120.416633030574474, 31.728469092399866 ], [ 120.414112443686548, 31.734242093169346 ], [ 120.418599082603734, 31.736214589343483 ], [ 120.420822315220605, 31.739730197724128 ], [ 120.420068259167735, 31.74588157139392 ], [ 120.422772029817665, 31.750624146213735 ], [ 120.421335076875636, 31.754310792148381 ], [ 120.41803490637443, 31.756317750316356 ], [ 120.414491206887973, 31.756448571708155 ], [ 120.411027006499509, 31.754659154559299 ], [ 120.409155155076959, 31.751231405135886 ], [ 120.401203560416121, 31.754290814666419 ], [ 120.403853608296942, 31.763052034016379 ], [ 120.399170669426226, 31.767774444665843 ], [ 120.394669719214463, 31.767601961650097 ], [ 120.38771799432773, 31.762694139055732 ], [ 120.380542386666463, 31.765746438226003 ], [ 120.38144055121856, 31.771084725180557 ], [ 120.388303881871963, 31.770368196799513 ], [ 120.392872112807837, 31.772969045675307 ], [ 120.393972182420555, 31.777562003915694 ], [ 120.390423704059756, 31.790175512489238 ], [ 120.396124284610821, 31.787932045617687 ], [ 120.401396315380964, 31.789205190336816 ], [ 120.403963595326843, 31.793773049265699 ], [ 120.402215100178694, 31.798412081484461 ], [ 120.391898244074923, 31.8038817521266 ], [ 120.388380308730945, 31.803490351565394 ], [ 120.38502381231018, 31.800875277979308 ], [ 120.379397258330172, 31.800436562901954 ], [ 120.373858667042811, 31.795013813904504 ], [ 120.37159191420352, 31.79054267892748 ], [ 120.372445484517925, 31.786368231565859 ], [ 120.370660233707184, 31.786368254825643 ], [ 120.368294977018863, 31.790681005590553 ], [ 120.360538219171929, 31.795305463423098 ], [ 120.365600252689291, 31.797316004025365 ], [ 120.367821891348271, 31.800829712078798 ], [ 120.366775973083236, 31.807448849442007 ], [ 120.364566058374123, 31.810242495211636 ], [ 120.360057949608986, 31.812191212759981 ], [ 120.356040676789831, 31.811887749947417 ], [ 120.352927797676969, 31.809677446603953 ], [ 120.350482789287028, 31.803950663612767 ], [ 120.3461769124699, 31.810493015126141 ], [ 120.342162994593053, 31.811625734985093 ], [ 120.337447612741286, 31.810516351187456 ], [ 120.333578892861794, 31.804597866239082 ], [ 120.335567029064876, 31.798972542716914 ], [ 120.343959625161204, 31.796221085957825 ], [ 120.34797315669104, 31.797353709618399 ], [ 120.35045149139107, 31.800021035365823 ], [ 120.352181717392241, 31.796668350781008 ], [ 120.347099699882051, 31.79421039451643 ], [ 120.344889291005344, 31.791416266023923 ], [ 120.345496025994336, 31.777968422914629 ], [ 120.339917206382708, 31.779504463500064 ], [ 120.33542214199727, 31.77817551219545 ], [ 120.33292014611861, 31.774150099114905 ], [ 120.326262185398761, 31.771113162823696 ], [ 120.324834774459589, 31.764221635856213 ], [ 120.320355111898422, 31.764221635856213 ], [ 120.320211090111869, 31.768840140962695 ], [ 120.316761850761935, 31.774903197915027 ], [ 120.322726994147217, 31.774186708540139 ], [ 120.329273932167922, 31.776412826557429 ], [ 120.332224283745134, 31.781555056909557 ], [ 120.33135978922175, 31.785407621611171 ], [ 120.32368814329979, 31.788175112549105 ], [ 120.315863001375888, 31.784841073642578 ], [ 120.312040287783859, 31.791406814830509 ], [ 120.306051836742398, 31.79323719609021 ], [ 120.301285697649391, 31.79191986732172 ], [ 120.298927595188886, 31.788694260834156 ], [ 120.298783631220104, 31.782550231312875 ], [ 120.292319432131407, 31.783178689020314 ], [ 120.286453471079838, 31.779901996933265 ], [ 120.285243691882314, 31.776661197784367 ], [ 120.286207217242435, 31.77033157117431 ], [ 120.277930298564712, 31.768247762843735 ], [ 120.275427360886155, 31.762692773030256 ], [ 120.270941814342123, 31.761161237689564 ], [ 120.270936884218187, 31.758875156197085 ], [ 120.260606436235804, 31.75684309073786 ], [ 120.256568769796232, 31.751995276219315 ], [ 120.259489213007924, 31.746184442010708 ], [ 120.263051861621676, 31.745106188514399 ], [ 120.27543119325658, 31.745878689032672 ], [ 120.279021026381372, 31.744352190953187 ], [ 120.279919010253579, 31.74054182622103 ], [ 120.274766227643539, 31.74027599574277 ], [ 120.270039026996727, 31.736721999538055 ], [ 120.263301597276921, 31.735453558129457 ], [ 120.259258793689455, 31.72984577865391 ], [ 120.25315584480434, 31.735058918414545 ], [ 120.248245428689899, 31.734755703628853 ], [ 120.24366412072257, 31.731094185624663 ], [ 120.242195725250312, 31.734424646799365 ], [ 120.242195725250312, 31.729840456145809 ], [ 120.239500779397957, 31.728312342193153 ], [ 120.242217405961838, 31.728312342193153 ], [ 120.245783029457101, 31.720676671414608 ], [ 120.240924009848641, 31.718404598449567 ], [ 120.239639008770411, 31.712986477812123 ], [ 120.241999618029112, 31.709758721301416 ], [ 120.251093856231122, 31.70671477295059 ], [ 120.252077193375627, 31.704623353989149 ], [ 120.252077193375627, 31.706631340657964 ], [ 120.257920507598485, 31.708179426445145 ], [ 120.261064818278129, 31.711496084664329 ], [ 120.266270772009307, 31.708574231636717 ], [ 120.271613396625597, 31.709508468621031 ], [ 120.274249223107645, 31.712555416508007 ], [ 120.274541105355254, 31.717610877537162 ], [ 120.281718342756591, 31.72372245443815 ], [ 120.284814533989532, 31.721261398357779 ], [ 120.284416543603967, 31.719907265042828 ], [ 120.288858251423548, 31.720841066286489 ], [ 120.288009804740426, 31.719143129324674 ], [ 120.290469769347425, 31.719143129324674 ], [ 120.286997084314862, 31.713321226622295 ] ], [ [ 120.336207618094761, 31.683334789564643 ], [ 120.327845803679068, 31.68009331406601 ], [ 120.325728319765972, 31.676260781571457 ], [ 120.326775718006516, 31.669415908950128 ], [ 120.328744556420062, 31.666472670568069 ], [ 120.332924956380921, 31.664867892143143 ], [ 120.343705352355812, 31.666402557588192 ], [ 120.345506454985355, 31.669455461725153 ], [ 120.351595305076273, 31.667917682003171 ], [ 120.355971305366424, 31.66953100860535 ], [ 120.358084426778333, 31.676337518836217 ], [ 120.364080664841623, 31.682746319955069 ], [ 120.363181664614459, 31.69105001046081 ], [ 120.364366603890574, 31.69239441149254 ], [ 120.356460771615275, 31.695322172544621 ], [ 120.347531250113661, 31.695955763469605 ], [ 120.343911749769646, 31.694108123142104 ], [ 120.341148702552417, 31.68938105507544 ], [ 120.341490946420492, 31.686152481491625 ], [ 120.344597616690521, 31.683218066713099 ], [ 120.343700262254288, 31.681698077140268 ], [ 120.336207618094761, 31.683334789564643 ] ], [ [ 120.304179479854568, 31.655697914860454 ], [ 120.309500403090993, 31.653094908606896 ], [ 120.30331623754266, 31.651597951505231 ], [ 120.29981281891682, 31.648743882336326 ], [ 120.295866004981548, 31.654634543534932 ], [ 120.290708793707878, 31.655703271420386 ], [ 120.284182704423117, 31.660025555270352 ], [ 120.279747138887615, 31.660156243534889 ], [ 120.275677806199809, 31.657645961456168 ], [ 120.273626111055492, 31.651953804210073 ], [ 120.276000712205104, 31.647545927992219 ], [ 120.281715490089795, 31.644989481996344 ], [ 120.283470148118127, 31.638496543120702 ], [ 120.286934428608689, 31.636708875055255 ], [ 120.290470143963844, 31.636839531180023 ], [ 120.297770323330028, 31.64047594597379 ], [ 120.302617455915282, 31.636839531180023 ], [ 120.309746432406826, 31.636708875055248 ], [ 120.317768946736933, 31.642858759549892 ], [ 120.32034915496871, 31.649580422447553 ], [ 120.314959263263987, 31.653403902389652 ], [ 120.312572282744227, 31.653518604866054 ], [ 120.309569371559292, 31.657991870692459 ], [ 120.305077795138715, 31.659521143130448 ], [ 120.305077795138715, 31.661815004585474 ], [ 120.300586218718067, 31.661815004585474 ], [ 120.305077795138686, 31.657991870692459 ], [ 120.304179479854568, 31.655697914860454 ] ], [ [ 120.302244495459604, 31.670180481141198 ], [ 120.302388879162976, 31.674044016192394 ], [ 120.310866041716977, 31.680700794733553 ], [ 120.312378913019558, 31.685806023645789 ], [ 120.309341943653692, 31.690566353652962 ], [ 120.304823522333294, 31.691697901109777 ], [ 120.300132984998768, 31.69036659251331 ], [ 120.296089016779675, 31.684754592141825 ], [ 120.284916548288777, 31.678098008709178 ], [ 120.283998812680636, 31.670862747840886 ], [ 120.292103062600006, 31.66419433557034 ], [ 120.295594645574496, 31.664194335570372 ], [ 120.300007440110065, 31.666632994939039 ], [ 120.302244495459604, 31.670180481141198 ] ], [ [ 120.278710697549727, 31.809225661622872 ], [ 120.27178636057738, 31.807347468415632 ], [ 120.270037469181403, 31.801637339417184 ], [ 120.261905227277623, 31.797422980352511 ], [ 120.258651019281658, 31.79294329857769 ], [ 120.258359292702735, 31.788656236099705 ], [ 120.25231731001908, 31.785247014877143 ], [ 120.251172827142128, 31.781021290630395 ], [ 120.247723657351699, 31.777240481148819 ], [ 120.248551051876575, 31.772661476063359 ], [ 120.243320281354812, 31.768436706583984 ], [ 120.243514893334705, 31.764925771608862 ], [ 120.24734621742148, 31.761594350677282 ], [ 120.251846758028009, 31.761421878957144 ], [ 120.255429565343462, 31.763803755535239 ], [ 120.256501650158839, 31.769518510066519 ], [ 120.262279897501031, 31.771453730919667 ], [ 120.265557548155257, 31.777959050533457 ], [ 120.272215615199329, 31.780994950745249 ], [ 120.27364271712419, 31.787884826105135 ], [ 120.28459864627122, 31.787256418662562 ], [ 120.28870449063136, 31.789235731380849 ], [ 120.290710173420564, 31.793229649444363 ], [ 120.29847312163443, 31.793276902702953 ], [ 120.30243620624654, 31.795154914835798 ], [ 120.304190555792928, 31.798666592006896 ], [ 120.303281164570464, 31.807740837385712 ], [ 120.297320418092553, 31.808810692021691 ], [ 120.289679222289095, 31.805450586089105 ], [ 120.28508598550647, 31.808243402381844 ], [ 120.278710697549727, 31.809225661622872 ] ], [ [ 120.285275790722295, 31.694289684220937 ], [ 120.282136394249832, 31.698784056098834 ], [ 120.273457575788612, 31.700672341804886 ], [ 120.264188314960549, 31.697244244231371 ], [ 120.260882277590184, 31.694447011747158 ], [ 120.260882308702833, 31.681933144359331 ], [ 120.264886806911662, 31.678895218245199 ], [ 120.274473932055756, 31.680903168149481 ], [ 120.276336178108181, 31.683216307435604 ], [ 120.282392330722644, 31.68428531979206 ], [ 120.284594594451846, 31.686519743088827 ], [ 120.285275790722295, 31.694289684220937 ] ], [ [ 120.225149327255494, 31.804724487427023 ], [ 120.217945255694204, 31.802402194268172 ], [ 120.21255420958326, 31.805456001428695 ], [ 120.212071145580069, 31.812445684228617 ], [ 120.209910427406328, 31.815744279353261 ], [ 120.206446215314102, 31.817534631471034 ], [ 120.202428583915761, 31.817231151440676 ], [ 120.198172762677601, 31.813089837697341 ], [ 120.191947470280013, 31.811579997943262 ], [ 120.184841507400364, 31.804727168253908 ], [ 120.184989157087841, 31.795817206523058 ], [ 120.190317442640421, 31.790481871518317 ], [ 120.196327469436014, 31.789399502794442 ], [ 120.200877694242095, 31.7932296080361 ], [ 120.210748733376434, 31.791702605214386 ], [ 120.209845332443081, 31.787213019931166 ], [ 120.211200635454887, 31.783582802534191 ], [ 120.205594517048382, 31.783047830559351 ], [ 120.201818512984715, 31.780821027011349 ], [ 120.200886490725949, 31.771624918135622 ], [ 120.191221830958554, 31.772356725239415 ], [ 120.184285540512477, 31.766632992195444 ], [ 120.183943316651792, 31.762647243326345 ], [ 120.186125438809626, 31.758846044621375 ], [ 120.192470689076742, 31.756620249590476 ], [ 120.201567066396564, 31.760214856222937 ], [ 120.204453214772144, 31.767500157851632 ], [ 120.209139496669479, 31.767401204696721 ], [ 120.219790401786, 31.771482103316963 ], [ 120.221549395101405, 31.775515693311505 ], [ 120.218552053813696, 31.781661377818526 ], [ 120.219740731856177, 31.782539536879288 ], [ 120.227148910088133, 31.774445596204188 ], [ 120.231670214646257, 31.773313196906134 ], [ 120.236105813815513, 31.774696020999976 ], [ 120.240817141262653, 31.779365305099208 ], [ 120.240405202343837, 31.785596802821019 ], [ 120.243854351003421, 31.790140209802086 ], [ 120.242314913149812, 31.796121696885432 ], [ 120.234785533912984, 31.802095572733588 ], [ 120.225149327255494, 31.804724487427023 ] ], [ [ 120.216339466847515, 31.751217383206949 ], [ 120.220630735603649, 31.751989974267509 ], [ 120.222381002807538, 31.748567162720683 ], [ 120.226344078492545, 31.746689906532676 ], [ 120.233585241922427, 31.748449003952942 ], [ 120.241159311756221, 31.75806428795104 ], [ 120.242336011132863, 31.766267612556938 ], [ 120.240451601819899, 31.769934219472841 ], [ 120.236987398493824, 31.771723870146342 ], [ 120.232074524772088, 31.771420537580017 ], [ 120.225122930579616, 31.76345791576021 ], [ 120.216725534588221, 31.767229475989499 ], [ 120.211061933715413, 31.765670664487502 ], [ 120.208947083870228, 31.761839765576937 ], [ 120.210142102900875, 31.755341468621118 ], [ 120.212353772044281, 31.752546058974289 ], [ 120.216339466847515, 31.751217383206949 ] ], [ [ 120.209659238122967, 31.741513911490397 ], [ 120.204752266777305, 31.736426296776838 ], [ 120.206256972267198, 31.726786149831167 ], [ 120.203553220351509, 31.717458000742614 ], [ 120.204991578658209, 31.713768117968499 ], [ 120.209850952194273, 31.711496126036774 ], [ 120.212611711644499, 31.706891539405358 ], [ 120.218079158233067, 31.705147002408413 ], [ 120.223910009065136, 31.705429391251958 ], [ 120.232510338602339, 31.708994482176049 ], [ 120.235123597535846, 31.713502554254919 ], [ 120.234116917569864, 31.718375025826663 ], [ 120.238396841558483, 31.720487332069009 ], [ 120.240414038904433, 31.724648734609801 ], [ 120.238976198875349, 31.728337491404705 ], [ 120.235189385524961, 31.730474778550654 ], [ 120.229619311272643, 31.731368544900693 ], [ 120.229617113766452, 31.72984589723103 ], [ 120.220642115361159, 31.729081679738186 ], [ 120.221054080498661, 31.737606547377922 ], [ 120.218531460551304, 31.741228057549801 ], [ 120.214153066606073, 31.742842427882458 ], [ 120.209659238122967, 31.741513911490397 ] ], [ [ 120.181772247338344, 31.670657909523094 ], [ 120.186736531510917, 31.670657909523108 ], [ 120.190908623983461, 31.674702700025652 ], [ 120.19309884559091, 31.669531008605301 ], [ 120.199654242557983, 31.667973402401643 ], [ 120.20441950779751, 31.670418129031116 ], [ 120.205325672656372, 31.674415506995864 ], [ 120.203257964384747, 31.677799977190283 ], [ 120.198432549133869, 31.679467237379484 ], [ 120.193393592728228, 31.678172687465565 ], [ 120.191106872621901, 31.675573619225723 ], [ 120.188346406479596, 31.683596992172859 ], [ 120.181430387358645, 31.685473180001299 ], [ 120.176862275793667, 31.682874467083721 ], [ 120.175555899528533, 31.677263049964683 ], [ 120.177467786784305, 31.672907633080385 ], [ 120.181772247338344, 31.670657909523094 ] ], [ [ 120.189199166602407, 31.74741731690856 ], [ 120.182712031661808, 31.750624921186855 ], [ 120.176244305397148, 31.748200082714018 ], [ 120.174960219394791, 31.743550099167891 ], [ 120.181336220949291, 31.733196694736609 ], [ 120.19034771157682, 31.732064698756226 ], [ 120.195857245438091, 31.734399721220647 ], [ 120.198342337151971, 31.740379846573344 ], [ 120.194585015191976, 31.748175857749359 ], [ 120.194071369664002, 31.746865470058207 ], [ 120.189199166602407, 31.74741731690856 ] ], [ [ 120.154533492273828, 31.762198164589034 ], [ 120.161736116451181, 31.77160073739547 ], [ 120.16584995311247, 31.781867534095312 ], [ 120.162919796104006, 31.786825540138636 ], [ 120.159355834274734, 31.787904134194601 ], [ 120.155053982935428, 31.786840368608662 ], [ 120.15077135072012, 31.784253825306244 ], [ 120.148765323644199, 31.781023002086602 ], [ 120.136691692234962, 31.775894525965715 ], [ 120.135289907699246, 31.767271374391481 ], [ 120.133499575871838, 31.767271374391481 ], [ 120.13439789115597, 31.765743878039551 ], [ 120.135290452189849, 31.767261589779 ], [ 120.137040664613622, 31.760025342066616 ], [ 120.14338165656261, 31.758100506328311 ], [ 120.154533492273828, 31.762198164589034 ] ], [ [ 120.097566964507081, 31.826060803570122 ], [ 120.097562492445775, 31.824539625994664 ], [ 120.09069585871687, 31.825255535206047 ], [ 120.082994053350518, 31.822455561584018 ], [ 120.080487842564921, 31.817752725328585 ], [ 120.082534845647558, 31.812674811448836 ], [ 120.08501020861452, 31.810745676391356 ], [ 120.084077328049688, 31.806370264605437 ], [ 120.087486402486903, 31.798367703329809 ], [ 120.0912028775452, 31.797050276511325 ], [ 120.09595116308509, 31.79798670734262 ], [ 120.100651500640694, 31.802145313560686 ], [ 120.10206964577992, 31.806126380235643 ], [ 120.100315756681937, 31.809637583472771 ], [ 120.095773222647694, 31.811563212390325 ], [ 120.094878048531314, 31.813843931092432 ], [ 120.098592492810781, 31.81537459829639 ], [ 120.10673311632064, 31.813977859098443 ], [ 120.115476112956955, 31.818405877252339 ], [ 120.118196555658344, 31.822655740256227 ], [ 120.116808642161914, 31.826844615049858 ], [ 120.112523035912901, 31.829071761623329 ], [ 120.104442274791921, 31.828463860540541 ], [ 120.097566964507081, 31.826060803570122 ] ] ], [ [ [ 120.090575327070781, 31.714544166251329 ], [ 120.094869129945835, 31.715316946078687 ], [ 120.100255880482806, 31.712261663198305 ], [ 120.104380730136739, 31.700011165190681 ], [ 120.113730792848671, 31.696213361468544 ], [ 120.120917004085811, 31.681691110611347 ], [ 120.11736902003679, 31.676708898492588 ], [ 120.120018738948346, 31.670987326432048 ], [ 120.119120575902002, 31.668701523263469 ], [ 120.110847079179393, 31.666618070672659 ], [ 120.107442475702683, 31.661055664016203 ], [ 120.102064497857398, 31.662584886197752 ], [ 120.106557591459321, 31.669459339337902 ], [ 120.112311839255696, 31.672491140443 ], [ 120.115604700432044, 31.680389002612038 ], [ 120.113426667580285, 31.684679817883719 ], [ 120.105654690773022, 31.686284744327448 ], [ 120.100498980678054, 31.691961716856287 ], [ 120.090386399163847, 31.691635324397389 ], [ 120.093078946698654, 31.693917737651567 ], [ 120.098660897996496, 31.69523710123768 ], [ 120.100882150533508, 31.698043570005801 ], [ 120.097566964507081, 31.710737220720628 ], [ 120.090142732125074, 31.71106861583792 ], [ 120.08588886581353, 31.707680337736932 ], [ 120.084985535105915, 31.703100141267992 ], [ 120.075828110916078, 31.703729442852776 ], [ 120.0679247576373, 31.699278829315215 ], [ 120.057580266684056, 31.705928952844022 ], [ 120.046369252456159, 31.70462861689462 ], [ 120.0463629933123, 31.708444567921898 ], [ 120.044572209516545, 31.708447335993782 ], [ 120.042204270030922, 31.712768470649571 ], [ 120.034690851548419, 31.714563459348458 ], [ 120.03655284681426, 31.719682013139057 ], [ 120.033792720952945, 31.726022070790005 ], [ 120.034691635219019, 31.728309474236941 ], [ 120.036481525186943, 31.728312342193153 ], [ 120.036484780181894, 31.72983506108628 ], [ 120.044566362743993, 31.729840456145809 ], [ 120.051870256792867, 31.733825336433014 ], [ 120.053554938413015, 31.737475346743015 ], [ 120.05534394864732, 31.737475206355093 ], [ 120.061628930314498, 31.735947358891789 ], [ 120.065887554001648, 31.731037431975217 ], [ 120.069899398855895, 31.730734230094804 ], [ 120.077804028256409, 31.733660630772697 ], [ 120.077810135918185, 31.737478088459909 ], [ 120.080493017179066, 31.738239354470785 ], [ 120.080492866447031, 31.731371104155304 ], [ 120.074735347642573, 31.728337491404712 ], [ 120.073792885067249, 31.722837567605218 ], [ 120.077619469868083, 31.719541269487497 ], [ 120.083191031252312, 31.719137718935553 ], [ 120.086820328322332, 31.715599547556135 ], [ 120.090575327070781, 31.714544166251329 ] ] ], [ [ [ 119.947548312059126, 31.71379400293138 ], [ 119.948240163850002, 31.711439764792086 ], [ 119.943960473750494, 31.71150672539726 ], [ 119.941456366729412, 31.715536492475536 ], [ 119.934977855011169, 31.717620115768028 ], [ 119.936774485579392, 31.72525076148818 ], [ 119.945033318403034, 31.723093449716721 ], [ 119.952035416418425, 31.726778861126707 ], [ 119.953418641440805, 31.721309312040216 ], [ 119.955859573736163, 31.718678822587563 ], [ 119.96161014461704, 31.716737501615913 ], [ 119.967308359600878, 31.717609428686181 ], [ 119.971796794853717, 31.715318394894538 ], [ 119.970045222321048, 31.709607103189622 ], [ 119.973593347636836, 31.704625912519845 ], [ 119.967307205194629, 31.700807341729746 ], [ 119.960703554043619, 31.70381731446329 ], [ 119.953842475977666, 31.702335825985276 ], [ 119.953356039138441, 31.707806787570899 ], [ 119.94888862933567, 31.711301233602903 ], [ 119.950243257911467, 31.713029816826758 ], [ 119.947548312059126, 31.71379400293138 ] ] ], [ [ [ 119.873299355465264, 31.713907182170058 ], [ 119.864936608121823, 31.712752667438576 ], [ 119.861304621955853, 31.707685637203188 ], [ 119.858619570992545, 31.707685678573981 ], [ 119.856293347278424, 31.71229151976145 ], [ 119.849639316022817, 31.718378770839802 ], [ 119.851433999486119, 31.722194334125309 ], [ 119.858360826125832, 31.719839392760285 ], [ 119.865569829133435, 31.720931864981829 ], [ 119.869511944130281, 31.723128013818812 ], [ 119.871355658405875, 31.727705030943376 ], [ 119.870299339243189, 31.732894661534569 ], [ 119.871336636983614, 31.734621498349899 ], [ 119.87208982819304, 31.733660630772697 ], [ 119.872982720649432, 31.736711355966008 ], [ 119.87557792565741, 31.731503093300674 ], [ 119.879270320589413, 31.729072440387004 ], [ 119.881066839415922, 31.72372590242335 ], [ 119.879878699108687, 31.718153720331966 ], [ 119.881072981034293, 31.712265624424877 ], [ 119.884660285240997, 31.705392885469799 ], [ 119.882874083663765, 31.705392950079428 ], [ 119.878068989673622, 31.71219408061847 ], [ 119.873299355465264, 31.713907182170058 ] ] ], [ [ [ 119.946654039890134, 31.808509607095875 ], [ 119.938336439503786, 31.812823677403689 ], [ 119.933181224442947, 31.813089818387361 ], [ 119.937628140412556, 31.821120673948659 ], [ 119.936233529322905, 31.828345205266796 ], [ 119.938559736399114, 31.828345237558072 ], [ 119.940576732490811, 31.82432351490317 ], [ 119.94508177857135, 31.821742048985438 ], [ 119.953239766383888, 31.823003764783746 ], [ 119.952177815449332, 31.816861647509455 ], [ 119.956290349733138, 31.812754592443891 ], [ 119.967986358153397, 31.81414938526294 ], [ 119.970618961702513, 31.817193464052725 ], [ 119.970424358619667, 31.820842214492959 ], [ 119.966654432355668, 31.82410078477724 ], [ 119.958026532848507, 31.826064767181418 ], [ 119.958289423090562, 31.830236955820574 ], [ 119.956537606518665, 31.833694999070484 ], [ 119.956537494776953, 31.835978634537852 ], [ 119.965387404721938, 31.84437713485643 ], [ 119.966698420707473, 31.837801599265241 ], [ 119.970035908217298, 31.833971352155142 ], [ 119.974574854297941, 31.83292766964485 ], [ 119.985272131164365, 31.835214117013322 ], [ 119.989527426155988, 31.830310535003829 ], [ 120.004136067296912, 31.826821494775505 ], [ 120.004427711580533, 31.821010132437081 ], [ 120.007729751166835, 31.817660864743242 ], [ 120.008633751379207, 31.810794417452826 ], [ 120.010424535174906, 31.810791646377741 ], [ 120.01222098263915, 31.806217974668716 ], [ 120.006176630418921, 31.803770471367653 ], [ 120.000569925031229, 31.809741534308156 ], [ 119.993585828803305, 31.808966264203157 ], [ 119.990953026805272, 31.805922056597712 ], [ 119.988110491315439, 31.794721576423914 ], [ 119.990468583591536, 31.791495903727867 ], [ 119.99523467161923, 31.790178547678181 ], [ 120.00234554439038, 31.793234953714457 ], [ 120.001084108018134, 31.793234953714457 ], [ 120.002351116632056, 31.795520209887759 ], [ 120.004654919020609, 31.795760495587576 ], [ 120.01671248127461, 31.787892667601977 ], [ 120.012707270100364, 31.784197207633227 ], [ 120.009526381735029, 31.77338484466911 ], [ 120.001764284566761, 31.776393907085769 ], [ 119.998160902379922, 31.774834977845483 ], [ 119.996195393364161, 31.771894898395892 ], [ 119.996537637236742, 31.768673515429281 ], [ 119.99897711117903, 31.766044532807101 ], [ 120.00304897483791, 31.764966096432843 ], [ 120.007283624005552, 31.766178597378623 ], [ 120.009525959001607, 31.758872392408176 ], [ 120.003238589690298, 31.754291750951733 ], [ 119.993028453430895, 31.75020522561897 ], [ 119.984374346150716, 31.738249956664063 ], [ 119.981688764916939, 31.738249974967054 ], [ 119.979646180937877, 31.744769907095073 ], [ 119.975078057510459, 31.747370094541719 ], [ 119.969415791716969, 31.745811537973324 ], [ 119.966408045815783, 31.739777907118825 ], [ 119.946655953704735, 31.744361559997582 ], [ 119.946364248885928, 31.7486491139884 ], [ 119.942062239456718, 31.754213009892425 ], [ 119.937412571128405, 31.75511859513999 ], [ 119.931383109006248, 31.753528342923445 ], [ 119.929274453981918, 31.756505443285917 ], [ 119.925671075319173, 31.758064137086219 ], [ 119.920401201719329, 31.756791343480071 ], [ 119.917898484855385, 31.752764443009585 ], [ 119.911418229096299, 31.75144452904636 ], [ 119.908915332014189, 31.747417256847761 ], [ 119.901740053064529, 31.747130113803856 ], [ 119.903602097013831, 31.752220592707729 ], [ 119.900841874214606, 31.758864553323274 ], [ 119.911690351625822, 31.76039515382055 ], [ 119.916764677482831, 31.763039940389739 ], [ 119.91880700582081, 31.77032096060077 ], [ 119.926170233385918, 31.768928680164642 ], [ 119.929954667688776, 31.770599423499885 ], [ 119.932694983243536, 31.77401956472437 ], [ 119.934318866585016, 31.782455319520508 ], [ 119.932695025495775, 31.789542176305577 ], [ 119.928683691092601, 31.793885698781821 ], [ 119.933180825696851, 31.800101146853855 ], [ 119.937491363602206, 31.795264306879872 ], [ 119.947864778574569, 31.793276902702953 ], [ 119.952714328663134, 31.794299622417743 ], [ 119.955347544042567, 31.797344246054859 ], [ 119.955778958911026, 31.802749726689296 ], [ 119.95313755521569, 31.807188976242426 ], [ 119.946654039890134, 31.808509607095875 ] ] ], [ [ [ 120.317649345413244, 31.849119613407176 ], [ 120.313157209867967, 31.842093099291475 ], [ 120.308334504174155, 31.840296923786958 ], [ 120.305951164478898, 31.836206503207105 ], [ 120.300271314519151, 31.840519494179226 ], [ 120.289264129849798, 31.837217310507992 ], [ 120.284600387832427, 31.839668357874388 ], [ 120.27726963105502, 31.839774022660631 ], [ 120.271846271244598, 31.847431452548044 ], [ 120.271846439485941, 31.849668586873069 ], [ 120.317649345413244, 31.849119613407176 ] ] ], [ [ [ 120.572781172634052, 31.202681879138972 ], [ 120.577513559882476, 31.1998720691515 ], [ 120.59523005687447, 31.194998475334753 ], [ 120.597024154815784, 31.193463776895847 ], [ 120.598471321755966, 31.18726849527981 ], [ 120.606905622941127, 31.181941566653887 ], [ 120.599722773983828, 31.178101830068034 ], [ 120.588945424920482, 31.179633393680625 ], [ 120.588940494796489, 31.175027259786873 ], [ 120.58265502042542, 31.173490186300377 ], [ 120.576592024788908, 31.177666511952769 ], [ 120.570086760883626, 31.178101523963413 ], [ 120.570839361400061, 31.18430654578485 ], [ 120.565595369151708, 31.190394448343142 ], [ 120.563798553894799, 31.196534783174311 ], [ 120.570259775692392, 31.19861670330199 ], [ 120.572781172634052, 31.202681879138972 ] ] ], [ [ [ 120.717048657245144, 31.195721890208503 ], [ 120.721890130040421, 31.19346107387042 ], [ 120.720515907545774, 31.184084283499196 ], [ 120.721890057093518, 31.178868777582057 ], [ 120.711240312977026, 31.175810454917553 ], [ 120.709319672992493, 31.177327709138797 ], [ 120.709319672992478, 31.17579651469206 ], [ 120.69944423474378, 31.181174424785048 ], [ 120.704540735660174, 31.191438978165692 ], [ 120.709958033461731, 31.195325949038001 ], [ 120.711122260490384, 31.201145159925741 ], [ 120.715601923051608, 31.200376779404259 ], [ 120.717048657245144, 31.195721890208503 ] ] ], [ [ [ 120.488338156214169, 31.224961777380535 ], [ 120.496590032802189, 31.222792069539999 ], [ 120.502701734817222, 31.226498192413843 ], [ 120.508363563590649, 31.204528862027328 ], [ 120.497320154649131, 31.204229249401781 ], [ 120.486703159445383, 31.209473791335054 ], [ 120.480253747603285, 31.208839183660725 ], [ 120.474865413713871, 31.22035395299147 ], [ 120.477559713278978, 31.221889049894155 ], [ 120.484502557074791, 31.222155161027242 ], [ 120.488338156214169, 31.224961777380535 ] ] ], [ [ [ 120.357187473188944, 31.221890120824707 ], [ 120.359875027469982, 31.222662529954501 ], [ 120.364373582671107, 31.23033903875611 ], [ 120.369756495595269, 31.23034424442621 ], [ 120.37144669604352, 31.233194404020296 ], [ 120.376943017868243, 31.231880512395644 ], [ 120.389515388730814, 31.232643304110585 ], [ 120.403239746500915, 31.224457445015961 ], [ 120.407680622364964, 31.223416784927565 ], [ 120.412869672303287, 31.224193673221208 ], [ 120.41556456771194, 31.215752797440114 ], [ 120.40479286308701, 31.212681669576696 ], [ 120.401770177456854, 31.216460477555241 ], [ 120.397610226332674, 31.218058450834928 ], [ 120.395841822953798, 31.223825561164787 ], [ 120.390163474324567, 31.225802812550089 ], [ 120.384349505752255, 31.223633032477284 ], [ 120.381429031786382, 31.217289400927967 ], [ 120.363470486112618, 31.214217334708898 ], [ 120.357983883145266, 31.21882437024356 ], [ 120.357187473188944, 31.221890120824707 ] ] ], [ [ [ 120.381434594288848, 31.300986708479158 ], [ 120.380380273457575, 31.302247855580429 ], [ 120.381440989415509, 31.303284141608053 ], [ 120.388615065612385, 31.302518260830656 ], [ 120.386864710356591, 31.296763003895219 ], [ 120.390411639468297, 31.291005282671954 ], [ 120.389806520338169, 31.285914272973653 ], [ 120.392455424887658, 31.282855708045616 ], [ 120.397776194411861, 31.281925147774967 ], [ 120.409280500145783, 31.287164088526058 ], [ 120.412870278815276, 31.285630997815293 ], [ 120.415211874925077, 31.280982062417372 ], [ 120.418264354732045, 31.279008187437615 ], [ 120.425449154501862, 31.277951548250208 ], [ 120.431173309697016, 31.274159166136418 ], [ 120.437704789449512, 31.275711687345474 ], [ 120.439840232645992, 31.279652086219155 ], [ 120.438132852488437, 31.283952200194726 ], [ 120.434191231867089, 31.28614307882679 ], [ 120.429049776408462, 31.286407154939479 ], [ 120.425488612949493, 31.295237812718195 ], [ 120.419169186639564, 31.298687137131896 ], [ 120.416573859493283, 31.303909562145805 ], [ 120.412298472672177, 31.307643450787438 ], [ 120.40569506388978, 31.310202297240089 ], [ 120.40966827919749, 31.313771365484115 ], [ 120.411085028541407, 31.319402532058174 ], [ 120.415032319960048, 31.321664722655878 ], [ 120.418225385218037, 31.327463336043845 ], [ 120.415676427192807, 31.334604941068477 ], [ 120.4101866403104, 31.337060630446114 ], [ 120.411982765362964, 31.340886375828777 ], [ 120.413769472455854, 31.340886333377881 ], [ 120.416539959707251, 31.337022555197176 ], [ 120.420957578081243, 31.335515430667947 ], [ 120.425691525050141, 31.329675512526666 ], [ 120.430138504467905, 31.32845831304429 ], [ 120.435330622627163, 31.329376959218816 ], [ 120.439176262727315, 31.326991922942671 ], [ 120.428628605331568, 31.315702955303205 ], [ 120.428286379217695, 31.312441974061883 ], [ 120.430266158390495, 31.309488626238874 ], [ 120.435903385620676, 31.307935939533717 ], [ 120.442517836102809, 31.310959112985998 ], [ 120.449700709109365, 31.307891787298711 ], [ 120.45713366350175, 31.296673807624561 ], [ 120.463242676104898, 31.294843133545005 ], [ 120.468675947328734, 31.297295834602615 ], [ 120.470327594133195, 31.300601092495388 ], [ 120.469886157907311, 31.304190762331835 ], [ 120.467600887142993, 31.307160511403268 ], [ 120.463187242073431, 31.308667303941029 ], [ 120.465948643602005, 31.319182169904959 ], [ 120.464722270387711, 31.322914303453114 ], [ 120.458858466243058, 31.326184280955992 ], [ 120.45150722956528, 31.326318299572108 ], [ 120.446831210799743, 31.329484159731457 ], [ 120.44798230042619, 31.333443266797108 ], [ 120.446473893888978, 31.337098583833249 ], [ 120.435339541212656, 31.343197291920017 ], [ 120.437090072680846, 31.348946963496964 ], [ 120.432182999125985, 31.354122877864029 ], [ 120.433536880767775, 31.354700962831696 ], [ 120.423661369572173, 31.354706219538897 ], [ 120.425312801563422, 31.363194666891317 ], [ 120.423079956058487, 31.36672162429921 ], [ 120.419169866098485, 31.368512191226806 ], [ 120.425165207386726, 31.3733923123451 ], [ 120.424559869544893, 31.380010823154525 ], [ 120.426355781322599, 31.383842007874335 ], [ 120.43288009636106, 31.37797108311393 ], [ 120.437303424528139, 31.377841477801908 ], [ 120.440762796217953, 31.379624470167574 ], [ 120.444322771838969, 31.396114171837823 ], [ 120.449386994953485, 31.398478875618064 ], [ 120.451509954108388, 31.40147887066356 ], [ 120.455180216945266, 31.401541006795821 ], [ 120.455994762870745, 31.395462236643148 ], [ 120.454796182724365, 31.391291378273166 ], [ 120.457429408017859, 31.379204503551641 ], [ 120.465041456152051, 31.376175318890709 ], [ 120.468756126833881, 31.377488384542684 ], [ 120.47099250342653, 31.380135560069924 ], [ 120.472186812731167, 31.390653439335882 ], [ 120.46857722779788, 31.39535349888293 ], [ 120.468284420850566, 31.401201354069318 ], [ 120.46430861446558, 31.404886702480791 ], [ 120.45950425464865, 31.405260830230585 ], [ 120.459448917620122, 31.409971950250263 ], [ 120.45728375981669, 31.413992693857516 ], [ 120.451509143379866, 31.416823014141848 ], [ 120.452407458664041, 31.424478383352817 ], [ 120.454198132302494, 31.422950516045692 ], [ 120.463054072124137, 31.423717083108055 ], [ 120.473056796339307, 31.4221786823102 ], [ 120.474818809401555, 31.4148976997833 ], [ 120.478281575154313, 31.413113471534011 ], [ 120.482938264464593, 31.412979314222088 ], [ 120.481075415743973, 31.407075660419597 ], [ 120.482581439943502, 31.402977329406394 ], [ 120.493153779242803, 31.398458333130645 ], [ 120.503645610777994, 31.401863484747583 ], [ 120.506911998026141, 31.407900729412219 ], [ 120.507204690995295, 31.412212659490365 ], [ 120.512393740933575, 31.411437286425073 ], [ 120.516843542010321, 31.412478415623394 ], [ 120.521578500308308, 31.41681252708371 ], [ 120.523365520470861, 31.416812360807825 ], [ 120.526055425026712, 31.413754776840552 ], [ 120.521394533652241, 31.410445838923774 ], [ 120.520713375129915, 31.40493712709873 ], [ 120.526057213413708, 31.399185769872091 ], [ 120.523372452294836, 31.397655630523797 ], [ 120.520004040359325, 31.400286330012221 ], [ 120.516508472258934, 31.400675880528514 ], [ 120.511300092702314, 31.397892603143806 ], [ 120.51003283731059, 31.392994834864236 ], [ 120.51527754174603, 31.38844456671611 ], [ 120.515277463960899, 31.386150480079067 ], [ 120.506554087459378, 31.38198138838926 ], [ 120.504480661899123, 31.376831798707695 ], [ 120.506261256680105, 31.372721636384309 ], [ 120.510986880038942, 31.370652494391557 ], [ 120.520436460539841, 31.371836824757303 ], [ 120.535048705379424, 31.381541171033227 ], [ 120.542820141412946, 31.378366126198344 ], [ 120.550762739621348, 31.380007229787935 ], [ 120.551216182987446, 31.377711971838039 ], [ 120.553904987221458, 31.376176140220544 ], [ 120.551947868871153, 31.367900307313914 ], [ 120.554624981951733, 31.362914994454623 ], [ 120.560528439785912, 31.360111912545733 ], [ 120.570078606447751, 31.360832362689749 ], [ 120.574642919807019, 31.355435675989785 ], [ 120.58248775066879, 31.35252829855057 ], [ 120.58912957902983, 31.353709583920768 ], [ 120.591501118041052, 31.359359430196445 ], [ 120.586256435997825, 31.365434877473053 ], [ 120.590421441821761, 31.36703504736677 ], [ 120.592465508372229, 31.370042261472619 ], [ 120.596131947193399, 31.370042261472619 ], [ 120.592628006013229, 31.371115762213222 ], [ 120.59084907787728, 31.375260897479478 ], [ 120.586907243191845, 31.377452862141705 ], [ 120.574575269083383, 31.376183470778304 ], [ 120.570985149114691, 31.378482855800783 ], [ 120.572847985326419, 31.384838623605837 ], [ 120.570470822946376, 31.390991718579649 ], [ 120.563538324159722, 31.393883965674355 ], [ 120.55661203162191, 31.390754301213303 ], [ 120.554815585742233, 31.399952531147797 ], [ 120.555703287346745, 31.402245513520789 ], [ 120.55997048410029, 31.398848068093361 ], [ 120.565589227533366, 31.398417062246605 ], [ 120.569506341230124, 31.400203997122539 ], [ 120.571738308175455, 31.403730002214857 ], [ 120.569761602563332, 31.409855748041874 ], [ 120.564496027412559, 31.411608091403878 ], [ 120.559305492605787, 31.410689915203555 ], [ 120.558408662190104, 31.413745962692548 ], [ 120.561993768890702, 31.414512441812075 ], [ 120.567190973264985, 31.412970602010194 ], [ 120.570742461612795, 31.414045825298249 ], [ 120.575887696191458, 31.418985830584081 ], [ 120.576374956345717, 31.423554768242333 ], [ 120.588047109636307, 31.417584371204121 ], [ 120.588047109636307, 31.419884185156715 ], [ 120.583560533357129, 31.423712692176533 ], [ 120.588051152751419, 31.42677794497779 ], [ 120.594997436605752, 31.427844662665269 ], [ 120.597641908260584, 31.430899294442888 ], [ 120.597447305153011, 31.434579830603866 ], [ 120.590748163150437, 31.439049659655243 ], [ 120.591640370772808, 31.442879222845011 ], [ 120.590969684670341, 31.442116263857653 ], [ 120.588627430748744, 31.44588152110185 ], [ 120.584315902845916, 31.447501201985705 ], [ 120.579068428856431, 31.446716506914346 ], [ 120.574578410251135, 31.450546932215119 ], [ 120.578172245820241, 31.455902006024118 ], [ 120.589140309757056, 31.454217723063088 ], [ 120.596125578012433, 31.455624571988228 ], [ 120.592466617287073, 31.445720198126292 ], [ 120.593320133005022, 31.442389092619155 ], [ 120.596773957474198, 31.439989475883859 ], [ 120.601285409305731, 31.440073988482819 ], [ 120.606017887380034, 31.443640300928177 ], [ 120.613387147630803, 31.444956707746787 ], [ 120.615608262744772, 31.447761324525114 ], [ 120.61590084037374, 31.451304061289367 ], [ 120.619955687910362, 31.450542981880602 ], [ 120.620386459864605, 31.449010280222822 ], [ 120.621281455187841, 31.450537317332408 ], [ 120.6239752489398, 31.450537655471361 ], [ 120.628465246472317, 31.444408453598207 ], [ 120.627566340973345, 31.442118044285369 ], [ 120.61769151401225, 31.443645626952971 ], [ 120.61769151401225, 31.440590696928634 ], [ 120.613239765112624, 31.432528117678146 ], [ 120.613920948032217, 31.429321746967705 ], [ 120.616787147778766, 31.426779718130003 ], [ 120.61498900273763, 31.422189133353569 ], [ 120.608713783998866, 31.419122870183649 ], [ 120.60709593222569, 31.422698181168865 ], [ 120.609606676455172, 31.424483643891168 ], [ 120.600818408450223, 31.425407054129927 ], [ 120.593704665208776, 31.422028915411602 ], [ 120.592541438632693, 31.416926236841263 ], [ 120.596316462461672, 31.412578448233607 ], [ 120.594335316625163, 31.411451258319179 ], [ 120.59882400433689, 31.412212526396651 ], [ 120.606007385442098, 31.406855109062214 ], [ 120.60331379442411, 31.405323059585093 ], [ 120.591877088869552, 31.405823945211981 ], [ 120.587287925133907, 31.401538424761405 ], [ 120.587148794352231, 31.397650288454937 ], [ 120.595474858493915, 31.389474519020023 ], [ 120.60445099297749, 31.39041549754803 ], [ 120.609600719525531, 31.395344670575298 ], [ 120.609600568793454, 31.388451064533047 ], [ 120.606839490915107, 31.382855940534792 ], [ 120.610796964056576, 31.374646345316396 ], [ 120.606911730602874, 31.369275256005459 ], [ 120.610143545478579, 31.363096912914973 ], [ 120.620216810072506, 31.359432378928588 ], [ 120.625112139102612, 31.359737028508317 ], [ 120.629692360997467, 31.361857297739775 ], [ 120.631777698345957, 31.36495499312861 ], [ 120.63027388491966, 31.372337982641287 ], [ 120.644452014906747, 31.374188181713489 ], [ 120.648239548062406, 31.377706686007034 ], [ 120.65114481922312, 31.373680339643926 ], [ 120.654764133803525, 31.371835341284058 ], [ 120.66439795185677, 31.372337982641287 ], [ 120.662601381566745, 31.366209632916597 ], [ 120.655420755945315, 31.361604857045492 ], [ 120.653624125377064, 31.355468087226861 ], [ 120.657217386513565, 31.353933832184286 ], [ 120.659014017081816, 31.35700231723332 ], [ 120.663555645266371, 31.359156857181876 ], [ 120.665296216714452, 31.358532171451674 ], [ 120.664237184391453, 31.354093001854771 ], [ 120.666162147426661, 31.349708528873396 ], [ 120.670934457948121, 31.34728836791961 ], [ 120.676076050550336, 31.347024118431321 ], [ 120.675168574896659, 31.341050919449749 ], [ 120.676679314088958, 31.334689255579477 ], [ 120.673387061627679, 31.333986238899072 ], [ 120.676973546062229, 31.333220386386479 ], [ 120.682364184592259, 31.328611065083908 ], [ 120.682363784753733, 31.326315132338753 ], [ 120.677020473997857, 31.32055846954017 ], [ 120.679669311686794, 31.30789979790859 ], [ 120.67051984195281, 31.306997508301123 ], [ 120.667061951321472, 31.305215864284119 ], [ 120.665287088836465, 31.301146230054439 ], [ 120.667092803689457, 31.296384769288174 ], [ 120.664403908786511, 31.296381203597715 ], [ 120.664399865671385, 31.294083703065397 ], [ 120.658438830744984, 31.292484550784842 ], [ 120.651822071981016, 31.28333632690611 ], [ 120.644808756919758, 31.289343935266523 ], [ 120.63638411177989, 31.289342997269053 ], [ 120.632321409961591, 31.28684213712592 ], [ 120.631160213397436, 31.282567282096345 ], [ 120.627456113801586, 31.2799869517793 ], [ 120.62665952058515, 31.276581094203671 ], [ 120.629363505044068, 31.271812163396795 ], [ 120.629851366349342, 31.267073259312454 ], [ 120.632956917025169, 31.263373926738549 ], [ 120.620386459864605, 31.26336850026458 ], [ 120.618589829296397, 31.261832744478554 ], [ 120.62158820797454, 31.260329385688348 ], [ 120.621278818219039, 31.256462653769365 ], [ 120.615563083051853, 31.258720107761444 ], [ 120.610324096598319, 31.257452256322736 ], [ 120.607804088957266, 31.251854973824376 ], [ 120.604036120460364, 31.250540899978059 ], [ 120.601795517762497, 31.247888134816122 ], [ 120.600617566684321, 31.241102846139512 ], [ 120.59434069420999, 31.243398277590835 ], [ 120.597030262477503, 31.244937781570503 ], [ 120.597030262477503, 31.252617684975693 ], [ 120.586250479068113, 31.254921534187506 ], [ 120.586250479068113, 31.256457402433576 ], [ 120.584453848499834, 31.254921534187506 ], [ 120.586250479068113, 31.243401725935833 ], [ 120.588044659791038, 31.243396489354744 ], [ 120.586250479068113, 31.239561477546612 ], [ 120.588945424920453, 31.238793409138918 ], [ 120.591029314544443, 31.22678226087589 ], [ 120.595227524247562, 31.221896869797465 ], [ 120.59343919884725, 31.22113152430029 ], [ 120.587478972103639, 31.222621199205424 ], [ 120.58152531107055, 31.220692160256565 ], [ 120.574569491665642, 31.214985573050406 ], [ 120.560918269122354, 31.212135263372172 ], [ 120.553906656778494, 31.204229180867411 ], [ 120.547861379140329, 31.203962998205139 ], [ 120.543128456721448, 31.200387408768076 ], [ 120.535941487404912, 31.198850609485973 ], [ 120.527526665632593, 31.201109448377768 ], [ 120.520677935388676, 31.200387340236432 ], [ 120.516813683897965, 31.203918870333371 ], [ 120.521432093837149, 31.210309397876003 ], [ 120.520679570989159, 31.215745907653655 ], [ 120.524369222373835, 31.218197062844428 ], [ 120.528717872725196, 31.226114292931115 ], [ 120.52757275312085, 31.236210137991709 ], [ 120.522476123772236, 31.240333481408843 ], [ 120.523374366109465, 31.244932530863107 ], [ 120.528031385773204, 31.245067316780265 ], [ 120.531810818181597, 31.247194442089246 ], [ 120.53415768370472, 31.251907887401892 ], [ 120.532737695744984, 31.255939200180297 ], [ 120.520927736132776, 31.261132403863918 ], [ 120.515607803738504, 31.259471515931207 ], [ 120.513481518226612, 31.255694745856694 ], [ 120.507765248957512, 31.258720107761444 ], [ 120.502258833790989, 31.257494537048959 ], [ 120.49728205591444, 31.25454713094549 ], [ 120.492409185472383, 31.248144677691553 ], [ 120.49201622110732, 31.242171796236871 ], [ 120.49461617846957, 31.23802727132141 ], [ 120.488338585160363, 31.23419018192493 ], [ 120.480255305418623, 31.240333481408843 ], [ 120.482903848603655, 31.245317543585379 ], [ 120.482051863039956, 31.250308528537865 ], [ 120.487495992973635, 31.249542896384217 ], [ 120.491853833016464, 31.25104703230134 ], [ 120.494335140766239, 31.25443300645038 ], [ 120.494482774840549, 31.258052617065875 ], [ 120.4925015087085, 31.261007262147661 ], [ 120.481153698487844, 31.267978164523932 ], [ 120.4799621560323, 31.275373739439093 ], [ 120.475983387404185, 31.279062093890936 ], [ 120.470605606185359, 31.279231687833811 ], [ 120.464075557312711, 31.274891207238081 ], [ 120.457134510179671, 31.2730581236729 ], [ 120.453294394190635, 31.26721305545124 ], [ 120.447728773655896, 31.265130947612903 ], [ 120.445255301305991, 31.261452262899521 ], [ 120.44790381765192, 31.254924080690273 ], [ 120.443900153484392, 31.250448597552925 ], [ 120.443705550364996, 31.246753055662893 ], [ 120.449493228647626, 31.239231351838921 ], [ 120.453239925822729, 31.238022419476149 ], [ 120.458683751793387, 31.23878815876639 ], [ 120.458829327062972, 31.233356471306543 ], [ 120.463175177481972, 31.22803724985955 ], [ 120.46395238740827, 31.221126112137068 ], [ 120.451509487436397, 31.222668475049097 ], [ 120.450346095882921, 31.229251572530988 ], [ 120.44496959667903, 31.232390084051719 ], [ 120.440961610265191, 31.232387816026431 ], [ 120.436237249447927, 31.229581374075998 ], [ 120.433632345595669, 31.2356015661518 ], [ 120.4184904390914, 31.249883610212951 ], [ 120.410422910617697, 31.249254022347447 ], [ 120.406460209224605, 31.244169756874804 ], [ 120.403897899219601, 31.244175030668472 ], [ 120.402453442918087, 31.247289134114389 ], [ 120.399155962969985, 31.24928718095855 ], [ 120.391620768907813, 31.248783302278255 ], [ 120.390417747130016, 31.254921534187506 ], [ 120.382332909572966, 31.265672087087474 ], [ 120.375146387299992, 31.267207780395616 ], [ 120.370649074758731, 31.261838005670839 ], [ 120.360777260290774, 31.259535213716088 ], [ 120.358078396901732, 31.26490423105945 ], [ 120.349098132769427, 31.265677471816591 ], [ 120.348196928776403, 31.267975617675816 ], [ 120.343705352355855, 31.268743448703709 ], [ 120.341007517796214, 31.265677471853049 ], [ 120.335620514798734, 31.265672087087474 ], [ 120.330235389703148, 31.262609330734207 ], [ 120.328215262361269, 31.266640671673791 ], [ 120.323044100821107, 31.269399114180072 ], [ 120.329332307809878, 31.27104690430971 ], [ 120.33064721353476, 31.278091250077598 ], [ 120.328521985831728, 31.281030229646344 ], [ 120.329338337686508, 31.288700918342499 ], [ 120.353586820481155, 31.299451565191454 ], [ 120.352688505197008, 31.301754270740087 ], [ 120.346400298208209, 31.300986708479158 ], [ 120.341914751664206, 31.303293320782842 ], [ 120.34460563038229, 31.311721817427397 ], [ 120.345501982924048, 31.309429549483497 ], [ 120.351962514664166, 31.310326570188689 ], [ 120.361544445018623, 31.314801872551254 ], [ 120.368852072649418, 31.313264406324421 ], [ 120.370793221076539, 31.303407539210635 ], [ 120.367061549742928, 31.300219139956976 ], [ 120.367959865027046, 31.296381203597715 ], [ 120.372451441447652, 31.294845985291754 ], [ 120.381434594288848, 31.300986708479158 ] ], [ [ 120.534725329416318, 31.350804895540175 ], [ 120.52785998560033, 31.354700962831696 ], [ 120.52704791247632, 31.353313990544759 ], [ 120.522472982604441, 31.35240494169744 ], [ 120.511690310486188, 31.355468087226861 ], [ 120.5080984507605, 31.353020706335133 ], [ 120.508513879140438, 31.360970591992274 ], [ 120.500916634738459, 31.366209720996263 ], [ 120.502873760657479, 31.37173531002162 ], [ 120.501554968272004, 31.375846276113258 ], [ 120.495520635372017, 31.378841869382434 ], [ 120.495520635372017, 31.380012762861256 ], [ 120.491029058951469, 31.37924583878144 ], [ 120.492652558263899, 31.37896862785443 ], [ 120.485454319967133, 31.37563477458675 ], [ 120.483425671414963, 31.37324280643363 ], [ 120.483083445305283, 31.369986772185335 ], [ 120.48563305958497, 31.366204622088173 ], [ 120.48653137486906, 31.36007325143801 ], [ 120.478091558118237, 31.351674943897763 ], [ 120.475797772778591, 31.347412669311872 ], [ 120.477875764834536, 31.342486211865811 ], [ 120.484736379901292, 31.340886333377881 ], [ 120.485778501995298, 31.331627483329793 ], [ 120.48904917266961, 31.326855323372722 ], [ 120.499111007799613, 31.325540211249557 ], [ 120.501771400122237, 31.321317940855423 ], [ 120.508591532888943, 31.316821717642412 ], [ 120.521744161259832, 31.314163937260645 ], [ 120.525202302343246, 31.315945785296954 ], [ 120.526921510217534, 31.31902174205791 ], [ 120.525202558984105, 31.323634105900165 ], [ 120.520679420257125, 31.325550854443467 ], [ 120.525025702782997, 31.330860138017393 ], [ 120.524272832125604, 31.336285551480209 ], [ 120.527864028715456, 31.339351822043632 ], [ 120.53508464310076, 31.342036241492515 ], [ 120.536703852457435, 31.3478527812488 ], [ 120.534725329416318, 31.350804895540175 ] ] ], [ [ [ 120.683303437285559, 31.434425086744788 ], [ 120.689550779812137, 31.432143646195716 ], [ 120.684740490392926, 31.42959523216415 ], [ 120.682365196021308, 31.426130959729285 ], [ 120.673958119109869, 31.430574583783056 ], [ 120.666205011416039, 31.428321679032216 ], [ 120.665302224070615, 31.433681884605356 ], [ 120.658121052215392, 31.435217994443839 ], [ 120.657223416390167, 31.437510268762555 ], [ 120.663657303542635, 31.438193099142655 ], [ 120.668002681555933, 31.441343793733967 ], [ 120.668905539364943, 31.444343620052539 ], [ 120.667490508427974, 31.447717256207767 ], [ 120.661708962934156, 31.451196950580371 ], [ 120.666906375279225, 31.453619972578469 ], [ 120.668003126852682, 31.458200851614261 ], [ 120.676336280285483, 31.455073252945301 ], [ 120.685959003544056, 31.459733338267974 ], [ 120.688470826069207, 31.456452149684029 ], [ 120.694940671516804, 31.45436936413023 ], [ 120.695389121219605, 31.449010508974752 ], [ 120.693597429603855, 31.447482688348618 ], [ 120.680573583900653, 31.449010280222822 ], [ 120.685252768791543, 31.448089069543716 ], [ 120.680156516823601, 31.443010535494711 ], [ 120.680156527915187, 31.438149260288746 ], [ 120.683303437285559, 31.434425086744788 ] ] ], [ [ [ 120.72098757774458, 31.492611494453808 ], [ 120.722788728193677, 31.487132824163606 ], [ 120.720099456401897, 31.48655425050363 ], [ 120.716500814691372, 31.481961995606248 ], [ 120.712910736622746, 31.480431078034904 ], [ 120.701237032941592, 31.480431078034904 ], [ 120.699444188035628, 31.48195304692673 ], [ 120.711780401783074, 31.486850097748675 ], [ 120.714811611936497, 31.489747857438839 ], [ 120.716578128494163, 31.495971105497134 ], [ 120.714752990873876, 31.499959360275962 ], [ 120.70360449244609, 31.504896200780294 ], [ 120.690461454702472, 31.504174140750223 ], [ 120.693155493087986, 31.509528064665876 ], [ 120.697460122379582, 31.51213985599755 ], [ 120.69943820486715, 31.511830478308017 ], [ 120.7012348354354, 31.515659613656752 ], [ 120.697649037515731, 31.515659613656752 ], [ 120.69943820486715, 31.517191223861481 ], [ 120.699443627694947, 31.52101485048064 ], [ 120.708421357708318, 31.521020139536262 ], [ 120.707525650126101, 31.523310744818097 ], [ 120.709316784288518, 31.523312033095394 ], [ 120.70929763809562, 31.514221680031774 ], [ 120.710749899655426, 31.511029360796567 ], [ 120.715745825635238, 31.508526947799702 ], [ 120.723175346401092, 31.509012541528808 ], [ 120.724584875014102, 31.505701884420006 ], [ 120.724583443077961, 31.497281263136713 ], [ 120.72098757774458, 31.492611494453808 ] ] ], [ [ [ 120.741430289717215, 31.54780397335972 ], [ 120.743455653788985, 31.548583699346125 ], [ 120.745267304642184, 31.556396678289929 ], [ 120.743461610690488, 31.561591727856005 ], [ 120.746150053269673, 31.561771533298351 ], [ 120.747941807381849, 31.561591704605576 ], [ 120.751129743930875, 31.556726501851941 ], [ 120.756925910989537, 31.555467985483723 ], [ 120.763218590039656, 31.549349237630853 ], [ 120.77041141625061, 31.555468065066524 ], [ 120.776439046496009, 31.553874581786545 ], [ 120.782078738944904, 31.554702497493594 ], [ 120.788365310333219, 31.550112215259908 ], [ 120.788365310333219, 31.544758467984686 ], [ 120.785805646140929, 31.538592991991816 ], [ 120.787788064537679, 31.535634637915262 ], [ 120.792857750124554, 31.533267412841216 ], [ 120.7928629944156, 31.530208896879678 ], [ 120.797354570836177, 31.527146078205863 ], [ 120.797354570836177, 31.529437388078545 ], [ 120.799146064816824, 31.528928703571115 ], [ 120.799151201404428, 31.527146078205856 ], [ 120.811723973425586, 31.521475550344821 ], [ 120.811727615382097, 31.518722808958277 ], [ 120.814414371336866, 31.520249714523469 ], [ 120.816209704901127, 31.519486680855611 ], [ 120.811310344165108, 31.51349217439493 ], [ 120.809026598742633, 31.505706760850973 ], [ 120.806337723677373, 31.505703535402755 ], [ 120.807603365542633, 31.504624452743315 ], [ 120.80633358451766, 31.503410654830287 ], [ 120.799148862883953, 31.501203533202446 ], [ 120.794662022470675, 31.501429305044361 ], [ 120.791072414796758, 31.504175310358246 ], [ 120.796456255552073, 31.510298780230102 ], [ 120.79555794026794, 31.511830478308017 ], [ 120.7928629944156, 31.50800118605946 ], [ 120.786730049473675, 31.510695875609986 ], [ 120.787473102710848, 31.512596317923606 ], [ 120.782083211006182, 31.514127978344149 ], [ 120.777591634585534, 31.512596317923606 ], [ 120.77848994986968, 31.51106463240416 ], [ 120.782981526290271, 31.51183047830796 ], [ 120.783877101672005, 31.510303451941375 ], [ 120.777591634585534, 31.50953292178578 ], [ 120.774896688733222, 31.505703535402755 ], [ 120.776768035348539, 31.505703535402755 ], [ 120.77578929594803, 31.503411103962506 ], [ 120.768610028151841, 31.503411284660121 ], [ 120.76411690532376, 31.504937639301058 ], [ 120.764864454821193, 31.50366291300924 ], [ 120.754191985318698, 31.500725267775891 ], [ 120.752428599373928, 31.497207136356778 ], [ 120.754229295580146, 31.490382479231357 ], [ 120.753339319413101, 31.488857799060685 ], [ 120.738970034298134, 31.491155700707424 ], [ 120.740760707936616, 31.50034213091708 ], [ 120.73807186974598, 31.499578743900567 ], [ 120.738071887022755, 31.504169494607471 ], [ 120.746150599641339, 31.505703535402748 ], [ 120.745252284357235, 31.50800118605946 ], [ 120.749743860777841, 31.507235308777485 ], [ 120.748845545493737, 31.514127978344149 ], [ 120.746150599641382, 31.514893799140104 ], [ 120.746150599641339, 31.51106463240416 ], [ 120.744353969073117, 31.510298780230102 ], [ 120.739862392652512, 31.514127978344149 ], [ 120.739088154106454, 31.509308650037866 ], [ 120.73470441752859, 31.514462136273018 ], [ 120.730235197332647, 31.515562736530342 ], [ 120.726456111308963, 31.514713409380594 ], [ 120.724597083771897, 31.519485018084595 ], [ 120.728194572238536, 31.524155653999937 ], [ 120.729082609243065, 31.529443201632322 ], [ 120.727291494642273, 31.528679850923808 ], [ 120.726394433505106, 31.530974585856843 ], [ 120.729980924527197, 31.530974585856843 ], [ 120.729980924527197, 31.53327161511292 ], [ 120.726394098283421, 31.53327161511292 ], [ 120.724596989780423, 31.537860243544813 ], [ 120.731777555095462, 31.537099871630854 ], [ 120.731777555095462, 31.538624695943909 ], [ 120.734826276349594, 31.54006185857715 ], [ 120.737167446800157, 31.539396750203572 ], [ 120.736045582965886, 31.541309011734253 ], [ 120.737173476676787, 31.546283092532057 ], [ 120.738969615792811, 31.547047883975335 ], [ 120.740760707936616, 31.545521483441828 ], [ 120.741430289717215, 31.54780397335972 ] ] ], [ [ [ 120.596131947193399, 31.537865504103969 ], [ 120.599725208329858, 31.537865504103969 ], [ 120.598116826853015, 31.539236306667192 ], [ 120.608702938343313, 31.540157073711285 ], [ 120.61049885012099, 31.536332290003699 ], [ 120.604937504507049, 31.531500795631217 ], [ 120.605109029217928, 31.525617847931084 ], [ 120.598821235131467, 31.517962298226522 ], [ 120.594335316625163, 31.521020139536262 ], [ 120.585358120713707, 31.520259634766024 ], [ 120.586210920039775, 31.525223645844207 ], [ 120.583561640877477, 31.530206343046199 ], [ 120.591407798636794, 31.535865275118077 ], [ 120.59446251557182, 31.540162363830031 ], [ 120.596131947193399, 31.537865504103969 ] ] ], [ [ [ 120.69086750265015, 31.615650408985942 ], [ 120.6931544699396, 31.618216619496781 ], [ 120.695838913854018, 31.617453025296335 ], [ 120.688653081294817, 31.60981220705504 ], [ 120.681424847904253, 31.607890342429315 ], [ 120.679669285448057, 31.600630789642899 ], [ 120.677878638048284, 31.601391102945939 ], [ 120.673382373818512, 31.59680449598012 ], [ 120.671590431059414, 31.596800342436602 ], [ 120.670687713341238, 31.594509661260712 ], [ 120.663505593502364, 31.592974535831079 ], [ 120.666200539354733, 31.59220935565072 ], [ 120.666194431723014, 31.587620704254586 ], [ 120.664403908786511, 31.587618142615103 ], [ 120.6654694891632, 31.587012998600901 ], [ 120.6643984763936, 31.585325547961119 ], [ 120.659327410533649, 31.582959180290388 ], [ 120.657356000237328, 31.580013637832579 ], [ 120.658645453717668, 31.575341499798281 ], [ 120.662601248341602, 31.573073853468976 ], [ 120.66081064765001, 31.553176834812355 ], [ 120.66260727821826, 31.550880295344726 ], [ 120.663126512987517, 31.563710037330917 ], [ 120.66710255790521, 31.560349374371789 ], [ 120.673562881035537, 31.559430120638101 ], [ 120.677668412817923, 31.561407044202294 ], [ 120.679680894134364, 31.565420007570122 ], [ 120.686867276895782, 31.568480364361573 ], [ 120.687799578623356, 31.556630960788048 ], [ 120.690448944364206, 31.55240877350359 ], [ 120.684798791679057, 31.550501111720902 ], [ 120.680712304199261, 31.543274077838799 ], [ 120.682258507298769, 31.53802224419049 ], [ 120.687754149243887, 31.5355633211908 ], [ 120.682656595504255, 31.530688914220136 ], [ 120.683262422091232, 31.524851451974147 ], [ 120.676790568784426, 31.522005472188965 ], [ 120.674278966504502, 31.518728054999489 ], [ 120.669247491599407, 31.518422724765767 ], [ 120.667098854638866, 31.520254368947196 ], [ 120.667843895745335, 31.517713863065723 ], [ 120.665295799790087, 31.514133223529988 ], [ 120.657223343443277, 31.512601583319285 ], [ 120.658992498974129, 31.517817274146662 ], [ 120.657979862572745, 31.526312225134578 ], [ 120.65510558846735, 31.530143011182044 ], [ 120.650935136454379, 31.531745535008529 ], [ 120.655465338758972, 31.53442120479022 ], [ 120.658126024472637, 31.539470055785188 ], [ 120.656430955292734, 31.54383329999084 ], [ 120.650036971902338, 31.548586253672578 ], [ 120.656180379791778, 31.553893340538341 ], [ 120.654041538668636, 31.562491551987968 ], [ 120.650264141575903, 31.565757536096207 ], [ 120.645543330935126, 31.566194842233987 ], [ 120.642179385275469, 31.568819056217546 ], [ 120.636562242640522, 31.570018951866022 ], [ 120.641047711399395, 31.575373801853669 ], [ 120.640155503777024, 31.579197775987247 ], [ 120.644601580022211, 31.58418522517292 ], [ 120.645539287819986, 31.589148572101152 ], [ 120.643752017147847, 31.59067617472035 ], [ 120.659133625640578, 31.597599443457916 ], [ 120.661708962934156, 31.598330621077594 ], [ 120.66081064765001, 31.596800342436602 ], [ 120.664403908786511, 31.596800342436602 ], [ 120.665308379551291, 31.604446222378428 ], [ 120.667997169922955, 31.603686398336695 ], [ 120.673756679387466, 31.606715853542198 ], [ 120.675348647006246, 31.610729459732564 ], [ 120.673393203246022, 31.615928962751472 ], [ 120.674286020330001, 31.617450267272169 ], [ 120.680889941761762, 31.614635575788064 ], [ 120.686217748410797, 31.6143292320386 ], [ 120.69086750265015, 31.615650408985942 ] ] ], [ [ [ 120.527866127218672, 31.567722215593712 ], [ 120.532941514382472, 31.570355113501218 ], [ 120.535052464802988, 31.576899163464841 ], [ 120.545182242631782, 31.576235063493488 ], [ 120.553675825999647, 31.577929917527495 ], [ 120.563792596965058, 31.584557208229437 ], [ 120.566506466294342, 31.589158812579871 ], [ 120.570973162308348, 31.588378090907575 ], [ 120.570972703447126, 31.583794372507501 ], [ 120.56828417338572, 31.58149617331329 ], [ 120.566481696044917, 31.576141884488049 ], [ 120.555123171867422, 31.573010594512692 ], [ 120.553151456146225, 31.570064769569747 ], [ 120.553006705893893, 31.565426645403456 ], [ 120.547577387810421, 31.562742927990882 ], [ 120.544922553170807, 31.557775035270453 ], [ 120.536848561269323, 31.560071405290874 ], [ 120.53473247157055, 31.563826342075096 ], [ 120.527866127218672, 31.567722215593712 ] ] ], [ [ [ 120.582369805956745, 31.616152797913184 ], [ 120.586254522183211, 31.618981567241693 ], [ 120.592991188658772, 31.620250932821055 ], [ 120.597035554831109, 31.624336210271572 ], [ 120.605109143104869, 31.625866065067751 ], [ 120.601514919926544, 31.619755096373495 ], [ 120.596131947193399, 31.616692003549101 ], [ 120.597024154815784, 31.613634580677626 ], [ 120.588041686808538, 31.60216150126378 ], [ 120.586255901895882, 31.60216150126378 ], [ 120.581806056809413, 31.610950392086799 ], [ 120.577337119911505, 31.612869510143199 ], [ 120.571875237015988, 31.611342408661915 ], [ 120.566311004812533, 31.611972555662472 ], [ 120.562524535316015, 31.609837557892149 ], [ 120.560932638143598, 31.602313776876247 ], [ 120.56287745939261, 31.59679006539163 ], [ 120.558408662190104, 31.597570754996493 ], [ 120.557921914298291, 31.600754413641301 ], [ 120.552526617041934, 31.606258441211253 ], [ 120.546730636443471, 31.60828077629046 ], [ 120.546438465342874, 31.613344473986604 ], [ 120.542239137807968, 31.618989477947615 ], [ 120.542238987075962, 31.621276511906618 ], [ 120.547054892326457, 31.623070706088992 ], [ 120.549424975246993, 31.627395842589063 ], [ 120.55121171092614, 31.627395801253336 ], [ 120.556429440913405, 31.622941083056158 ], [ 120.563087507001029, 31.624124814713671 ], [ 120.565704209251081, 31.628640417084139 ], [ 120.564696869178931, 31.635809320234813 ], [ 120.576362981066154, 31.63045670595471 ], [ 120.573713350998062, 31.620911576682357 ], [ 120.578004655141442, 31.616109671036913 ], [ 120.582369805956745, 31.616152797913184 ] ] ], [ [ [ 120.709314790419398, 31.679395070758076 ], [ 120.712324899685953, 31.674882857881677 ], [ 120.71739866377699, 31.672516175500757 ], [ 120.720666224575993, 31.666662713244499 ], [ 120.728178871131178, 31.664868101357829 ], [ 120.732058872442479, 31.655808397367878 ], [ 120.735365131303595, 31.652635486719401 ], [ 120.738059805154549, 31.644232558998858 ], [ 120.728189716786787, 31.643467823283569 ], [ 120.725260479239466, 31.647752398266157 ], [ 120.719435364037508, 31.648555541128978 ], [ 120.715852681347954, 31.646176193237441 ], [ 120.712906904252293, 31.636583372327046 ], [ 120.710819127132879, 31.635820717678428 ], [ 120.708427099006883, 31.637347625097004 ], [ 120.703031466003651, 31.647286258987958 ], [ 120.697646456872008, 31.64729058086748 ], [ 120.689928412544887, 31.667195117554133 ], [ 120.678782983209004, 31.671758375963389 ], [ 120.678490994284019, 31.676052498219534 ], [ 120.675854193553647, 31.67910026532002 ], [ 120.668740562636359, 31.680252993051418 ], [ 120.66081064765001, 31.676341478559252 ], [ 120.657212259108661, 31.670995194315804 ], [ 120.652533701345661, 31.671235127394109 ], [ 120.650929179524695, 31.67328346231487 ], [ 120.65003348891085, 31.670996585279955 ], [ 120.647341875317935, 31.670995158234618 ], [ 120.647513935902865, 31.676865623311535 ], [ 120.641053819061113, 31.680930871985684 ], [ 120.642850298897329, 31.690096030086721 ], [ 120.64945257362649, 31.687085489376905 ], [ 120.657214497804674, 31.690095896603804 ], [ 120.663577812883815, 31.68780575007484 ], [ 120.669560959170681, 31.689597262621248 ], [ 120.6743352582764, 31.692019399285748 ], [ 120.677883677483166, 31.696975138278074 ], [ 120.687486440468263, 31.693042338297822 ], [ 120.684166845037126, 31.691630049066571 ], [ 120.683268529752979, 31.689336924023465 ], [ 120.687610554250469, 31.693031512697139 ], [ 120.689556736741821, 31.69239441149254 ], [ 120.694042356232714, 31.694682185495363 ], [ 120.692236722114387, 31.689179901958159 ], [ 120.693676045494399, 31.685487724244613 ], [ 120.697462952862537, 31.683351239311431 ], [ 120.703028577294759, 31.683216238556877 ], [ 120.709314790419398, 31.679395070758076 ] ] ] ] } }
]
}
