{
  "type": "FeatureCollection",
  "name": "fire_patrol_public_planning_area_index",
  "crs": {
    "type": "name",
    "properties": {
      "name": "urn:ogc:def:crs:OGC:1.3:CRS84"
    }
  },
  "public_distribution_note": "This public index contains only the four project-derived planning-display regions. Tianditu-derived administrative and detailed-delivery geometries are intentionally excluded.",
  "features": [
    {
      "type": "Feature",
      "properties": {
        "region_id": "planning_yuntai",
        "name": "云台山",
        "name_zh": "云台山",
        "region_level": "planning_display_region",
        "scope_type": "planning_display_region",
        "parent_region_id": "jiangsu",
        "administrative_code": null,
        "source_provider": "Project-derived from NASA SRTM, ESA WorldCover and cited geographic descriptions",
        "source_url": "https://www.lyg.gov.cn/zglygzfmhwz/szfwj1/content/zwgk_504570641ccf418cb0190268320fdf20.html",
        "source_version": "local rebuild v1, 2026-09-21",
        "source_crs": "EPSG:4326",
        "delivery_crs": "EPSG:4326",
        "acquired_at": "2026-09-21",
        "geometry_source": "data/nanjing/planning_regions/planning_regions_overview.geojson",
        "boundary_semantics": "project_defined_overview_boundary",
        "official_boundary": false,
        "boundary_authority_note": "Project-derived overview boundary; not a statutory natural-region, protected-area or dispatch boundary.",
        "usage_restriction": "project-derived planning display only",
        "redistribution_status": "included_with_nonofficial_boundary_notice",
        "public_geometry_distribution": "included",
        "planning_display_only": true,
        "executable_dispatch_area": false,
        "verification_status": "unverified",
        "data_availability": "planning_overview_only",
        "data_root": "data/nanjing/planning_regions",
        "qa_status": "PASS",
        "display_order": 40,
        "geometry_type": "MultiPolygon",
        "geometry_valid": true,
        "generated_at_utc": "2026-09-22T13:24:39.312831+00:00",
        "distribution_scope": "public_repository",
        "administrative_context_geometry_included": false,
        "usage_note": "Project-derived planning-display geometry; not an official administrative, statutory planning, protected-area or executable dispatch boundary."
      },
      "geometry": {
        "type": "MultiPolygon",
        "coordinates": [
          [
            [
              [
                119.11648294071955,
                34.555952165087845
              ],
              [
                119.12177193394851,
                34.557436560071686
              ],
              [
                119.12379319652152,
                34.55521704746316
              ],
              [
                119.12463176085747,
                34.56201257675805
              ],
              [
                119.12156422540868,
                34.572128181818734
              ],
              [
                119.11391775125718,
                34.575630727412594
              ],
              [
                119.1249807446944,
                34.580227347217495
              ],
              [
                119.1291772414592,
                34.58553272120086
              ],
              [
                119.12917703727686,
                34.57741281812299
              ],
              [
                119.12564999684285,
                34.57236871076164
              ],
              [
                119.12974575191063,
                34.5675048141666
              ],
              [
                119.13443879664945,
                34.56732683897594
              ],
              [
                119.13816987977494,
                34.57000686864438
              ],
              [
                119.14515787850377,
                34.56837056514845
              ],
              [
                119.15151375730963,
                34.57001242065534
              ],
              [
                119.1562667300313,
                34.56732683897594
              ],
              [
                119.16040283331591,
                34.56710110539343
              ],
              [
                119.1666960178691,
                34.57016692248813
              ],
              [
                119.16883617374708,
                34.57371085269344
              ],
              [
                119.17298664261992,
                34.567791685115196
              ],
              [
                119.1713405371208,
                34.56136802493207
              ],
              [
                119.17229564989707,
                34.55299877704065
              ],
              [
                119.16451237473106,
                34.542643146857785
              ],
              [
                119.16105751095586,
                34.540317227257425
              ],
              [
                119.15882118225518,
                34.535239119210885
              ],
              [
                119.15703086203396,
                34.535239119210885
              ],
              [
                119.15792917731805,
                34.53375908191544
              ],
              [
                119.15881887963741,
                34.53522492862603
              ],
              [
                119.16061814000193,
                34.52784362654879
              ],
              [
                119.1566325949233,
                34.52606721407795
              ],
              [
                119.15163608775616,
                34.51822156450729
              ],
              [
                119.14805369428657,
                34.516745228049885
              ],
              [
                119.14777143109208,
                34.52155855270366
              ],
              [
                119.14423669886753,
                34.52694537805323
              ],
              [
                119.1366167042787,
                34.52858374453346
              ],
              [
                119.12597921315324,
                34.53376379657114
              ],
              [
                119.11869127126657,
                34.54278018349422
              ],
              [
                119.11167586218545,
                34.544124144545066
              ],
              [
                119.11648294071955,
                34.555952165087845
              ]
            ]
          ],
          [
            [
              [
                119.22966071965234,
                34.57775001421113
              ],
              [
                119.23213210573591,
                34.580619729012135
              ],
              [
                119.23193749375604,
                34.5842431397475
              ],
              [
                119.22620722857837,
                34.589245448060936
              ],
              [
                119.22620829997743,
                34.591385446680825
              ],
              [
                119.23685320322842,
                34.60927565638162
              ],
              [
                119.23599370183975,
                34.615978632902035
              ],
              [
                119.23903422779446,
                34.62718270147225
              ],
              [
                119.23609113625011,
                34.63508348799542
              ],
              [
                119.24057856394334,
                34.6424668051306
              ],
              [
                119.24458733290776,
                34.644290453494094
              ],
              [
                119.24683429620335,
                34.648171629021796
              ],
              [
                119.24327528711774,
                34.65651430728869
              ],
              [
                119.2440538385787,
                34.66201158278508
              ],
              [
                119.24059372700499,
                34.671916217266016
              ],
              [
                119.24300443599427,
                34.67867384913191
              ],
              [
                119.24686169377817,
                34.679679433329774
              ],
              [
                119.2557572140407,
                34.677912716050486
              ],
              [
                119.26932020470069,
                34.68425330048617
              ],
              [
                119.27290797118292,
                34.68310528044397
              ],
              [
                119.2762143711073,
                34.67706245104844
              ],
              [
                119.28153585813111,
                34.67516614254128
              ],
              [
                119.29856964535202,
                34.67772636123979
              ],
              [
                119.30186566562962,
                34.68315223945101
              ],
              [
                119.3011905334455,
                34.68982299395498
              ],
              [
                119.29090820858777,
                34.697835769342014
              ],
              [
                119.28639252566016,
                34.69936513089679
              ],
              [
                119.28459777399726,
                34.704527275957325
              ],
              [
                119.28626104992759,
                34.706006283948646
              ],
              [
                119.29379130610715,
                34.70310010744548
              ],
              [
                119.29884568165564,
                34.70413934228607
              ],
              [
                119.30885156787794,
                34.717815813765874
              ],
              [
                119.31063681868865,
                34.7178158378043
              ],
              [
                119.31178678107547,
                34.70843284882907
              ],
              [
                119.31912197206091,
                34.69988612815227
              ],
              [
                119.32479914376731,
                34.698668875396876
              ],
              [
                119.32951381890138,
                34.70156978420957
              ],
              [
                119.33399471029242,
                34.70156968703057
              ],
              [
                119.33770951792835,
                34.695599654811964
              ],
              [
                119.34131524655875,
                34.693724876252574
              ],
              [
                119.3663354345249,
                34.6927067852092
              ],
              [
                119.37441868872956,
                34.68827508051037
              ],
              [
                119.37664847829296,
                34.68395713292454
              ],
              [
                119.37947338362193,
                34.68208454410639
              ],
              [
                119.38879433738603,
                34.68236555969643
              ],
              [
                119.39418205392636,
                34.680888240731676
              ],
              [
                119.40546186539017,
                34.66862920989051
              ],
              [
                119.41124829233107,
                34.6653761325564
              ],
              [
                119.41663788947722,
                34.656509617348874
              ],
              [
                119.41663788947722,
                34.654298749898246
              ],
              [
                119.41394614458326,
                34.65134549945951
              ],
              [
                119.4031719341972,
                34.653084423200745
              ],
              [
                119.39508965158555,
                34.657994006365584
              ],
              [
                119.39181334878698,
                34.66174110964556
              ],
              [
                119.39238946647322,
                34.66316272282127
              ],
              [
                119.38520294420029,
                34.66464623357206
              ],
              [
                119.38520294420029,
                34.66611816289589
              ],
              [
                119.38251342117573,
                34.66464593401872
              ],
              [
                119.3722314538077,
                34.67815137435282
              ],
              [
                119.36830979600857,
                34.67941419587334
              ],
              [
                119.36095029947985,
                34.67868324584477
              ],
              [
                119.3514067618924,
                34.68561254803063
              ],
              [
                119.34354064264218,
                34.68561254803062
              ],
              [
                119.33951579840182,
                34.68156062506693
              ],
              [
                119.34071654588517,
                34.676354970264455
              ],
              [
                119.35775687400461,
                34.66130469786752
              ],
              [
                119.36184199366485,
                34.65946347328246
              ],
              [
                119.36363729572183,
                34.65650946812611
              ],
              [
                119.36321459571175,
                34.647578553928646
              ],
              [
                119.37591358271385,
                34.63877254643427
              ],
              [
                119.37531661785772,
                34.63582450822781
              ],
              [
                119.35748699522051,
                34.63480717752067
              ],
              [
                119.35419225257338,
                34.632757198330296
              ],
              [
                119.3519599079206,
                34.62843521834629
              ],
              [
                119.34837665466034,
                34.6291722409782
              ],
              [
                119.3452741305937,
                34.63324477167744
              ],
              [
                119.34096656387752,
                34.635033091854304
              ],
              [
                119.33682574368571,
                34.63480717752069
              ],
              [
                119.32874105674658,
                34.63104341645931
              ],
              [
                119.3241119423777,
                34.62251934702659
              ],
              [
                119.31641599354153,
                34.61882398562427
              ],
              [
                119.31036350316377,
                34.61868002948163
              ],
              [
                119.3069046962937,
                34.61685493711193
              ],
              [
                119.30524602640497,
                34.608840305491356
              ],
              [
                119.29626647607752,
                34.599600841057985
              ],
              [
                119.2851531816699,
                34.59914379107944
              ],
              [
                119.27608843109445,
                34.59481924861192
              ],
              [
                119.27290803847572,
                34.58924749729481
              ],
              [
                119.26316549726421,
                34.58896908363733
              ],
              [
                119.24913937611447,
                34.58150793938758
              ],
              [
                119.24500242637839,
                34.57394339956822
              ],
              [
                119.24775474880029,
                34.567059004246886
              ],
              [
                119.2326190095178,
                34.565195829623285
              ],
              [
                119.22603023621241,
                34.5670515937361
              ],
              [
                119.21991508292653,
                34.5648397122085
              ],
              [
                119.217224724634,
                34.56705494465263
              ],
              [
                119.22261076648353,
                34.575924246842355
              ],
              [
                119.22966071965234,
                34.57775001421113
              ]
            ]
          ],
          [
            [
              [
                119.36723663851792,
                34.75768449511346
              ],
              [
                119.36902397422533,
                34.75768449511346
              ],
              [
                119.36992499710489,
                34.75547385069447
              ],
              [
                119.36661212617473,
                34.75215072552602
              ],
              [
                119.36632532885088,
                34.74517833836892
              ],
              [
                119.37048818299547,
                34.74042234751201
              ],
              [
                119.37981118454486,
                34.74070243300766
              ],
              [
                119.38588600877016,
                34.739279618476246
              ],
              [
                119.3932848930485,
                34.7436551501243
              ],
              [
                119.39764555749115,
                34.739556781408616
              ],
              [
                119.4080555346635,
                34.73777451540009
              ],
              [
                119.41562728705352,
                34.740318676069144
              ],
              [
                119.42113945748791,
                34.74491996153953
              ],
              [
                119.42741929049265,
                34.744393372715635
              ],
              [
                119.42969588268495,
                34.7410515142549
              ],
              [
                119.43294179839991,
                34.73950581290784
              ],
              [
                119.44822295974262,
                34.73529171990172
              ],
              [
                119.4552661135338,
                34.7362733884244
              ],
              [
                119.45437322107752,
                34.73332593588826
              ],
              [
                119.47862042898157,
                34.72667562720921
              ],
              [
                119.47413615732812,
                34.71929805293013
              ],
              [
                119.47595754256135,
                34.714764846746455
              ],
              [
                119.45670631251953,
                34.68828570521525
              ],
              [
                119.4456443410417,
                34.691305318360136
              ],
              [
                119.43950507047964,
                34.68887890879489
              ],
              [
                119.43856803206423,
                34.68408863671935
              ],
              [
                119.44448579602246,
                34.67646682763863
              ],
              [
                119.43371383749351,
                34.676467011581934
              ],
              [
                119.42832543129005,
                34.67868273037655
              ],
              [
                119.42163897381225,
                34.68406096400344
              ],
              [
                119.40509776368872,
                34.69238791898469
              ],
              [
                119.38058184980481,
                34.700562761289554
              ],
              [
                119.37352773421561,
                34.70158081402865
              ],
              [
                119.34927642250281,
                34.71782427724532
              ],
              [
                119.34790330905669,
                34.725268855793246
              ],
              [
                119.34298826746505,
                34.73110915171609
              ],
              [
                119.35213640098108,
                34.73605245697855
              ],
              [
                119.3533954213836,
                34.741207884826444
              ],
              [
                119.35136155519906,
                34.74379662898789
              ],
              [
                119.34765085146138,
                34.74513479523382
              ],
              [
                119.33400492993518,
                34.74218988382176
              ],
              [
                119.33400506267272,
                34.74882468515484
              ],
              [
                119.33666699091569,
                34.754937699518045
              ],
              [
                119.33489728828958,
                34.75916054056522
              ],
              [
                119.33041166879872,
                34.76210709202727
              ],
              [
                119.36723663851792,
                34.763410588290064
              ],
              [
                119.36723663851792,
                34.75768449511346
              ]
            ]
          ]
        ]
      }
    },
    {
      "type": "Feature",
      "properties": {
        "region_id": "planning_ningzhen_east",
        "name": "宁镇丘陵东段",
        "name_zh": "宁镇丘陵东段",
        "region_level": "planning_display_region",
        "scope_type": "planning_display_region",
        "parent_region_id": "jiangsu",
        "administrative_code": null,
        "source_provider": "Project-derived from NASA SRTM, ESA WorldCover and cited geographic descriptions",
        "source_url": "https://www.jiangsu.gov.cn/art/2023/8/31/art_46143_11000570.html",
        "source_version": "local rebuild v1, 2026-09-21",
        "source_crs": "EPSG:4326",
        "delivery_crs": "EPSG:4326",
        "acquired_at": "2026-09-21",
        "geometry_source": "data/nanjing/planning_regions/planning_regions_overview.geojson",
        "boundary_semantics": "project_defined_overview_boundary",
        "official_boundary": false,
        "boundary_authority_note": "Project-derived overview boundary; not a statutory natural-region, protected-area or dispatch boundary.",
        "usage_restriction": "project-derived planning display only",
        "redistribution_status": "included_with_nonofficial_boundary_notice",
        "public_geometry_distribution": "included",
        "planning_display_only": true,
        "executable_dispatch_area": false,
        "verification_status": "unverified",
        "data_availability": "planning_overview_only",
        "data_root": "data/nanjing/planning_regions",
        "qa_status": "PASS",
        "display_order": 41,
        "geometry_type": "MultiPolygon",
        "geometry_valid": true,
        "generated_at_utc": "2026-09-22T13:24:39.312831+00:00",
        "distribution_scope": "public_repository",
        "administrative_context_geometry_included": false,
        "usage_note": "Project-derived planning-display geometry; not an official administrative, statutory planning, protected-area or executable dispatch boundary."
      },
      "geometry": {
        "type": "MultiPolygon",
        "coordinates": [
          [
            [
              [
                119.0564255070605,
                31.802391547910283
              ],
              [
                119.06338250454748,
                31.80346158047726
              ],
              [
                119.06601544030951,
                31.80650595526076
              ],
              [
                119.06630697515648,
                31.810789135187544
              ],
              [
                119.07168514391834,
                31.81114137672956
              ],
              [
                119.07217110112578,
                31.806852799189535
              ],
              [
                119.0770746943171,
                31.801630812979244
              ],
              [
                119.07622125838319,
                31.79516380647426
              ],
              [
                119.078285459983,
                31.791781910090343
              ],
              [
                119.08188895316836,
                31.790222735238693
              ],
              [
                119.08965317281749,
                31.790175428961746
              ],
              [
                119.10402397611765,
                31.783119703170566
              ],
              [
                119.10120810338033,
                31.78025407527394
              ],
              [
                119.05552347343779,
                31.7810224585425
              ],
              [
                119.05013958749754,
                31.78559982829242
              ],
              [
                119.05717988007194,
                31.79624865361559
              ],
              [
                119.0564255070605,
                31.802391547910283
              ]
            ]
          ],
          [
            [
              [
                119.08541991101129,
                32.16783931749405
              ],
              [
                119.09159822868443,
                32.1698710846073
              ],
              [
                119.09504168452447,
                32.1749636297613
              ],
              [
                119.09928553230304,
                32.17008191059213
              ],
              [
                119.10851736511226,
                32.170401330160665
              ],
              [
                119.11164694007702,
                32.16710831994641
              ],
              [
                119.11669495180486,
                32.165842507890574
              ],
              [
                119.12687410614079,
                32.171449094768796
              ],
              [
                119.13008583431748,
                32.176479075086306
              ],
              [
                119.13949461035496,
                32.16938960991408
              ],
              [
                119.15459019339376,
                32.164255136038115
              ],
              [
                119.17341206393202,
                32.17248606738871
              ],
              [
                119.17679951132422,
                32.17855043508762
              ],
              [
                119.18218253404464,
                32.181804735272785
              ],
              [
                119.18487211967579,
                32.17952851529845
              ],
              [
                119.1862878995564,
                32.17496268201566
              ],
              [
                119.18958680528749,
                32.17295024924795
              ],
              [
                119.20040426454305,
                32.17240167599808
              ],
              [
                119.21182596507518,
                32.173967433795255
              ],
              [
                119.21611183740258,
                32.17020246508436
              ],
              [
                119.22010780740895,
                32.16887180977897
              ],
              [
                119.22799488122976,
                32.171922039105105
              ],
              [
                119.23248331579688,
                32.16964231821253
              ],
              [
                119.23587487401743,
                32.162598100722064
              ],
              [
                119.24835485254772,
                32.159042702208254
              ],
              [
                119.25231753907212,
                32.16092590482762
              ],
              [
                119.25495170021236,
                32.16583884382533
              ],
              [
                119.26126991475601,
                32.16689824705005
              ],
              [
                119.26544249463872,
                32.17070705520181
              ],
              [
                119.26669539126802,
                32.17823667983364
              ],
              [
                119.26524166530547,
                32.18201253243735
              ],
              [
                119.25785022070221,
                32.18809812208022
              ],
              [
                119.25405486949101,
                32.189419902251316
              ],
              [
                119.26033264794287,
                32.19397053558645
              ],
              [
                119.26439961955587,
                32.187628935475225
              ],
              [
                119.27215316951296,
                32.18537149250374
              ],
              [
                119.27739915333666,
                32.185608032820056
              ],
              [
                119.27559628208283,
                32.18018352361697
              ],
              [
                119.27673457950961,
                32.176860419898205
              ],
              [
                119.28278915497754,
                32.173445446421155
              ],
              [
                119.28578646590566,
                32.16744817610265
              ],
              [
                119.29177273174942,
                32.165838885393015
              ],
              [
                119.29861891954064,
                32.15547024590949
              ],
              [
                119.3055572484243,
                32.1529585640873
              ],
              [
                119.31359199543047,
                32.15284773796679
              ],
              [
                119.31843320883613,
                32.15452178444265
              ],
              [
                119.32048652571444,
                32.1578956201674
              ],
              [
                119.31879137183289,
                32.162398986450455
              ],
              [
                119.31244543627491,
                32.166608621189354
              ],
              [
                119.31693545477133,
                32.1749635881683
              ],
              [
                119.32650874599803,
                32.17273053168505
              ],
              [
                119.33220681398736,
                32.17648428942195
              ],
              [
                119.3454607082384,
                32.17979340829005
              ],
              [
                119.34927397154837,
                32.182566806898954
              ],
              [
                119.3701269906877,
                32.182703229040705
              ],
              [
                119.37442679942909,
                32.18560793142929
              ],
              [
                119.38430462891617,
                32.18789411263168
              ],
              [
                119.39688393164326,
                32.195490850992016
              ],
              [
                119.4043215771341,
                32.19593205591302
              ],
              [
                119.41311739373367,
                32.20198384476919
              ],
              [
                119.41830382808027,
                32.20915312501903
              ],
              [
                119.41670888076096,
                32.21409439670173
              ],
              [
                119.40946328678272,
                32.21705944334588
              ],
              [
                119.41953548714113,
                32.21691012083194
              ],
              [
                119.42383225391445,
                32.21981077637747
              ],
              [
                119.42562713198568,
                32.21829900730514
              ],
              [
                119.43820065730245,
                32.21829356797569
              ],
              [
                119.43459799653789,
                32.21210936463467
              ],
              [
                119.43601867683947,
                32.208413472287944
              ],
              [
                119.43936260134612,
                32.205835676579476
              ],
              [
                119.4356454002006,
                32.201603269077864
              ],
              [
                119.43691733616791,
                32.195490751980124
              ],
              [
                119.44250022947826,
                32.19320161405223
              ],
              [
                119.44808790268614,
                32.195490850992016
              ],
              [
                119.45328002402124,
                32.19472201101945
              ],
              [
                119.45685747048161,
                32.195803612503596
              ],
              [
                119.45947868142302,
                32.198838000694295
              ],
              [
                119.45928407744731,
                32.20245493803894
              ],
              [
                119.45505605150261,
                32.20587573105966
              ],
              [
                119.44898621800327,
                32.205383607547574
              ],
              [
                119.44782427956702,
                32.20644085623351
              ],
              [
                119.45074239795984,
                32.21256004143532
              ],
              [
                119.44586113234463,
                32.217883583684575
              ],
              [
                119.4534727519771,
                32.218830076976914
              ],
              [
                119.46125751170223,
                32.21606175481049
              ],
              [
                119.47276958136133,
                32.221074436985205
              ],
              [
                119.476546756828,
                32.22696025528012
              ],
              [
                119.47773484124605,
                32.235012037781736
              ],
              [
                119.48311335329626,
                32.23501206114314
              ],
              [
                119.48315683389997,
                32.225558024077934
              ],
              [
                119.48521149383996,
                32.22218290094854
              ],
              [
                119.49299788948115,
                32.220573525074485
              ],
              [
                119.49778802733509,
                32.215342861504645
              ],
              [
                119.51587384374703,
                32.20377264301454
              ],
              [
                119.51904490092407,
                32.199886527868294
              ],
              [
                119.51806075136115,
                32.19753391857236
              ],
              [
                119.51340775905864,
                32.19860520190542
              ],
              [
                119.50578818797112,
                32.197469648171804
              ],
              [
                119.5028768238204,
                32.19322102949498
              ],
              [
                119.49800179379805,
                32.190939413302324
              ],
              [
                119.49299746041082,
                32.18257762989866
              ],
              [
                119.48513216986059,
                32.183830343362125
              ],
              [
                119.48183239473528,
                32.18181664546056
              ],
              [
                119.48018432062955,
                32.17792684380332
              ],
              [
                119.4821570227135,
                32.17233109676821
              ],
              [
                119.49119811790105,
                32.168121502000794
              ],
              [
                119.49389909341927,
                32.1535632511556
              ],
              [
                119.4938930637191,
                32.14683537030461
              ],
              [
                119.48241435371447,
                32.14243594951569
              ],
              [
                119.48056134677606,
                32.139253111718624
              ],
              [
                119.48056136131328,
                32.13463293016614
              ],
              [
                119.48251815826593,
                32.131700799382806
              ],
              [
                119.4866795012359,
                32.12962926725505
              ],
              [
                119.49539229104502,
                32.128570326040276
              ],
              [
                119.49838464012636,
                32.11564575869224
              ],
              [
                119.48829953189117,
                32.11127976276366
              ],
              [
                119.48491882926142,
                32.10727745562532
              ],
              [
                119.48200455965059,
                32.11001108088396
              ],
              [
                119.47504084878155,
                32.11234790410452
              ],
              [
                119.4733663635623,
                32.1169829381935
              ],
              [
                119.46942617875789,
                32.119183794640456
              ],
              [
                119.46356936631979,
                32.11837875477404
              ],
              [
                119.45975864100083,
                32.114125427540564
              ],
              [
                119.45187315707487,
                32.11793838575094
              ],
              [
                119.44360492271306,
                32.11410212869346
              ],
              [
                119.44038388300113,
                32.11916546339848
              ],
              [
                119.43452354827753,
                32.12096936052299
              ],
              [
                119.43041433018581,
                32.11936219937728
              ],
              [
                119.42786336337466,
                32.11583603501798
              ],
              [
                119.42383050141743,
                32.11944596266742
              ],
              [
                119.42293218613332,
                32.1164026298894
              ],
              [
                119.42742376255393,
                32.111837440463596
              ],
              [
                119.42023724028095,
                32.11335919563767
              ],
              [
                119.4184406097127,
                32.111837440463596
              ],
              [
                119.4282303143573,
                32.11045542816684
              ],
              [
                119.43262075203285,
                32.10816374731174
              ],
              [
                119.43909037607847,
                32.10805087561519
              ],
              [
                119.43938658836966,
                32.09920018997791
              ],
              [
                119.44538447317854,
                32.09357141778313
              ],
              [
                119.44628153482076,
                32.090535323108156
              ],
              [
                119.43931582561346,
                32.0887020991054
              ],
              [
                119.43640149259227,
                32.08444683122274
              ],
              [
                119.4308083821832,
                32.08312325992422
              ],
              [
                119.42763596110527,
                32.07716301324967
              ],
              [
                119.42172266778638,
                32.07846603044691
              ],
              [
                119.4151440781643,
                32.07598610592119
              ],
              [
                119.4130359303635,
                32.07165623854779
              ],
              [
                119.41553913540089,
                32.06749005643335
              ],
              [
                119.42037518930586,
                32.06593145971762
              ],
              [
                119.42450863503407,
                32.066434931921194
              ],
              [
                119.42844917791498,
                32.0686352239192
              ],
              [
                119.43020118625164,
                32.07281436683625
              ],
              [
                119.43929350439738,
                32.07087116263731
              ],
              [
                119.44275749993413,
                32.0726649780221
              ],
              [
                119.44449717575327,
                32.07606357252103
              ],
              [
                119.45771221047126,
                32.07197703371788
              ],
              [
                119.46784949579423,
                32.07606340314824
              ],
              [
                119.47413615722728,
                32.07542082450269
              ],
              [
                119.47102844753701,
                32.06951342578554
              ],
              [
                119.47233303037164,
                32.06313035935635
              ],
              [
                119.4606576554137,
                32.055520063378935
              ],
              [
                119.45224179910704,
                32.055521087673554
              ],
              [
                119.44261045436399,
                32.05932321647314
              ],
              [
                119.43550828062385,
                32.05487712177631
              ],
              [
                119.42952804785352,
                32.05623357098144
              ],
              [
                119.42495996371933,
                32.05362616436534
              ],
              [
                119.42366859112896,
                32.05003037170402
              ],
              [
                119.42448912425958,
                32.045619890267986
              ],
              [
                119.42111495952064,
                32.040962219053284
              ],
              [
                119.42273152049124,
                32.03419764723429
              ],
              [
                119.41932716906337,
                32.02952538059656
              ],
              [
                119.42292568928417,
                32.02125262437942
              ],
              [
                119.4162485578889,
                32.01768023839611
              ],
              [
                119.414523290138,
                32.01058419775102
              ],
              [
                119.41039394440119,
                32.00407950650122
              ],
              [
                119.41304430316559,
                31.993834716176842
              ],
              [
                119.4031736896246,
                32.00023640514154
              ],
              [
                119.39978176046857,
                32.008504752305505
              ],
              [
                119.39329142088054,
                32.00982748755639
              ],
              [
                119.38947251891899,
                32.01260726577001
              ],
              [
                119.38494867144476,
                32.012937058853524
              ],
              [
                119.37942944114349,
                32.01059539183054
              ],
              [
                119.37801052000722,
                32.00398644241198
              ],
              [
                119.37105219348868,
                32.00422813741112
              ],
              [
                119.36543904668447,
                31.9999244229187
              ],
              [
                119.36454169266553,
                32.00220444717525
              ],
              [
                119.36364337738142,
                31.99991902993782
              ],
              [
                119.35676052109513,
                31.99679466687048
              ],
              [
                119.3541044585187,
                31.99001990564294
              ],
              [
                119.34727881459723,
                31.99231461920357
              ],
              [
                119.34208161201349,
                31.990782247475266
              ],
              [
                119.3270073349474,
                31.992458360100887
              ],
              [
                119.31872574566229,
                31.990020367765805
              ],
              [
                119.31334314414953,
                31.99078210676944
              ],
              [
                119.31314480949996,
                31.998575722203135
              ],
              [
                119.3052589918091,
                32.014394943543216
              ],
              [
                119.3058662449222,
                32.02018883883048
              ],
              [
                119.30366220481875,
                32.02297660805761
              ],
              [
                119.29966810292312,
                32.024307939113626
              ],
              [
                119.29289362188032,
                32.02246613310522
              ],
              [
                119.29011885998625,
                32.0189947478327
              ],
              [
                119.29026649442213,
                32.01468912106859
              ],
              [
                119.295371416218,
                32.00460284328148
              ],
              [
                119.28907778582608,
                31.983924829317974
              ],
              [
                119.2823944747218,
                31.984654642413307
              ],
              [
                119.27651126689058,
                31.98316291975617
              ],
              [
                119.27112252873032,
                31.987733276818936
              ],
              [
                119.2676359339051,
                31.995965890819793
              ],
              [
                119.26280960555967,
                31.998895559587123
              ],
              [
                119.25649648623956,
                31.99872265206294
              ],
              [
                119.25238969263783,
                31.994619371735467
              ],
              [
                119.2536415844176,
                31.989803839354156
              ],
              [
                119.26033106842418,
                31.98391592282395
              ],
              [
                119.25947704739528,
                31.97899495591765
              ],
              [
                119.26218636284018,
                31.974757174245944
              ],
              [
                119.2684190685904,
                31.973246195294124
              ],
              [
                119.2758319705243,
                31.968178726378206
              ],
              [
                119.2854870589424,
                31.96714969943648
              ],
              [
                119.29020517439675,
                31.963606105713215
              ],
              [
                119.2964646151714,
                31.96212735212468
              ],
              [
                119.30255251512686,
                31.963339294380113
              ],
              [
                119.30577450754612,
                31.958285406972266
              ],
              [
                119.31069599093284,
                31.954179748230082
              ],
              [
                119.31512839546903,
                31.952669033640813
              ],
              [
                119.31639606102503,
                31.943528411185707
              ],
              [
                119.31427439748991,
                31.93930821667412
              ],
              [
                119.3151282104311,
                31.935143828650926
              ],
              [
                119.30663104093854,
                31.926878002353657
              ],
              [
                119.30794187290608,
                31.919898842995888
              ],
              [
                119.29926676386438,
                31.918290582118672
              ],
              [
                119.29730568497796,
                31.915354612983837
              ],
              [
                119.2974533170577,
                31.91180026758093
              ],
              [
                119.30255190826006,
                31.907689106217184
              ],
              [
                119.30194492442683,
                31.902649005392693
              ],
              [
                119.30637702581929,
                31.898802877100433
              ],
              [
                119.31041694874246,
                31.898802877100433
              ],
              [
                119.31424007995597,
                31.901586858628693
              ],
              [
                119.32501293189029,
                31.903874673228817
              ],
              [
                119.33285675559056,
                31.89592490510405
              ],
              [
                119.35016264072873,
                31.893198529907313
              ],
              [
                119.34751221669273,
                31.884407350838334
              ],
              [
                119.34795367355734,
                31.88087564173797
              ],
              [
                119.35195924874,
                31.877180833295387
              ],
              [
                119.35396316796509,
                31.87090347216641
              ],
              [
                119.36633474912348,
                31.864973913601187
              ],
              [
                119.36812878010949,
                31.859636594360154
              ],
              [
                119.36812899676347,
                31.85735428736603
              ],
              [
                119.36250246569575,
                31.85691531145348
              ],
              [
                119.35853892793713,
                31.853240895755157
              ],
              [
                119.35853894053663,
                31.850011649700452
              ],
              [
                119.36184063903804,
                31.84590589380286
              ],
              [
                119.3535197396912,
                31.843943519002963
              ],
              [
                119.34955581696993,
                31.840268797237442
              ],
              [
                119.35126928302147,
                31.834276414444712
              ],
              [
                119.35914584394037,
                31.831398159305127
              ],
              [
                119.3542420556301,
                31.826948328562715
              ],
              [
                119.35424205444075,
                31.822883395956538
              ],
              [
                119.35823209747493,
                31.819480853495715
              ],
              [
                119.367374589347,
                31.816660383226278
              ],
              [
                119.37640287210161,
                31.81626790943726
              ],
              [
                119.38340184179494,
                31.819949204932502
              ],
              [
                119.38666371003318,
                31.815638558963354
              ],
              [
                119.39866352792066,
                31.80698235168795
              ],
              [
                119.3930469004547,
                31.80578062784278
              ],
              [
                119.38482676367582,
                31.800891683201243
              ],
              [
                119.38333520282148,
                31.797277935446974
              ],
              [
                119.38429754645398,
                31.792727436880167
              ],
              [
                119.38070643820359,
                31.785604688650363
              ],
              [
                119.3634614488241,
                31.782415076885034
              ],
              [
                119.35914892613948,
                31.780299114446663
              ],
              [
                119.22441078548174,
                31.781894707156745
              ],
              [
                119.22516480727043,
                31.78716718880356
              ],
              [
                119.22081720407316,
                31.793993197060797
              ],
              [
                119.2285796113685,
                31.793276901648756
              ],
              [
                119.23339082081654,
                31.79552010466682
              ],
              [
                119.24124324027652,
                31.796549803230963
              ],
              [
                119.25135863196498,
                31.803918382434873
              ],
              [
                119.25943880442358,
                31.800869913184343
              ],
              [
                119.26393038084414,
                31.800869913184343
              ],
              [
                119.26034216148136,
                31.80697249423863
              ],
              [
                119.26842195726475,
                31.807740837385698
              ],
              [
                119.27201521840125,
                31.811557796699653
              ],
              [
                119.27201521840125,
                31.813084536265812
              ],
              [
                119.26483539436931,
                31.81308358759475
              ],
              [
                119.26752364198063,
                31.82300772826633
              ],
              [
                119.26482869612828,
                31.822244443656988
              ],
              [
                119.26213375027592,
                31.81766460353545
              ],
              [
                119.25854048913942,
                31.82071785552877
              ],
              [
                119.2570633185821,
                31.81632466406297
              ],
              [
                119.25225228215061,
                31.816137939688268
              ],
              [
                119.24685930636113,
                31.813089943549222
              ],
              [
                119.23870109264413,
                31.814613461069722
              ],
              [
                119.22889421625275,
                31.811563256659234
              ],
              [
                119.22351222287486,
                31.813851861704098
              ],
              [
                119.22236886745439,
                31.818073916812132
              ],
              [
                119.21878614787843,
                31.820456965242155
              ],
              [
                119.20554584428845,
                31.819959834752883
              ],
              [
                119.20974593842011,
                31.824826644787418
              ],
              [
                119.21064427926984,
                31.831874088928057
              ],
              [
                119.20526709288106,
                31.837011477190647
              ],
              [
                119.2064382026605,
                31.83750893666467
              ],
              [
                119.20284982473257,
                31.838276425856545
              ],
              [
                119.19656258168962,
                31.842853684255125
              ],
              [
                119.1947662456074,
                31.84666836994834
              ],
              [
                119.20014642718733,
                31.847920865417354
              ],
              [
                119.20350103078172,
                31.845573861748587
              ],
              [
                119.20702179573065,
                31.845182284597048
              ],
              [
                119.21709076941046,
                31.848955649969046
              ],
              [
                119.2205690058441,
                31.846336958226797
              ],
              [
                119.22408980704458,
                31.84594538097243
              ],
              [
                119.23722323632465,
                31.84862621790787
              ],
              [
                119.24186344863172,
                31.85252180027679
              ],
              [
                119.24334007709757,
                31.85636042470672
              ],
              [
                119.24237684378542,
                31.8611599439334
              ],
              [
                119.24762292333332,
                31.865703723251087
              ],
              [
                119.24601998356093,
                31.870686362722388
              ],
              [
                119.23909137337392,
                31.872565587464827
              ],
              [
                119.23249338898023,
                31.868798622508564
              ],
              [
                119.22866933692676,
                31.871583706208238
              ],
              [
                119.22338162109014,
                31.87184993667124
              ],
              [
                119.21812235225505,
                31.87795121869415
              ],
              [
                119.22362783783274,
                31.881169625133563
              ],
              [
                119.2253088534378,
                31.887097130806403
              ],
              [
                119.22950906940235,
                31.891208670155276
              ],
              [
                119.22980042984503,
                31.89548701034335
              ],
              [
                119.23739932891748,
                31.902232008977393
              ],
              [
                119.23884834736371,
                31.912494144292843
              ],
              [
                119.23703837719331,
                31.916446423553957
              ],
              [
                119.23178592194105,
                31.918382630122462
              ],
              [
                119.22599809600476,
                31.916289532358807
              ],
              [
                119.22379145400896,
                31.91349907372422
              ],
              [
                119.22350016295601,
                31.909222193059676
              ],
              [
                119.21889221553633,
                31.90675863542415
              ],
              [
                119.21631371366809,
                31.900072241826145
              ],
              [
                119.21164222950279,
                31.89993674882709
              ],
              [
                119.20785537734527,
                31.8977962321867
              ],
              [
                119.20597173776407,
                31.89259585595138
              ],
              [
                119.20957479164208,
                31.88633592404083
              ],
              [
                119.2082327885681,
                31.88191046269028
              ],
              [
                119.20554551312723,
                31.882528575519434
              ],
              [
                119.2027897339595,
                31.887121592898684
              ],
              [
                119.19770932412298,
                31.888694582826762
              ],
              [
                119.18732997930053,
                31.886667224799687
              ],
              [
                119.18307658269742,
                31.88176699595027
              ],
              [
                119.17969075449649,
                31.88578490484574
              ],
              [
                119.17109067684146,
                31.890109918626326
              ],
              [
                119.16354522702608,
                31.88912814177128
              ],
              [
                119.15703305985174,
                31.885581034369796
              ],
              [
                119.15434207413526,
                31.88862824618143
              ],
              [
                119.15524910097501,
                31.893047195241802
              ],
              [
                119.15408197699452,
                31.896071560056228
              ],
              [
                119.14905774579644,
                31.899309113120406
              ],
              [
                119.1507636205222,
                31.90684280414443
              ],
              [
                119.146864143857,
                31.91883651658273
              ],
              [
                119.13637575176533,
                31.93133198545723
              ],
              [
                119.13727213540582,
                31.932849425622276
              ],
              [
                119.1442595677333,
                31.931637429278876
              ],
              [
                119.1506888496167,
                31.933597721919927
              ],
              [
                119.15339923740757,
                31.93783646053659
              ],
              [
                119.15228667019244,
                31.941818072070806
              ],
              [
                119.14602681674818,
                31.94555277717963
              ],
              [
                119.13996882874356,
                31.94581948905192
              ],
              [
                119.13857250565745,
                31.95212508713275
              ],
              [
                119.13459944667113,
                31.954669758435518
              ],
              [
                119.12850870348369,
                31.955461638442117
              ],
              [
                119.12200198867498,
                31.951155208825575
              ],
              [
                119.11964151753088,
                31.955455535152048
              ],
              [
                119.1141066160342,
                31.957405194187483
              ],
              [
                119.10782234310614,
                31.955136191689665
              ],
              [
                119.10378714659788,
                31.946489372304377
              ],
              [
                119.10431545245969,
                31.93924855966824
              ],
              [
                119.10851580697481,
                31.935137906921707
              ],
              [
                119.10311103310795,
                31.925905799936032
              ],
              [
                119.10582078332416,
                31.919890990273597
              ],
              [
                119.1058209340493,
                31.913036272346915
              ],
              [
                119.0988946414618,
                31.91538657822216
              ],
              [
                119.09258168627976,
                31.91379918675127
              ],
              [
                119.08966545311067,
                31.9267557877756
              ],
              [
                119.09753001892109,
                31.93188509170844
              ],
              [
                119.09985510581846,
                31.936692050944526
              ],
              [
                119.09954484140559,
                31.947337056237057
              ],
              [
                119.10149789217746,
                31.954043420916104
              ],
              [
                119.09864641929846,
                31.961816766953856
              ],
              [
                119.10209613661102,
                31.965596648670488
              ],
              [
                119.1013414558258,
                31.971725582314047
              ],
              [
                119.10403631098153,
                31.983153971253707
              ],
              [
                119.10714386393214,
                31.986084054173865
              ],
              [
                119.10733847883905,
                31.989718704152217
              ],
              [
                119.1031633302656,
                31.993536458476164
              ],
              [
                119.1040302602709,
                31.996109874621105
              ],
              [
                119.1004369991344,
                31.996109874621105
              ],
              [
                119.10006969265969,
                31.993929227068637
              ],
              [
                119.09486816978463,
                31.990534541407047
              ],
              [
                119.09414268469166,
                31.986207896836266
              ],
              [
                119.08657998935298,
                31.981646959092018
              ],
              [
                119.07977072128709,
                31.970970813333544
              ],
              [
                119.07419757194491,
                31.971597121254145
              ],
              [
                119.06810053764049,
                31.967922632969277
              ],
              [
                119.0654088445684,
                31.97249153216349
              ],
              [
                119.0658213691212,
                31.990897976530498
              ],
              [
                119.05863966626534,
                31.997902559552312
              ],
              [
                119.05103913734573,
                31.999162306897105
              ],
              [
                119.05192797379192,
                32.00068084201074
              ],
              [
                119.05013750092564,
                32.00601500946002
              ],
              [
                119.05013134334473,
                32.14976050146182
              ],
              [
                119.05199810237036,
                32.15466328015926
              ],
              [
                119.0501374847207,
                32.159002009314825
              ],
              [
                119.0501373000903,
                32.17040139510595
              ],
              [
                119.06719768447095,
                32.17265248688845
              ],
              [
                119.07868250514218,
                32.16825646149518
              ],
              [
                119.08541991101129,
                32.16783931749405
              ]
            ],
            [
              [
                119.406568174212,
                32.15076520015498
              ],
              [
                119.41364459896347,
                32.15067690861352
              ],
              [
                119.41760741558893,
                32.15256013274389
              ],
              [
                119.41940904814454,
                32.1564922460594
              ],
              [
                119.4175422944957,
                32.16215518630976
              ],
              [
                119.41930124894961,
                32.16846877757083
              ],
              [
                119.4127543950553,
                32.179447669247736
              ],
              [
                119.40196760206577,
                32.18405008672176
              ],
              [
                119.39591677716008,
                32.182166622976894
              ],
              [
                119.39417136174212,
                32.178164098075214
              ],
              [
                119.39597658635499,
                32.17345018521598
              ],
              [
                119.39418162548529,
                32.170412064851135
              ],
              [
                119.38764473874296,
                32.169971084452214
              ],
              [
                119.38344399894672,
                32.1654272225077
              ],
              [
                119.38513922988278,
                32.160924391475554
              ],
              [
                119.39530159602604,
                32.15545983922347
              ],
              [
                119.40046983231434,
                32.15519215403681
              ],
              [
                119.406568174212,
                32.15076520015498
              ]
            ],
            [
              [
                119.31901230157831,
                32.11137553675257
              ],
              [
                119.32163899701335,
                32.108337512203455
              ],
              [
                119.32616840937084,
                32.10720386933401
              ],
              [
                119.33241185668561,
                32.10859051344496
              ],
              [
                119.33485945144199,
                32.11370519633293
              ],
              [
                119.33131013497126,
                32.120209349462705
              ],
              [
                119.33206533354033,
                32.129364402410985
              ],
              [
                119.32861511133196,
                32.13465712530045
              ],
              [
                119.3395180125333,
                32.138645866351155
              ],
              [
                119.34120025041723,
                32.14242179336628
              ],
              [
                119.33951825575258,
                32.14664962144517
              ],
              [
                119.33207881077594,
                32.14979921265915
              ],
              [
                119.32591600404533,
                32.14911861814356
              ],
              [
                119.3189818871192,
                32.15070245696653
              ],
              [
                119.31133034408816,
                32.14779434975607
              ],
              [
                119.30808480236931,
                32.143056174691644
              ],
              [
                119.30794177889602,
                32.13770742588369
              ],
              [
                119.30359325658404,
                32.132407203997666
              ],
              [
                119.3025459023876,
                32.12639787060443
              ],
              [
                119.30422588956345,
                32.1226699008299
              ],
              [
                119.31039138197286,
                32.11835959719888
              ],
              [
                119.31872165628353,
                32.1163973305743
              ],
              [
                119.31901230157831,
                32.11137553675257
              ]
            ],
            [
              [
                119.17986927875026,
                31.930551879794276
              ],
              [
                119.18308763106786,
                31.936662471957675
              ],
              [
                119.19338532487276,
                31.939445718883128
              ],
              [
                119.19641917455662,
                31.943492286557802
              ],
              [
                119.19476615490132,
                31.955719511806166
              ],
              [
                119.19896655145922,
                31.961353726609776
              ],
              [
                119.19877195519608,
                31.966514683225164
              ],
              [
                119.1953581300446,
                31.971647858866834
              ],
              [
                119.1884747853214,
                31.973257045479684
              ],
              [
                119.17954844131309,
                31.98275808679565
              ],
              [
                119.17608419330847,
                31.98455101141966
              ],
              [
                119.17025871196591,
                31.984246990854285
              ],
              [
                119.16615145581841,
                31.9801433820777
              ],
              [
                119.16690618851979,
                31.970205375188236
              ],
              [
                119.16495320141163,
                31.96502403748183
              ],
              [
                119.16704984766838,
                31.95645067353158
              ],
              [
                119.16926741703321,
                31.952941815269842
              ],
              [
                119.17409289544389,
                31.95039296186614
              ],
              [
                119.15636738424854,
                31.94164251558793
              ],
              [
                119.1555194308196,
                31.93696151414508
              ],
              [
                119.1610683510045,
                31.93144814586397
              ],
              [
                119.17211537328454,
                31.928410735492967
              ],
              [
                119.17656897372443,
                31.928541795373395
              ],
              [
                119.17986927875026,
                31.930551879794276
              ]
            ]
          ],
          [
            [
              [
                119.56976989732047,
                32.161079640266706
              ],
              [
                119.57201482842932,
                32.16550064958033
              ],
              [
                119.5711072327613,
                32.16943599162614
              ],
              [
                119.56685765264828,
                32.17179648975708
              ],
              [
                119.56127273988771,
                32.17204070830457
              ],
              [
                119.56217553151872,
                32.17496359750013
              ],
              [
                119.56576431630833,
                32.174968955748035
              ],
              [
                119.56936090038603,
                32.181806496165635
              ],
              [
                119.58169780549355,
                32.17813158779083
              ],
              [
                119.58103567613838,
                32.17420859526275
              ],
              [
                119.5828323067066,
                32.17420859526275
              ],
              [
                119.58357792635246,
                32.177995186827744
              ],
              [
                119.58912401705311,
                32.18048868647205
              ],
              [
                119.59900029744452,
                32.18104626081965
              ],
              [
                119.60438645073559,
                32.180285974967255
              ],
              [
                119.60713357433441,
                32.17571538591602
              ],
              [
                119.61307137812555,
                32.17425127619141
              ],
              [
                119.62036920701063,
                32.17708303905794
              ],
              [
                119.62326283297884,
                32.183454434203796
              ],
              [
                119.64065656681821,
                32.18654073014158
              ],
              [
                119.65020602969858,
                32.190549403750346
              ],
              [
                119.65619105932603,
                32.1902175446436
              ],
              [
                119.66004113608112,
                32.191681724885434
              ],
              [
                119.66264554312136,
                32.19547030344113
              ],
              [
                119.66188949279743,
                32.199470978342724
              ],
              [
                119.67125669309263,
                32.2076548886166
              ],
              [
                119.67266999366392,
                32.21210769026081
              ],
              [
                119.68002996125311,
                32.21626262928012
              ],
              [
                119.68021635331782,
                32.222099437558896
              ],
              [
                119.68524670802243,
                32.23881271842323
              ],
              [
                119.69062934463425,
                32.242606642193195
              ],
              [
                119.69940467944043,
                32.23025461474887
              ],
              [
                119.70769776370007,
                32.22860664974647
              ],
              [
                119.72296346101676,
                32.22057498187814
              ],
              [
                119.72296340122412,
                32.20994157275051
              ],
              [
                119.71212286761362,
                32.20497170896231
              ],
              [
                119.71032307533237,
                32.20104383443206
              ],
              [
                119.71128534127864,
                32.19626007121377
              ],
              [
                119.70769365894935,
                32.192460863291934
              ],
              [
                119.70385098890897,
                32.19201975093804
              ],
              [
                119.70050797053726,
                32.18942000373288
              ],
              [
                119.69392040419865,
                32.19393318540529
              ],
              [
                119.68195000832327,
                32.193172984601354
              ],
              [
                119.6783468882171,
                32.19160939034615
              ],
              [
                119.67654155782216,
                32.185914073487204
              ],
              [
                119.6789985881029,
                32.182558450543866
              ],
              [
                119.68343766160702,
                32.1810463078905
              ],
              [
                119.68343758865919,
                32.1795349665878
              ],
              [
                119.67914437713134,
                32.177416902597884
              ],
              [
                119.67714907127973,
                32.17218383676791
              ],
              [
                119.67445719435372,
                32.17041155708499
              ],
              [
                119.66997120766061,
                32.16889222081265
              ],
              [
                119.66354273780199,
                32.17140889606235
              ],
              [
                119.65629915995369,
                32.171036105320894
              ],
              [
                119.64571148713648,
                32.16508921033526
              ],
              [
                119.63694815071965,
                32.16330052873224
              ],
              [
                119.62774466858099,
                32.159005465897835
              ],
              [
                119.62210542857171,
                32.15856451527634
              ],
              [
                119.61539964183018,
                32.154827036481876
              ],
              [
                119.61455793650929,
                32.14713117808208
              ],
              [
                119.61676078713973,
                32.14434504314092
              ],
              [
                119.62684390881073,
                32.138461712408386
              ],
              [
                119.63032703358525,
                32.131767130425935
              ],
              [
                119.63391143078199,
                32.12933164684165
              ],
              [
                119.63723133377302,
                32.12073139254617
              ],
              [
                119.64191398526604,
                32.11543689207225
              ],
              [
                119.64512173415785,
                32.114162628770316
              ],
              [
                119.65648968746409,
                32.11411469984079
              ],
              [
                119.6588034492284,
                32.10954610637511
              ],
              [
                119.66185180740534,
                32.107564945359556
              ],
              [
                119.67176555347216,
                32.10650405039559
              ],
              [
                119.68164177510394,
                32.1034633867498
              ],
              [
                119.68193171753714,
                32.096917144150346
              ],
              [
                119.68723177734302,
                32.08959887737467
              ],
              [
                119.69354460649458,
                32.08622574380761
              ],
              [
                119.69757736629153,
                32.086040141596506
              ],
              [
                119.6969183477898,
                32.08520261938844
              ],
              [
                119.70051160892625,
                32.085963722052846
              ],
              [
                119.70230344109284,
                32.089000531898535
              ],
              [
                119.70819941529433,
                32.07735295079784
              ],
              [
                119.71307246536244,
                32.07255200016531
              ],
              [
                119.72361353857413,
                32.07006757554845
              ],
              [
                119.74003458339611,
                32.070735398210985
              ],
              [
                119.74452485223291,
                32.06845220062837
              ],
              [
                119.74833089089161,
                32.059879458446225
              ],
              [
                119.75283438104489,
                32.05729926550652
              ],
              [
                119.75665262215657,
                32.057031899569274
              ],
              [
                119.76090764058998,
                32.047697210152805
              ],
              [
                119.770563712868,
                32.04257230761003
              ],
              [
                119.7669869399511,
                32.04180929256892
              ],
              [
                119.76698207570108,
                32.04029040096544
              ],
              [
                119.76159704824636,
                32.037240376581025
              ],
              [
                119.76159319795609,
                32.03343815899924
              ],
              [
                119.75710848293885,
                32.0326772806526
              ],
              [
                119.75441052597338,
                32.03571735392006
              ],
              [
                119.7479011832963,
                32.0385015562354
              ],
              [
                119.73914458859498,
                32.038768692371036
              ],
              [
                119.73665041775261,
                32.04277649484016
              ],
              [
                119.72566985931886,
                32.0471447252549
              ],
              [
                119.72275263241798,
                32.05140326824717
              ],
              [
                119.71738859654953,
                32.05233856516195
              ],
              [
                119.71360207059647,
                32.050195633730056
              ],
              [
                119.71211928096426,
                32.0466040052537
              ],
              [
                119.71577683890743,
                32.03039347539796
              ],
              [
                119.70949765101639,
                32.031915114760835
              ],
              [
                119.70538700292663,
                32.03801306429532
              ],
              [
                119.70208715323787,
                32.04002452250793
              ],
              [
                119.69063609783959,
                32.038007173005944
              ],
              [
                119.69104895904441,
                32.04421386325498
              ],
              [
                119.68583063316369,
                32.04785838970644
              ],
              [
                119.67889065412476,
                32.04597684586488
              ],
              [
                119.6762951562836,
                32.04139745080627
              ],
              [
                119.67714938166263,
                32.0372443512469
              ],
              [
                119.67355999584983,
                32.03572281452138
              ],
              [
                119.67099355617881,
                32.04239330507238
              ],
              [
                119.66656636306278,
                32.044724489303945
              ],
              [
                119.65983852170937,
                32.04442027494423
              ],
              [
                119.6547004179547,
                32.03953029190695
              ],
              [
                119.65290695003726,
                32.04409007126172
              ],
              [
                119.65577494936282,
                32.04662057383728
              ],
              [
                119.65645612162301,
                32.049772880872844
              ],
              [
                119.65439897801204,
                32.05314930994792
              ],
              [
                119.6506342364084,
                32.05484620448574
              ],
              [
                119.65110426829969,
                32.0570373656112
              ],
              [
                119.64840932244729,
                32.0570373656112
              ],
              [
                119.64840932244729,
                32.05475773025738
              ],
              [
                119.64443160815091,
                32.05247956201917
              ],
              [
                119.6421163268759,
                32.0479061720915
              ],
              [
                119.63099886216231,
                32.04382381751285
              ],
              [
                119.62864096325195,
                32.03953018121712
              ],
              [
                119.62350537251343,
                32.04365883403339
              ],
              [
                119.61697424476039,
                32.0440989604806
              ],
              [
                119.62341008540676,
                32.049443618388395
              ],
              [
                119.62235817920785,
                32.047139406361765
              ],
              [
                119.63024811887895,
                32.04636391399155
              ],
              [
                119.6338199437868,
                32.04744424677296
              ],
              [
                119.63659397939794,
                32.05091522934912
              ],
              [
                119.63560161261765,
                32.05514910439194
              ],
              [
                119.62895398172749,
                32.05775624743666
              ],
              [
                119.62535115412996,
                32.056194321660776
              ],
              [
                119.62305614385978,
                32.05311127826538
              ],
              [
                119.61697371040316,
                32.05704268476404
              ],
              [
                119.61332493768248,
                32.0631443814741
              ],
              [
                119.60529307748918,
                32.06465588244979
              ],
              [
                119.60439792432688,
                32.07149809269325
              ],
              [
                119.60805547721078,
                32.07660396366612
              ],
              [
                119.60685636581493,
                32.08407469241576
              ],
              [
                119.60170288445896,
                32.086730115666604
              ],
              [
                119.60056835437045,
                32.09092415406432
              ],
              [
                119.59745590055722,
                32.09313926328292
              ],
              [
                119.59203474481906,
                32.09331234619603
              ],
              [
                119.5864284565886,
                32.089774572066105
              ],
              [
                119.58373062156461,
                32.09444857748895
              ],
              [
                119.58553087392745,
                32.097247085199676
              ],
              [
                119.59429119820653,
                32.09535852121952
              ],
              [
                119.61063121340943,
                32.10345175482456
              ],
              [
                119.6175819052313,
                32.11061460844794
              ],
              [
                119.61580952655127,
                32.11776160396499
              ],
              [
                119.60823668877974,
                32.12281466561602
              ],
              [
                119.60170235053644,
                32.123255308691434
              ],
              [
                119.59933391497935,
                32.12757485427454
              ],
              [
                119.59451636219427,
                32.12934139324788
              ],
              [
                119.59626926013826,
                32.13804868540601
              ],
              [
                119.5918490188986,
                32.14273502500653
              ],
              [
                119.58463182601574,
                32.143794406512704
              ],
              [
                119.57673830292373,
                32.14746106311786
              ],
              [
                119.5702587817382,
                32.14759741454692
              ],
              [
                119.56046223781865,
                32.152917647913796
              ],
              [
                119.55407550702218,
                32.15126450185296
              ],
              [
                119.54960059812164,
                32.146076096542636
              ],
              [
                119.54733203292714,
                32.15367668455171
              ],
              [
                119.5538582806751,
                32.157089086385746
              ],
              [
                119.55588827126131,
                32.161276170668145
              ],
              [
                119.56326426490357,
                32.15822547541494
              ],
              [
                119.56976989732047,
                32.161079640266706
              ]
            ]
          ],
          [
            [
              [
                119.54869021811922,
                32.19017226059044
              ],
              [
                119.54344327698689,
                32.18487934770121
              ],
              [
                119.54224711103532,
                32.178924456952046
              ],
              [
                119.54419871950684,
                32.172691836242564
              ],
              [
                119.540545921479,
                32.17076187657997
              ],
              [
                119.53885254170737,
                32.16770843346611
              ],
              [
                119.5388525710201,
                32.1594166745688
              ],
              [
                119.5409936308592,
                32.15535501293772
              ],
              [
                119.53431985454657,
                32.15216079231566
              ],
              [
                119.5291282743108,
                32.153073995764686
              ],
              [
                119.52250151642603,
                32.15140091895505
              ],
              [
                119.51366798684663,
                32.15292122654511
              ],
              [
                119.51631930468601,
                32.16998951717758
              ],
              [
                119.50917648341354,
                32.17952700423212
              ],
              [
                119.51282968766277,
                32.181457195290555
              ],
              [
                119.51456637510226,
                32.18636961977212
              ],
              [
                119.5185003186259,
                32.18816768904242
              ],
              [
                119.52094140753648,
                32.191938164662716
              ],
              [
                119.53329775479595,
                32.191695279833844
              ],
              [
                119.53732132645027,
                32.190217544711636
              ],
              [
                119.54869021811922,
                32.19017226059044
              ]
            ]
          ],
          [
            [
              [
                119.08455146368274,
                32.30140413642299
              ],
              [
                119.0882709671924,
                32.29781295778958
              ],
              [
                119.0944453291643,
                32.296539638603825
              ],
              [
                119.09953272707911,
                32.28819699174172
              ],
              [
                119.08738728774638,
                32.28540794861722
              ],
              [
                119.07938401856202,
                32.278319291369904
              ],
              [
                119.07826333159285,
                32.27330495614865
              ],
              [
                119.08426121656873,
                32.26768270580544
              ],
              [
                119.08426127326176,
                32.26541010695429
              ],
              [
                119.07617608548384,
                32.25705396045694
              ],
              [
                119.06809802228382,
                32.25325832834814
              ],
              [
                119.05013732634539,
                32.25705533679753
              ],
              [
                119.05013760320118,
                32.320075493954974
              ],
              [
                119.0886419880383,
                32.318634885526905
              ],
              [
                119.08965118603797,
                32.30869743476448
              ],
              [
                119.08538882017695,
                32.306038067602785
              ],
              [
                119.08455146368274,
                32.30140413642299
              ]
            ]
          ],
          [
            [
              [
                119.17064209002712,
                32.30411589262487
              ],
              [
                119.1729910047564,
                32.300898094275
              ],
              [
                119.17741980955527,
                32.29946323052183
              ],
              [
                119.1740928954398,
                32.291993965197356
              ],
              [
                119.17230764496517,
                32.291993988574724
              ],
              [
                119.16806807856284,
                32.29686775507943
              ],
              [
                119.1615269111165,
                32.29655018816367
              ],
              [
                119.15968260604753,
                32.298833903659975
              ],
              [
                119.15524018854359,
                32.300346746638795
              ],
              [
                119.158543370493,
                32.30444138599335
              ],
              [
                119.15928480986126,
                32.30960559448138
              ],
              [
                119.15524033925598,
                32.31704726529915
              ],
              [
                119.15613795657326,
                32.320075355360835
              ],
              [
                119.17139794959041,
                32.318557704238295
              ],
              [
                119.17220395677384,
                32.31490248785923
              ],
              [
                119.17614991136215,
                32.31181596624596
              ],
              [
                119.1716269864576,
                32.3090748971148
              ],
              [
                119.17064209002712,
                32.30411589262487
              ]
            ]
          ],
          [
            [
              [
                119.18758075737955,
                32.319316967604834
              ],
              [
                119.19385390182383,
                32.319316998749024
              ],
              [
                119.19414587098723,
                32.31583010788565
              ],
              [
                119.19702234142196,
                32.312226901723676
              ],
              [
                119.20214151082536,
                32.310812795501974
              ],
              [
                119.20822941057811,
                32.31172501870002
              ],
              [
                119.21176114138274,
                32.305303707597716
              ],
              [
                119.2163137136563,
                32.30337331107991
              ],
              [
                119.21541537213156,
                32.29882764002828
              ],
              [
                119.20014999567167,
                32.29882280668258
              ],
              [
                119.19027126412088,
                32.295931200899595
              ],
              [
                119.18714915728646,
                32.2990764450164
              ],
              [
                119.1817222934604,
                32.30069172716398
              ],
              [
                119.1839430292802,
                32.30456047996619
              ],
              [
                119.18326186451539,
                32.30844926377209
              ],
              [
                119.17946921547721,
                32.31147635391381
              ],
              [
                119.1855886104863,
                32.31384618771593
              ],
              [
                119.18758075737955,
                32.319316967604834
              ]
            ]
          ]
        ]
      }
    },
    {
      "type": "Feature",
      "properties": {
        "region_id": "planning_yili",
        "name": "宜溧山地",
        "name_zh": "宜溧山地",
        "region_level": "planning_display_region",
        "scope_type": "planning_display_region",
        "parent_region_id": "jiangsu",
        "administrative_code": null,
        "source_provider": "Project-derived from NASA SRTM, ESA WorldCover and cited geographic descriptions",
        "source_url": "https://www.tba.gov.cn/slbthlyglj/upload/1b7e982e-bcbc-4c5c-88df-d2a163dc2893.pdf",
        "source_version": "local rebuild v1, 2026-09-21",
        "source_crs": "EPSG:4326",
        "delivery_crs": "EPSG:4326",
        "acquired_at": "2026-09-21",
        "geometry_source": "data/nanjing/planning_regions/planning_regions_overview.geojson",
        "boundary_semantics": "project_defined_overview_boundary",
        "official_boundary": false,
        "boundary_authority_note": "Project-derived overview boundary; not a statutory natural-region, protected-area or dispatch boundary.",
        "usage_restriction": "project-derived planning display only",
        "redistribution_status": "included_with_nonofficial_boundary_notice",
        "public_geometry_distribution": "included",
        "planning_display_only": true,
        "executable_dispatch_area": false,
        "verification_status": "unverified",
        "data_availability": "planning_overview_only",
        "data_root": "data/nanjing/planning_regions",
        "qa_status": "PASS",
        "display_order": 42,
        "geometry_type": "MultiPolygon",
        "geometry_valid": true,
        "generated_at_utc": "2026-09-22T13:24:39.312831+00:00",
        "distribution_scope": "public_repository",
        "administrative_context_geometry_included": false,
        "usage_note": "Project-derived planning-display geometry; not an official administrative, statutory planning, protected-area or executable dispatch boundary."
      },
      "geometry": {
        "type": "MultiPolygon",
        "coordinates": [
          [
            [
              [
                119.24724938475318,
                31.286921309973074
              ],
              [
                119.24873151067548,
                31.290783589318423
              ],
              [
                119.24776673560663,
                31.294842041369627
              ],
              [
                119.2520344347106,
                31.296949140743624
              ],
              [
                119.25405459138912,
                31.300652735867953
              ],
              [
                119.25943277454695,
                31.297912452855613
              ],
              [
                119.25673425225753,
                31.291835730380722
              ],
              [
                119.26023268027178,
                31.285780719474413
              ],
              [
                119.2648238135552,
                31.283326745528587
              ],
              [
                119.2673419515795,
                31.280033871928307
              ],
              [
                119.27324480713014,
                31.277998014870477
              ],
              [
                119.28182396172329,
                31.279458333013338
              ],
              [
                119.28836178823258,
                31.287407547713173
              ],
              [
                119.28908916572924,
                31.29100257690835
              ],
              [
                119.29333709279697,
                31.291268546218248
              ],
              [
                119.29662884175592,
                31.293265470582043
              ],
              [
                119.2989244658573,
                31.2998371367823
              ],
              [
                119.29422962285106,
                31.30456562778138
              ],
              [
                119.28735866300951,
                31.303322941351357
              ],
              [
                119.283946050088,
                31.297954621993277
              ],
              [
                119.27830945526668,
                31.29945550930263
              ],
              [
                119.27782177809715,
                31.30495828563426
              ],
              [
                119.2738178788461,
                31.308665994243494
              ],
              [
                119.27561443646744,
                31.317098948261375
              ],
              [
                119.28119325607909,
                31.315555364325114
              ],
              [
                119.28728062130153,
                31.317098948261375
              ],
              [
                119.28904612584864,
                31.310573323317797
              ],
              [
                119.29815469088723,
                31.3068065029013
              ],
              [
                119.31423007986736,
                31.308656795636164
              ],
              [
                119.3142762433906,
                31.30290387063773
              ],
              [
                119.31693098260719,
                31.298675786685504
              ],
              [
                119.31693098260719,
                31.295613597570878
              ],
              [
                119.31962592845962,
                31.295613597570878
              ],
              [
                119.32035414973511,
                31.29716920758123
              ],
              [
                119.3261684082538,
                31.296313632195236
              ],
              [
                119.33016515218885,
                31.297441420450706
              ],
              [
                119.33823431384326,
                31.306687787535086
              ],
              [
                119.33946130230903,
                31.310421316690086
              ],
              [
                119.33800893094158,
                31.314935519543926
              ],
              [
                119.33220839338667,
                31.319402910443575
              ],
              [
                119.33552196453972,
                31.322598404638505
              ],
              [
                119.33775913266625,
                31.328774342495795
              ],
              [
                119.33490344609797,
                31.34472612805569
              ],
              [
                119.3358016334503,
                31.347792615592432
              ],
              [
                119.34070398539951,
                31.35149941620957
              ],
              [
                119.34204376794034,
                31.358152202866982
              ],
              [
                119.33996636094334,
                31.361544175275444
              ],
              [
                119.3340043958333,
                31.36314426724302
              ],
              [
                119.33197740498727,
                31.367197909213353
              ],
              [
                119.32771674918513,
                31.369280042120547
              ],
              [
                119.32502192782606,
                31.375413674162456
              ],
              [
                119.32589187592282,
                31.38081324185772
              ],
              [
                119.32411750488016,
                31.383959582984886
              ],
              [
                119.33867585889122,
                31.38822522584397
              ],
              [
                119.34298891187797,
                31.39534470653384
              ],
              [
                119.34878896042235,
                31.39905170984984
              ],
              [
                119.34913120427169,
                31.402305140218473
              ],
              [
                119.34725896812489,
                31.405513397767226
              ],
              [
                119.34315303334795,
                31.40748897619837
              ],
              [
                119.33849343813498,
                31.40762325186053
              ],
              [
                119.33759819107169,
                31.409145977923934
              ],
              [
                119.3472370163615,
                31.40941173957649
              ],
              [
                119.36607872710469,
                31.417506800695058
              ],
              [
                119.36936086215076,
                31.423754940906043
              ],
              [
                119.36903922989731,
                31.430610643926943
              ],
              [
                119.3782566949195,
                31.425509492973056
              ],
              [
                119.38699535853834,
                31.425245178046648
              ],
              [
                119.39036335518053,
                31.42261508291398
              ],
              [
                119.3941806742137,
                31.42217865913944
              ],
              [
                119.3973726335558,
                31.41730385440539
              ],
              [
                119.40374130398975,
                31.41609260785512
              ],
              [
                119.41219310557831,
                31.418730947914423
              ],
              [
                119.41485277140403,
                31.426011462888297
              ],
              [
                119.42562713198568,
                31.425250198422034
              ],
              [
                119.42562713198568,
                31.423717083108055
              ],
              [
                119.42923546935621,
                31.43275671867856
              ],
              [
                119.42746505617417,
                31.436367169848523
              ],
              [
                119.42383653129403,
                31.438284616367724
              ],
              [
                119.42473546707643,
                31.44057474156491
              ],
              [
                119.43255938145315,
                31.43897943621787
              ],
              [
                119.43820134845721,
                31.43980811920499
              ],
              [
                119.44519518339959,
                31.437828047611063
              ],
              [
                119.4525756932869,
                31.439331982192872
              ],
              [
                119.45706369486854,
                31.442873896862913
              ],
              [
                119.46339120464485,
                31.43672454078237
              ],
              [
                119.46963915807977,
                31.435209552689226
              ],
              [
                119.47053693926198,
                31.430621165510225
              ],
              [
                119.45771220940857,
                31.43145007569542
              ],
              [
                119.45289512411489,
                31.429786610019278
              ],
              [
                119.45081980520696,
                31.42639625187613
              ],
              [
                119.45077385227927,
                31.419886736040205
              ],
              [
                119.44766802464545,
                31.416182933153003
              ],
              [
                119.44628242659071,
                31.410689850793723
              ],
              [
                119.44175643812198,
                31.408771585765408
              ],
              [
                119.43999406886982,
                31.402253387654614
              ],
              [
                119.43329503332463,
                31.397782426769705
              ],
              [
                119.43310043021485,
                31.394098884264793
              ],
              [
                119.43640086444572,
                31.390745473329645
              ],
              [
                119.43640086444572,
                31.385384625103704
              ],
              [
                119.43310046569299,
                31.38203118943823
              ],
              [
                119.43174875707396,
                31.37480319950294
              ],
              [
                119.43550234334647,
                31.367855138734168
              ],
              [
                119.42814892496678,
                31.36914574697565
              ],
              [
                119.42345018804608,
                31.365724851809198
              ],
              [
                119.41932913473337,
                31.35310309587564
              ],
              [
                119.42161708317762,
                31.345361883802724
              ],
              [
                119.4256236217379,
                31.341943098533918
              ],
              [
                119.43280677995847,
                31.340120482951
              ],
              [
                119.43195545696283,
                31.333602201794214
              ],
              [
                119.43640077377678,
                31.32554366072754
              ],
              [
                119.43730523067923,
                31.31940647698843
              ],
              [
                119.44448612743435,
                31.31710013044902
              ],
              [
                119.44766834166624,
                31.30545816429284
              ],
              [
                119.45324867019966,
                31.299882013273812
              ],
              [
                119.45724034273717,
                31.29958108905439
              ],
              [
                119.46238597385629,
                31.301720669304345
              ],
              [
                119.46515896141666,
                31.30788928961931
              ],
              [
                119.46785091563297,
                31.308656665936272
              ],
              [
                119.47070601992222,
                31.30863511061114
              ],
              [
                119.47082993150477,
                31.304337456738015
              ],
              [
                119.47347827342851,
                31.30127939074928
              ],
              [
                119.47753453362793,
                31.300205184258377
              ],
              [
                119.4815050884384,
                31.301528574142452
              ],
              [
                119.48373059014044,
                31.304337456738267
              ],
              [
                119.48373059900393,
                31.307613911821104
              ],
              [
                119.48150534505275,
                31.310422504275692
              ],
              [
                119.4766675705549,
                31.312008113491917
              ],
              [
                119.47773552612634,
                31.317101654759824
              ],
              [
                119.47952385152666,
                31.317866216257205
              ],
              [
                119.48922482604637,
                31.309971580513878
              ],
              [
                119.49299482136492,
                31.308656795567813
              ],
              [
                119.48864861640506,
                31.30334715952189
              ],
              [
                119.48954695827886,
                31.29478785387177
              ],
              [
                119.49199791323134,
                31.289619247444485
              ],
              [
                119.49658915685804,
                31.287165213069454
              ],
              [
                119.49954606760379,
                31.281354913242694
              ],
              [
                119.50265655813614,
                31.27915501506064
              ],
              [
                119.50940426643095,
                31.27915841101645
              ],
              [
                119.51513519790349,
                31.281853849007508
              ],
              [
                119.517262406567,
                31.28486125411303
              ],
              [
                119.52892934654429,
                31.289467188251777
              ],
              [
                119.53456724554975,
                31.28589290779196
              ],
              [
                119.5424021619915,
                31.285628897417492
              ],
              [
                119.54089860121647,
                31.277469110535808
              ],
              [
                119.54416897510846,
                31.271421854560664
              ],
              [
                119.54939975635745,
                31.269497322244913
              ],
              [
                119.55444460991598,
                31.271768456412474
              ],
              [
                119.5594732206106,
                31.281022509746585
              ],
              [
                119.56306326279422,
                31.27412063797179
              ],
              [
                119.55839641149328,
                31.27204123551667
              ],
              [
                119.55616998541566,
                31.26923150407271
              ],
              [
                119.55616999427748,
                31.265951761371213
              ],
              [
                119.55947000165774,
                31.26106740388141
              ],
              [
                119.55639498258716,
                31.25825673173518
              ],
              [
                119.55468245933979,
                31.25316146925349
              ],
              [
                119.5564235407231,
                31.24873050538226
              ],
              [
                119.56070652897047,
                31.24651484401156
              ],
              [
                119.57181444380642,
                31.24673460650762
              ],
              [
                119.57715522903473,
                31.252129086795566
              ],
              [
                119.57954091825911,
                31.268967607201258
              ],
              [
                119.57475362695787,
                31.27718753057295
              ],
              [
                119.5756512072614,
                31.27948715127189
              ],
              [
                119.5807945519786,
                31.28055249456537
              ],
              [
                119.58344352685178,
                31.283611121852772
              ],
              [
                119.58194013304083,
                31.297146865348665
              ],
              [
                119.58463436010263,
                31.302516549756152
              ],
              [
                119.59156118674241,
                31.300919133839066
              ],
              [
                119.59966269746086,
                31.302014967754864
              ],
              [
                119.61427781371208,
                31.312494167155382
              ],
              [
                119.61696608999695,
                31.312494068591977
              ],
              [
                119.62864033524727,
                31.299447999387233
              ],
              [
                119.62194154223883,
                31.294212390388758
              ],
              [
                119.62261503061126,
                31.28826455400093
              ],
              [
                119.62839211339127,
                31.285566586495104
              ],
              [
                119.63439520897862,
                31.287891676387808
              ],
              [
                119.63673718068348,
                31.29407311337103
              ],
              [
                119.64089979951761,
                31.295672250297745
              ],
              [
                119.6428800007009,
                31.29862598741673
              ],
              [
                119.6427323932131,
                31.30377637437085
              ],
              [
                119.63943212653584,
                31.30788928961931
              ],
              [
                119.64457851456828,
                31.308155229845113
              ],
              [
                119.64851446815375,
                31.310344598105665
              ],
              [
                119.65111031924909,
                31.320937728502102
              ],
              [
                119.65635481639039,
                31.328558064532974
              ],
              [
                119.6562072044742,
                31.332170448971898
              ],
              [
                119.65290664016645,
                31.33629148476507
              ],
              [
                119.65379921415203,
                31.33782264301985
              ],
              [
                119.6502140854924,
                31.340890657111036
              ],
              [
                119.6538046369798,
                31.347024095278723
              ],
              [
                119.6594315494162,
                31.343452324464206
              ],
              [
                119.6661383839704,
                31.343453968722656
              ],
              [
                119.6712839988721,
                31.34766350538323
              ],
              [
                119.67087336235866,
                31.35316504692439
              ],
              [
                119.67267005014237,
                31.35622995975878
              ],
              [
                119.67799075430773,
                31.354698177870503
              ],
              [
                119.68254530324386,
                31.355753773981235
              ],
              [
                119.6843419338121,
                31.353933832184286
              ],
              [
                119.68306964525881,
                31.356011323270348
              ],
              [
                119.68434680070769,
                31.35699701314385
              ],
              [
                119.68890418214933,
                31.35083273368184
              ],
              [
                119.69529459937301,
                31.349460429535416
              ],
              [
                119.70151235160924,
                31.35329545741907
              ],
              [
                119.70411029289049,
                31.359298335186825
              ],
              [
                119.71238459245642,
                31.355782974109484
              ],
              [
                119.726735753503,
                31.35789893355174
              ],
              [
                119.73079988967703,
                31.360401645300716
              ],
              [
                119.73195860080016,
                31.365434877473053
              ],
              [
                119.73794158969706,
                31.367949733716845
              ],
              [
                119.73913313626673,
                31.363909989216246
              ],
              [
                119.73550710234343,
                31.361993868685225
              ],
              [
                119.73378931484352,
                31.358919265456617
              ],
              [
                119.73550735905849,
                31.354311600959218
              ],
              [
                119.74113068154826,
                31.352242815915226
              ],
              [
                119.75284797412448,
                31.352832992554948
              ],
              [
                119.75567000512619,
                31.354658501997807
              ],
              [
                119.75712058153528,
                31.358377363749465
              ],
              [
                119.75541548823519,
                31.362222223027736
              ],
              [
                119.7517216877828,
                31.36467564115632
              ],
              [
                119.75213244094978,
                31.371708867272968
              ],
              [
                119.75010374548549,
                31.374100887684552
              ],
              [
                119.74613080357963,
                31.37542509110234
              ],
              [
                119.74207215628498,
                31.374350260222357
              ],
              [
                119.73928562725528,
                31.371762512818428
              ],
              [
                119.73375546353411,
                31.382314584222396
              ],
              [
                119.73734743318371,
                31.384608871611146
              ],
              [
                119.74093579671161,
                31.383080396567916
              ],
              [
                119.74003748142754,
                31.381546592237108
              ],
              [
                119.74542784314947,
                31.384606964669903
              ],
              [
                119.74901493863668,
                31.38277075941018
              ],
              [
                119.74902063426869,
                31.380779680679797
              ],
              [
                119.75171558012103,
                31.378478908440396
              ],
              [
                119.75710193030356,
                31.37847320784442
              ],
              [
                119.75890210239403,
                31.375411124463565
              ],
              [
                119.75953916940824,
                31.376498935958722
              ],
              [
                119.76249178849567,
                31.375406401954518
              ],
              [
                119.76608862466695,
                31.373107677682132
              ],
              [
                119.76608862466695,
                31.37157625363222
              ],
              [
                119.77103128595739,
                31.37349534011183
              ],
              [
                119.76968188580345,
                31.372343240315605
              ],
              [
                119.7723768316558,
                31.372343240315605
              ],
              [
                119.77238008665076,
                31.37463878785677
              ],
              [
                119.78495157698039,
                31.3754057744781
              ],
              [
                119.78854230100532,
                31.373872671664724
              ],
              [
                119.7903431373382,
                31.36927525600546
              ],
              [
                119.7932763071978,
                31.36726800700399
              ],
              [
                119.80471618188412,
                31.364673091743025
              ],
              [
                119.80381786660001,
                31.360837782722424
              ],
              [
                119.80741112773646,
                31.3593036153016
              ],
              [
                119.80741112773646,
                31.37771197183804
              ],
              [
                119.80561449716826,
                31.37924583878144
              ],
              [
                119.80202719304599,
                31.379251096971643
              ],
              [
                119.8020273436935,
                31.381544042374994
              ],
              [
                119.80442937931882,
                31.384896526917714
              ],
              [
                119.80472213881383,
                31.38921010483159
              ],
              [
                119.81369337779557,
                31.387676400774083
              ],
              [
                119.81328246059378,
                31.375278571120596
              ],
              [
                119.81573400958278,
                31.372637136754655
              ],
              [
                119.8226780155052,
                31.37157093161647
              ],
              [
                119.8247996804543,
                31.368569136803504
              ],
              [
                119.82896473762564,
                31.366968944665608
              ],
              [
                119.8289628984762,
                31.364866516127165
              ],
              [
                119.82627574870298,
                31.365440134768733
              ],
              [
                119.82800417339818,
                31.363964281084435
              ],
              [
                119.82716767048622,
                31.362373289926257
              ],
              [
                119.81998754171414,
                31.363906042455998
              ],
              [
                119.82268248756648,
                31.360837782722424
              ],
              [
                119.82716630880432,
                31.359196857680637
              ],
              [
                119.83040620515874,
                31.353124172891278
              ],
              [
                119.83468179038198,
                31.34939121950815
              ],
              [
                119.84032115702047,
                31.347837987616998
              ],
              [
                119.8451430729055,
                31.35060294798791
              ],
              [
                119.857712648513,
                31.34549041340486
              ],
              [
                119.8624508441848,
                31.341917863278848
              ],
              [
                119.87387544693085,
                31.34088654786312
              ],
              [
                119.86651637277573,
                31.337280090630095
              ],
              [
                119.86414431651868,
                31.334042943877417
              ],
              [
                119.86541341290244,
                31.329136341748214
              ],
              [
                119.87028716774822,
                31.3255495445157
              ],
              [
                119.86489842334707,
                31.321713001936445
              ],
              [
                119.85616004555885,
                31.319113514654386
              ],
              [
                119.85370682127873,
                31.316470384800773
              ],
              [
                119.85502183779478,
                31.310084835630224
              ],
              [
                119.85411756558099,
                31.304062173953238
              ],
              [
                119.83239172542243,
                31.303927396128746
              ],
              [
                119.82861127595878,
                31.30179909577044
              ],
              [
                119.8271644399477,
                31.297976975686762
              ],
              [
                119.82954822632387,
                31.29356146701537
              ],
              [
                119.83794937533523,
                31.291770156067944
              ],
              [
                119.84118822877103,
                31.286356250361763
              ],
              [
                119.84448605910288,
                31.284357508571293
              ],
              [
                119.85183150346515,
                31.285351050089158
              ],
              [
                119.85514905081435,
                31.290240180337097
              ],
              [
                119.86669382882663,
                31.284863909509482
              ],
              [
                119.86839234830089,
                31.278103194813085
              ],
              [
                119.87567705945294,
                31.274881928894114
              ],
              [
                119.87477522755115,
                31.271106074459787
              ],
              [
                119.87657526299533,
                31.26644187427727
              ],
              [
                119.873028480828,
                31.25760557566366
              ],
              [
                119.87474956401967,
                31.25452796766667
              ],
              [
                119.8792702428043,
                31.25185226916141
              ],
              [
                119.86925605991588,
                31.246061851078636
              ],
              [
                119.8684965670566,
                31.24800981788442
              ],
              [
                119.86669420275335,
                31.24263720395939
              ],
              [
                119.86400738702271,
                31.241870846846435
              ],
              [
                119.86311281697024,
                31.243399788985318
              ],
              [
                119.86686737301055,
                31.250921894993716
              ],
              [
                119.86313558288286,
                31.256065490252105
              ],
              [
                119.85574859963738,
                31.256327868529915
              ],
              [
                119.84963736891787,
                31.252622959231942
              ],
              [
                119.84787057684642,
                31.256082947086075
              ],
              [
                119.84440900778341,
                31.257864734697023
              ],
              [
                119.83998846362728,
                31.25773246877617
              ],
              [
                119.83346822790563,
                31.25415884190965
              ],
              [
                119.83230615506558,
                31.2584351844648
              ],
              [
                119.82872606152819,
                31.26080619549668
              ],
              [
                119.81663224616933,
                31.260036190825524
              ],
              [
                119.81238449102875,
                31.256592109016182
              ],
              [
                119.81189674722732,
                31.251854973824376
              ],
              [
                119.80471329317525,
                31.247247201878338
              ],
              [
                119.79825655282048,
                31.247112282418183
              ],
              [
                119.79066788246209,
                31.244112679309353
              ],
              [
                119.78703709982226,
                31.239282380219823
              ],
              [
                119.78674391927198,
                31.23572632323565
              ],
              [
                119.78297648939527,
                31.23441243417923
              ],
              [
                119.77496908697225,
                31.227911744699668
              ],
              [
                119.77356241928261,
                31.22217301650203
              ],
              [
                119.77899789268906,
                31.218094188828157
              ],
              [
                119.79327167178896,
                31.220023622628414
              ],
              [
                119.79724239169738,
                31.223709456265162
              ],
              [
                119.79753576727289,
                31.231877966501933
              ],
              [
                119.80022907752482,
                31.235715758532567
              ],
              [
                119.80668407014993,
                31.23508251058668
              ],
              [
                119.82011475473374,
                31.239561477546612
              ],
              [
                119.83615432811943,
                31.236483783331728
              ],
              [
                119.84546562773004,
                31.22809637783697
              ],
              [
                119.84906626199295,
                31.22654446571783
              ],
              [
                119.8546965797343,
                31.228096377837016
              ],
              [
                119.85772125570847,
                31.233411441012386
              ],
              [
                119.86040815446472,
                31.232643921512135
              ],
              [
                119.86497755307887,
                31.226468200577663
              ],
              [
                119.87298203581544,
                31.224196377107912
              ],
              [
                119.87213027628223,
                31.219200167451678
              ],
              [
                119.87421212712795,
                31.2158046592881
              ],
              [
                119.88539881977535,
                31.211267183708834
              ],
              [
                119.8898177443419,
                31.211399643008164
              ],
              [
                119.89310752276003,
                31.213394730720896
              ],
              [
                119.89454482158722,
                31.222657147629302
              ],
              [
                119.89928256545612,
                31.21603968969379
              ],
              [
                119.91071234385184,
                31.214975289636005
              ],
              [
                119.9152003950496,
                31.208065627323364
              ],
              [
                119.90760606616912,
                31.202822831652703
              ],
              [
                119.90801648262814,
                31.19577686127278
              ],
              [
                119.90229914685887,
                31.19803589348535
              ],
              [
                119.89634970315124,
                31.197024549941727
              ],
              [
                119.89233473512131,
                31.192833740594402
              ],
              [
                119.89205195443328,
                31.188747186840885
              ],
              [
                119.89701948027499,
                31.18390587428329
              ],
              [
                119.90981459806478,
                31.181933710542122
              ],
              [
                119.91340622360083,
                31.175788010504316
              ],
              [
                119.91340637430473,
                31.172721418453662
              ],
              [
                119.908951,
                31.175246988710352
              ],
              [
                119.9062258089896,
                31.175021968452338
              ],
              [
                119.88107284588973,
                31.168878887148765
              ],
              [
                119.830711,
                31.17888798871206
              ],
              [
                119.79437310935387,
                31.164426294172024
              ],
              [
                119.779724,
                31.182731988713904
              ],
              [
                119.75979917056374,
                31.17639767176411
              ],
              [
                119.720047,
                31.173100988709308
              ],
              [
                119.69210538474495,
                31.15915794753916
              ],
              [
                119.67895204210738,
                31.168104409560552
              ],
              [
                119.667358,
                31.16728998870661
              ],
              [
                119.63673122375377,
                31.151961474230426
              ],
              [
                119.6325070327891,
                31.140338416217645
              ],
              [
                119.59866360242991,
                31.13518226660733
              ],
              [
                119.5769571069993,
                31.136584693618005
              ],
              [
                119.551605,
                31.157042988701694
              ],
              [
                119.529899,
                31.164910988705422
              ],
              [
                119.514298,
                31.167577988706707
              ],
              [
                119.47272582596204,
                31.15845578786385
              ],
              [
                119.43011870840628,
                31.187318603299406
              ],
              [
                119.42223806133083,
                31.183405382104382
              ],
              [
                119.4167597333833,
                31.18272169986569
              ],
              [
                119.406494,
                31.185113988715074
              ],
              [
                119.38558706054467,
                31.181989609126656
              ],
              [
                119.38520984039228,
                31.186547417649003
              ],
              [
                119.399094,
                31.19752498872095
              ],
              [
                119.40047430403034,
                31.203455512506036
              ],
              [
                119.372627,
                31.19581998872016
              ],
              [
                119.35918172295804,
                31.210664735324883
              ],
              [
                119.36095475586382,
                31.228037138122485
              ],
              [
                119.36633832323378,
                31.23572107303025
              ],
              [
                119.36454845623426,
                31.23572107303025
              ],
              [
                119.3807113677797,
                31.26874344870371
              ],
              [
                119.3565436941745,
                31.298906583374386
              ],
              [
                119.3573551703926,
                31.300986708479158
              ],
              [
                119.3501686481196,
                31.300219139956976
              ],
              [
                119.33848446584803,
                31.27105059984214
              ],
              [
                119.33130402715314,
                31.265672087087474
              ],
              [
                119.33309389634545,
                31.265672087087474
              ],
              [
                119.33219683916136,
                31.26414187927215
              ],
              [
                119.310783,
                31.266213988753737
              ],
              [
                119.2709327893802,
                31.254373373923027
              ],
              [
                119.25944392916259,
                31.261836452280445
              ],
              [
                119.25764831547367,
                31.26490616844259
              ],
              [
                119.26458711017898,
                31.26673203258457
              ],
              [
                119.26748334228837,
                31.2706598575747
              ],
              [
                119.26520740614349,
                31.27746339068837
              ],
              [
                119.259443434278,
                31.281803533577733
              ],
              [
                119.26033711970767,
                31.283331050966403
              ],
              [
                119.25854048913942,
                31.28409875701169
              ],
              [
                119.25943481898307,
                31.2818058380479
              ],
              [
                119.25249006760555,
                31.280767158876614
              ],
              [
                119.24798231927113,
                31.27817815011753
              ],
              [
                119.23967014057773,
                31.264141630475574
              ],
              [
                119.23249530282968,
                31.26414162054281
              ],
              [
                119.23249530282968,
                31.271809458173045
              ],
              [
                119.23826587882702,
                31.27463702292962
              ],
              [
                119.2414796166227,
                31.28409355446031
              ],
              [
                119.24724938475318,
                31.286921309973074
              ]
            ],
            [
              [
                119.80315603621524,
                31.2763998392823
              ],
              [
                119.80965633608946,
                31.277687908557798
              ],
              [
                119.81280669301887,
                31.281022630383955
              ],
              [
                119.81459154234766,
                31.280257617125173
              ],
              [
                119.8160357600014,
                31.275607568270775
              ],
              [
                119.8193335149116,
                31.273609014031408
              ],
              [
                119.82594659494693,
                31.272623879129814
              ],
              [
                119.83051003756432,
                31.275212585417368
              ],
              [
                119.83152616162043,
                31.281086459335032
              ],
              [
                119.82810864111288,
                31.286026365750214
              ],
              [
                119.82448514801136,
                31.287941137110863
              ],
              [
                119.82623553541951,
                31.29906959246631
              ],
              [
                119.82222038963485,
                31.304332411040605
              ],
              [
                119.81575023809893,
                31.306427091491567
              ],
              [
                119.8097850031511,
                31.304573441350247
              ],
              [
                119.7981915325621,
                31.28181720385253
              ],
              [
                119.79327586200034,
                31.2815348850287
              ],
              [
                119.7879053251157,
                31.278397720650315
              ],
              [
                119.78673472820934,
                31.272742213574244
              ],
              [
                119.7879202932681,
                31.269657570757616
              ],
              [
                119.7945804409534,
                31.26637238649084
              ],
              [
                119.79823545387352,
                31.26675057597061
              ],
              [
                119.80122553358055,
                31.26887172648062
              ],
              [
                119.80315603621524,
                31.2763998392823
              ]
            ],
            [
              [
                119.6306145483264,
                31.254283124055174
              ],
              [
                119.63846313203662,
                31.256745834057014
              ],
              [
                119.64261751896028,
                31.250029989924546
              ],
              [
                119.6537963254432,
                31.24877242757061
              ],
              [
                119.66157283972093,
                31.245298025356874
              ],
              [
                119.66874595710637,
                31.247298988176507
              ],
              [
                119.67172516919288,
                31.252997751007808
              ],
              [
                119.67060935262548,
                31.2568994297841
              ],
              [
                119.6672332025346,
                31.259556397390604
              ],
              [
                119.6621383245145,
                31.26113240386392
              ],
              [
                119.65649704871325,
                31.260302348129866
              ],
              [
                119.6538347576489,
                31.264529489091764
              ],
              [
                119.6508597771421,
                31.26618125455504
              ],
              [
                119.64505774987488,
                31.265380037371273
              ],
              [
                119.64128752245973,
                31.26154429761459
              ],
              [
                119.63820390438363,
                31.267917810830692
              ],
              [
                119.62472173000536,
                31.274077016681463
              ],
              [
                119.61948182515837,
                31.27280901404032
              ],
              [
                119.61710779952239,
                31.26957024124695
              ],
              [
                119.61815375331204,
                31.26441600859643
              ],
              [
                119.62322123316738,
                31.25606390050457
              ],
              [
                119.62619623548864,
                31.254412227525755
              ],
              [
                119.6306145483264,
                31.254283124055174
              ]
            ],
            [
              [
                119.57384915386538,
                31.240329539720015
              ],
              [
                119.56756094687655,
                31.244937781570503
              ],
              [
                119.56556759497246,
                31.244861392642
              ],
              [
                119.5567811634671,
                31.24186564531897
              ],
              [
                119.55587755480522,
                31.23879630350428
              ],
              [
                119.55228958704654,
                31.23648916642907
              ],
              [
                119.5540795342731,
                31.23341818403932
              ],
              [
                119.5504929564783,
                31.234184867511697
              ],
              [
                119.54869632591004,
                31.23111238153708
              ],
              [
                119.5451030647736,
                31.233416755382983
              ],
              [
                119.53701822721646,
                31.229576101081005
              ],
              [
                119.53701822721646,
                31.226503465240462
              ],
              [
                119.55676628827253,
                31.22650205187976
              ],
              [
                119.55498453289889,
                31.221894324167412
              ],
              [
                119.57115420801301,
                31.224198922798738
              ],
              [
                119.56935757744476,
                31.226503465240462
              ],
              [
                119.57205252329716,
                31.239561477546612
              ],
              [
                119.57384915386544,
                31.238793409138918
              ],
              [
                119.57384915386538,
                31.240329539720015
              ]
            ],
            [
              [
                119.39957598874621,
                31.251081754260728
              ],
              [
                119.39867767346209,
                31.245705800013894
              ],
              [
                119.40227093459859,
                31.25338564095923
              ],
              [
                119.4049658804509,
                31.255689471432195
              ],
              [
                119.40766082630329,
                31.244937781570503
              ],
              [
                119.41125408743979,
                31.244169756874804
              ],
              [
                119.41574566386033,
                31.246473812223012
              ],
              [
                119.41484734857623,
                31.257225327182727
              ],
              [
                119.41305071800801,
                31.255689471432195
              ],
              [
                119.40945745687154,
                31.255689471432195
              ],
              [
                119.4085611859973,
                31.258754167195715
              ],
              [
                119.41125408743976,
                31.262600625497697
              ],
              [
                119.40945745687154,
                31.270279092020658
              ],
              [
                119.41484734857623,
                31.2756536467911
              ],
              [
                119.41574566386033,
                31.270279092020658
              ],
              [
                119.4175422944286,
                31.270279092020658
              ],
              [
                119.4184406097127,
                31.27718917762099
              ],
              [
                119.42023724028095,
                31.27718917762099
              ],
              [
                119.42023724028095,
                31.28256333867783
              ],
              [
                119.42293218613331,
                31.281795620136982
              ],
              [
                119.42113555556507,
                31.286401837642877
              ],
              [
                119.4265254472698,
                31.28563415034546
              ],
              [
                119.42293218613332,
                31.28870486201266
              ],
              [
                119.428322077838,
                31.299451565191454
              ],
              [
                119.43101702369043,
                31.299451565191454
              ],
              [
                119.43101812037855,
                31.30098128478953
              ],
              [
                119.43640691539512,
                31.300219139956976
              ],
              [
                119.43551261771691,
                31.30251782724474
              ],
              [
                119.44359343766807,
                31.306359513026
              ],
              [
                119.44269512238392,
                31.315569322253353
              ],
              [
                119.43640691539512,
                31.31710420290959
              ],
              [
                119.43550992978204,
                31.313272634089266
              ],
              [
                119.43371196954276,
                31.313273809303794
              ],
              [
                119.43371196954276,
                31.316336765712098
              ],
              [
                119.42831688470766,
                31.31403885313583
              ],
              [
                119.42562713198568,
                31.316336765712098
              ],
              [
                119.42562713198568,
                31.320941295103946
              ],
              [
                119.42293218613331,
                31.317871633863795
              ],
              [
                119.4184406097127,
                31.316336765712098
              ],
              [
                119.4184406097127,
                31.314034416588022
              ],
              [
                119.42023724028095,
                31.314034416588022
              ],
              [
                119.42023724028095,
                31.309429549483497
              ],
              [
                119.42381864672744,
                31.309318141586004
              ],
              [
                119.42293218613332,
                31.300986708479158
              ],
              [
                119.42023724028095,
                31.300986708479158
              ],
              [
                119.4220338708492,
                31.299451565191454
              ],
              [
                119.4184406097127,
                31.295613597570878
              ],
              [
                119.41664397914448,
                31.296381203597715
              ],
              [
                119.41484734857623,
                31.290240180337097
              ],
              [
                119.41664397914448,
                31.28563415034546
              ],
              [
                119.41305071800801,
                31.28256333867783
              ],
              [
                119.41215240272388,
                31.277956933666523
              ],
              [
                119.40676251101918,
                31.272582510130984
              ],
              [
                119.40586419573503,
                31.274118090961103
              ],
              [
                119.40317143371028,
                31.266446158545364
              ],
              [
                119.39418609704146,
                31.266439936863225
              ],
              [
                119.40047199417441,
                31.257987321582156
              ],
              [
                119.39777935817796,
                31.251081754260728
              ],
              [
                119.39957598874621,
                31.251081754260728
              ]
            ],
            [
              [
                119.36633832323378,
                31.34088345259957
              ],
              [
                119.36633832323378,
                31.332451633459673
              ],
              [
                119.36903326908612,
                31.33168432136156
              ],
              [
                119.36993158437026,
                31.33628810013913
              ],
              [
                119.37262653022262,
                31.33628810013913
              ],
              [
                119.3744260494997,
                31.340886264746104
              ],
              [
                119.37981305249559,
                31.34012441041291
              ],
              [
                119.38340631363204,
                31.341658890725988
              ],
              [
                119.38431085199814,
                31.34907260932729
              ],
              [
                119.38789604973375,
                31.351624455218168
              ],
              [
                119.39149115118911,
                31.34702937471784
              ],
              [
                119.40047430403034,
                31.345494982008475
              ],
              [
                119.40060151704989,
                31.34702937471784
              ],
              [
                119.40922023234671,
                31.345755600558604
              ],
              [
                119.41380975174168,
                31.350041894248562
              ],
              [
                119.41380976504207,
                31.353989835940446
              ],
              [
                119.41093319136398,
                31.359243004329937
              ],
              [
                119.3950903692553,
                31.36391129966783
              ],
              [
                119.39598890601575,
                31.366968954268287
              ],
              [
                119.40355862841092,
                31.369798381015
              ],
              [
                119.40503814514395,
                31.374101617514185
              ],
              [
                119.40353120962743,
                31.37775331714308
              ],
              [
                119.39752508537259,
                31.380080393219984
              ],
              [
                119.39148636982307,
                31.377717280782587
              ],
              [
                119.38520514170644,
                31.377717392825257
              ],
              [
                119.36903326908612,
                31.383086820442212
              ],
              [
                119.37082989965437,
                31.39151587268051
              ],
              [
                119.37442316079084,
                31.39074904252853
              ],
              [
                119.37442316079084,
                31.393816325568825
              ],
              [
                119.36993158437026,
                31.393816325568825
              ],
              [
                119.36723663851792,
                31.400717346036057
              ],
              [
                119.36274506209728,
                31.397650288454944
              ],
              [
                119.36184833001074,
                31.393823082438733
              ],
              [
                119.35825348567676,
                31.393049514200634
              ],
              [
                119.35824736073823,
                31.387683898871252
              ],
              [
                119.35555853982434,
                31.38768165929015
              ],
              [
                119.3582534856767,
                31.37924583878144
              ],
              [
                119.3609484315291,
                31.379239415164673
              ],
              [
                119.36183980344452,
                31.375414364002744
              ],
              [
                119.35825348567676,
                31.3738771949076
              ],
              [
                119.35649686447567,
                31.36965748452352
              ],
              [
                119.36004400858317,
                31.362369375755225
              ],
              [
                119.35718845655188,
                31.355627247046336
              ],
              [
                119.35943871216037,
                31.34731087854355
              ],
              [
                119.36633832323378,
                31.34088345259957
              ]
            ]
          ],
          [
            [
              [
                119.5520523494318,
                31.34422118558814
              ],
              [
                119.5553454143971,
                31.34621933391028
              ],
              [
                119.55678658629488,
                31.349325637292594
              ],
              [
                119.55960332233907,
                31.350098085064346
              ],
              [
                119.56401149018122,
                31.346535945254463
              ],
              [
                119.57001866820411,
                31.34575560055862
              ],
              [
                119.57327316733914,
                31.347281448859178
              ],
              [
                119.57535888210091,
                31.350379658004513
              ],
              [
                119.57475367632914,
                31.35853127613585
              ],
              [
                119.57943393040674,
                31.35761267787832
              ],
              [
                119.58821624148159,
                31.35853126528655
              ],
              [
                119.58850908965981,
                31.354215491549944
              ],
              [
                119.5927137748319,
                31.346917124323717
              ],
              [
                119.58940743819437,
                31.34291191965428
              ],
              [
                119.58925982849537,
                31.33853330971025
              ],
              [
                119.59540266973487,
                31.33091343602976
              ],
              [
                119.59375144702769,
                31.323953748683003
              ],
              [
                119.60079247077061,
                31.317873572314472
              ],
              [
                119.59900487052957,
                31.316342153279308
              ],
              [
                119.59426731295159,
                31.31914759151756
              ],
              [
                119.58804975050863,
                31.319276956476585
              ],
              [
                119.58373062199072,
                31.31710420290959
              ],
              [
                119.58192763278988,
                31.313272191403843
              ],
              [
                119.58014278368202,
                31.31327223195546
              ],
              [
                119.574032204265,
                31.3219338367015
              ],
              [
                119.56966878943288,
                31.323356191667038
              ],
              [
                119.56397259345901,
                31.322863979178848
              ],
              [
                119.56120133939443,
                31.327113355319554
              ],
              [
                119.55285798718977,
                31.330108516007815
              ],
              [
                119.54677248232224,
                31.328615010392472
              ],
              [
                119.53774394244662,
                31.330020160278437
              ],
              [
                119.53162283277142,
                31.324783505680898
              ],
              [
                119.52983712777132,
                31.324783509144197
              ],
              [
                119.52893941953603,
                31.329378402177554
              ],
              [
                119.53621018321442,
                31.333317079812147
              ],
              [
                119.54212118555598,
                31.339638491903955
              ],
              [
                119.54151576056681,
                31.34472252010153
              ],
              [
                119.5520523494318,
                31.34422118558814
              ]
            ]
          ],
          [
            [
              [
                119.47226731833145,
                31.394358647680413
              ],
              [
                119.47435133323329,
                31.389785941155885
              ],
              [
                119.47845733342464,
                31.387810493599122
              ],
              [
                119.48850324494434,
                31.386909539348963
              ],
              [
                119.48003474286878,
                31.377188427556508
              ],
              [
                119.47772399563682,
                31.371581534423267
              ],
              [
                119.46605667498432,
                31.372092918660947
              ],
              [
                119.46402989435852,
                31.37563462158651
              ],
              [
                119.45887090515987,
                31.379248388582383
              ],
              [
                119.45617595930744,
                31.386150480079092
              ],
              [
                119.45767970625779,
                31.394300545738542
              ],
              [
                119.45167827522515,
                31.399071518280945
              ],
              [
                119.46964169219868,
                31.404545634550175
              ],
              [
                119.47323173438227,
                31.400714795663486
              ],
              [
                119.47226731833145,
                31.394358647680413
              ]
            ]
          ],
          [
            [
              [
                119.7249853524062,
                31.436542450384508
              ],
              [
                119.72566443688159,
                31.432915399011172
              ],
              [
                119.72835332579703,
                31.435209668903685
              ],
              [
                119.73980099435082,
                31.433175856706775
              ],
              [
                119.74363074256397,
                31.434448363929203
              ],
              [
                119.7443900290911,
                31.437461106620695
              ],
              [
                119.74397315021523,
                31.44149246150233
              ],
              [
                119.74542737313219,
                31.442112812466767
              ],
              [
                119.74273853494161,
                31.44288177434202
              ],
              [
                119.74363663766651,
                31.449771369573437
              ],
              [
                119.74926037962099,
                31.445437787878063
              ],
              [
                119.75368644101296,
                31.445307905360018
              ],
              [
                119.75889990488788,
                31.447472128543364
              ],
              [
                119.77147240870998,
                31.442110260990255
              ],
              [
                119.77057288483535,
                31.43981708707188
              ],
              [
                119.76486541851382,
                31.43725986336161
              ],
              [
                119.75620268448039,
                31.428321679032216
              ],
              [
                119.75211711556365,
                31.427712343841126
              ],
              [
                119.75171558012103,
                31.429082877049677
              ],
              [
                119.74812240609731,
                31.424489954949344
              ],
              [
                119.74363074256397,
                31.426783288673022
              ],
              [
                119.74452516113844,
                31.42525684860383
              ],
              [
                119.73824085085926,
                31.425250198422034
              ],
              [
                119.73464758972278,
                31.426783288673022
              ],
              [
                119.73554102704274,
                31.422954051234328
              ],
              [
                119.73374718249283,
                31.421423597373284
              ],
              [
                119.73105432858631,
                31.42295051604569
              ],
              [
                119.73373230599795,
                31.42142701639496
              ],
              [
                119.73028322632176,
                31.421417363137156
              ],
              [
                119.72840029106192,
                31.424869996815655
              ],
              [
                119.72493753638061,
                31.426654357880413
              ],
              [
                119.72051108984499,
                31.42652281670935
              ],
              [
                119.71667724092524,
                31.423722426632235
              ],
              [
                119.7150351997914,
                31.423974012197146
              ],
              [
                119.71578296875629,
                31.425250198422034
              ],
              [
                119.71218970761977,
                31.425250198422034
              ],
              [
                119.70951102968264,
                31.423647670412326
              ],
              [
                119.70859644648331,
                31.425250198422034
              ],
              [
                119.70141396732548,
                31.417589714385755
              ],
              [
                119.69651593336374,
                31.42141971597539
              ],
              [
                119.6969183477898,
                31.429849393977083
              ],
              [
                119.69468157479844,
                31.43291107554101
              ],
              [
                119.70230823949447,
                31.4352148369919
              ],
              [
                119.70051160892625,
                31.4352148369919
              ],
              [
                119.70051756585596,
                31.43827540524256
              ],
              [
                119.71366049355647,
                31.436789257089664
              ],
              [
                119.72027165646803,
                31.439808149196725
              ],
              [
                119.7249853524062,
                31.436542450384508
              ]
            ]
          ],
          [
            [
              [
                119.90168725704922,
                31.44996181438204
              ],
              [
                119.90533114105962,
                31.45743584495427
              ],
              [
                119.90801648161595,
                31.458198890700995
              ],
              [
                119.90801543231856,
                31.449775897946388
              ],
              [
                119.90471580799426,
                31.444894688405835
              ],
              [
                119.9044230707596,
                31.441348947274452
              ],
              [
                119.896235617596,
                31.434295756933075
              ],
              [
                119.8921394450352,
                31.427266494959294
              ],
              [
                119.89184680751394,
                31.416056390650052
              ],
              [
                119.88736407673198,
                31.416056523749116
              ],
              [
                119.88369919853461,
                31.419915163120013
              ],
              [
                119.87479073097516,
                31.423722343604524
              ],
              [
                119.87833820100639,
                31.430228715008642
              ],
              [
                119.87479078141888,
                31.43521048273251
              ],
              [
                119.89024313840359,
                31.438825228697556
              ],
              [
                119.90168725704922,
                31.44996181438204
              ]
            ]
          ],
          [
            [
              [
                119.48778826020123,
                31.453080998550753
              ],
              [
                119.48851515880378,
                31.45820085161426
              ],
              [
                119.49626858024867,
                31.455948747324722
              ],
              [
                119.50776583019362,
                31.461032091595968
              ],
              [
                119.50917650435815,
                31.46663126313557
              ],
              [
                119.51247715818572,
                31.46998391041765
              ],
              [
                119.5124771670607,
                31.473246127674106
              ],
              [
                119.50738239667405,
                31.477841589745722
              ],
              [
                119.49210857067223,
                31.481960391225233
              ],
              [
                119.49749777754305,
                31.488847084462385
              ],
              [
                119.49928451322221,
                31.488847043186816
              ],
              [
                119.51169260433377,
                31.47825638317833
              ],
              [
                119.51569315611775,
                31.478560258090965
              ],
              [
                119.51905596464923,
                31.48118640134848
              ],
              [
                119.52803287686913,
                31.481952411783983
              ],
              [
                119.53210649370638,
                31.480253642995784
              ],
              [
                119.52893119215322,
                31.478132749675282
              ],
              [
                119.5183882601449,
                31.475533307794233
              ],
              [
                119.51559758710236,
                31.472050013934172
              ],
              [
                119.51721296973564,
                31.467016451493727
              ],
              [
                119.52335572272136,
                31.46181620653402
              ],
              [
                119.52713080216145,
                31.460499668858223
              ],
              [
                119.52353807512691,
                31.453613595282413
              ],
              [
                119.5145603451135,
                31.45437462631385
              ],
              [
                119.51186539926113,
                31.45284198734051
              ],
              [
                119.5131066224624,
                31.45284198734051
              ],
              [
                119.51186046913718,
                31.45054828841228
              ],
              [
                119.50409845312407,
                31.44894690502657
              ],
              [
                119.50197850830806,
                31.445183701229965
              ],
              [
                119.49536891282017,
                31.447436205968952
              ],
              [
                119.49096975183663,
                31.447044488762376
              ],
              [
                119.48786244927214,
                31.44484317365969
              ],
              [
                119.48594146904126,
                31.43981354371071
              ],
              [
                119.48042883637824,
                31.44211813840645
              ],
              [
                119.47813687217759,
                31.444692012956885
              ],
              [
                119.46875222255314,
                31.448249181834868
              ],
              [
                119.4741308366178,
                31.45507167048949
              ],
              [
                119.47503447261226,
                31.452075658457424
              ],
              [
                119.48329360486284,
                31.449906121960545
              ],
              [
                119.48778826020123,
                31.453080998550753
              ]
            ]
          ],
          [
            [
              [
                119.16332105828862,
                31.549343178164154
              ],
              [
                119.20104624940598,
                31.55010949904709
              ],
              [
                119.20014999567167,
                31.547818154791155
              ],
              [
                119.19296347339872,
                31.54705260395691
              ],
              [
                119.19565841925107,
                31.545521483441828
              ],
              [
                119.20374325680812,
                31.54705260395691
              ],
              [
                119.20374325680812,
                31.549349237630853
              ],
              [
                119.21362310788733,
                31.550109261855813
              ],
              [
                119.22081298307782,
                31.548575292775055
              ],
              [
                119.22170956249052,
                31.544755913760937
              ],
              [
                119.22440450834291,
                31.543990337809873
              ],
              [
                119.22440450834291,
                31.54705260395691
              ],
              [
                119.22799046111098,
                31.54704734501324
              ],
              [
                119.22505430615719,
                31.53700647694096
              ],
              [
                119.22558919578292,
                31.53355732995217
              ],
              [
                119.22823052155833,
                31.5305054922039
              ],
              [
                119.23517833482259,
                31.528672233812564
              ],
              [
                119.23428105420645,
                31.52485392176123
              ],
              [
                119.22780288464266,
                31.527160067043333
              ],
              [
                119.22256360343297,
                31.525230994187297
              ],
              [
                119.21900871897603,
                31.518114174650297
              ],
              [
                119.21504021627511,
                31.515175917922893
              ],
              [
                119.2047031980313,
                31.496606954436576
              ],
              [
                119.19924593011704,
                31.49115570967933
              ],
              [
                119.19452163745812,
                31.493954875447155
              ],
              [
                119.18969491667589,
                31.494172899555558
              ],
              [
                119.18404697171877,
                31.491945819425354
              ],
              [
                119.17973886799477,
                31.487748951558586
              ],
              [
                119.17842459674584,
                31.48364833716754
              ],
              [
                119.17999458796652,
                31.477122946270946
              ],
              [
                119.19026852754632,
                31.470578216623835
              ],
              [
                119.18095957784688,
                31.46867829710584
              ],
              [
                119.1787293866198,
                31.461985198637862
              ],
              [
                119.18070459116085,
                31.459036073876145
              ],
              [
                119.18666915874813,
                31.45590468835235
              ],
              [
                119.18696187379807,
                31.45235953350338
              ],
              [
                119.19116081295387,
                31.448239969749288
              ],
              [
                119.19205863342165,
                31.444032854836433
              ],
              [
                119.18398196099447,
                31.44058671986754
              ],
              [
                119.17589548300045,
                31.44364562695297
              ],
              [
                119.17660292551996,
                31.442740273478165
              ],
              [
                119.16892272281007,
                31.439241523262336
              ],
              [
                119.16690690733147,
                31.43522012129485
              ],
              [
                119.16327782669275,
                31.438006073556643
              ],
              [
                119.15857321979678,
                31.439114780351037
              ],
              [
                119.15074861197482,
                31.43522009812093
              ],
              [
                119.14984433976102,
                31.52703361611656
              ],
              [
                119.1534426183986,
                31.542457237032668
              ],
              [
                119.15613620695981,
                31.54551783662085
              ],
              [
                119.16332105828862,
                31.549343178164154
              ]
            ]
          ],
          [
            [
              [
                119.54142095676534,
                31.50614946690773
              ],
              [
                119.538782459996,
                31.509554431508274
              ],
              [
                119.53432328136412,
                31.511177075647474
              ],
              [
                119.53432933231353,
                31.513358577486553
              ],
              [
                119.53882051834043,
                31.517951740987566
              ],
              [
                119.54846052772533,
                31.516685720820163
              ],
              [
                119.5649932140438,
                31.525614631198113
              ],
              [
                119.56576431630833,
                31.522551661867798
              ],
              [
                119.56845383933289,
                31.52484360901614
              ],
              [
                119.57164283724832,
                31.519975871218985
              ],
              [
                119.57923411544614,
                31.518717498633738
              ],
              [
                119.58102874549137,
                31.515659188443067
              ],
              [
                119.57834073028599,
                31.512596317923606
              ],
              [
                119.58102870266522,
                31.51183083576332
              ],
              [
                119.57744241500188,
                31.50800118605946
              ],
              [
                119.57834073028599,
                31.50646942523424
              ],
              [
                119.5810283987234,
                31.50646942523424
              ],
              [
                119.58193399142249,
                31.504284172033415
              ],
              [
                119.58013736085424,
                31.504171736920185
              ],
              [
                119.5792330886404,
                31.497283597710187
              ],
              [
                119.57185763846046,
                31.500356115820885
              ],
              [
                119.56330327913388,
                31.497748281140602
              ],
              [
                119.55947036432293,
                31.492687721807503
              ],
              [
                119.55461879718443,
                31.49042058571349
              ],
              [
                119.54958811990168,
                31.481963077889407
              ],
              [
                119.53775311696232,
                31.481641284350623
              ],
              [
                119.53967349419426,
                31.48541144925584
              ],
              [
                119.53612594180898,
                31.4934444926886
              ],
              [
                119.5415098036371,
                31.49804429200943
              ],
              [
                119.54142095676534,
                31.50614946690773
              ]
            ]
          ]
        ]
      }
    },
    {
      "type": "Feature",
      "properties": {
        "region_id": "planning_taihu_hills",
        "name": "环太湖丘陵",
        "name_zh": "环太湖丘陵",
        "region_level": "planning_display_region",
        "scope_type": "planning_display_region",
        "parent_region_id": "jiangsu",
        "administrative_code": null,
        "source_provider": "Project-derived from NASA SRTM, ESA WorldCover and cited geographic descriptions",
        "source_url": "https://www.jiangsu.gov.cn/attach/0/786d533807a04e9a90babc20b27fcf90.pdf",
        "source_version": "local rebuild v1, 2026-09-21",
        "source_crs": "EPSG:4326",
        "delivery_crs": "EPSG:4326",
        "acquired_at": "2026-09-21",
        "geometry_source": "data/nanjing/planning_regions/planning_regions_overview.geojson",
        "boundary_semantics": "project_defined_overview_boundary",
        "official_boundary": false,
        "boundary_authority_note": "Project-derived overview boundary; not a statutory natural-region, protected-area or dispatch boundary.",
        "usage_restriction": "project-derived planning display only",
        "redistribution_status": "included_with_nonofficial_boundary_notice",
        "public_geometry_distribution": "included",
        "planning_display_only": true,
        "executable_dispatch_area": false,
        "verification_status": "unverified",
        "data_availability": "planning_overview_only",
        "data_root": "data/nanjing/planning_regions",
        "qa_status": "PASS",
        "display_order": 43,
        "geometry_type": "MultiPolygon",
        "geometry_valid": true,
        "generated_at_utc": "2026-09-22T13:24:39.312831+00:00",
        "distribution_scope": "public_repository",
        "administrative_context_geometry_included": false,
        "usage_note": "Project-derived planning-display geometry; not an official administrative, statutory planning, protected-area or executable dispatch boundary."
      },
      "geometry": {
        "type": "MultiPolygon",
        "coordinates": [
          [
            [
              [
                120.37102612324765,
                31.086096016070115
              ],
              [
                120.38862558862309,
                31.114278625171387
              ],
              [
                120.39760099893718,
                31.11427857320949
              ],
              [
                120.41107899866479,
                31.098243796053154
              ],
              [
                120.40378955955589,
                31.094912077278707
              ],
              [
                120.3923544453352,
                31.076657135479348
              ],
              [
                120.39340040794787,
                31.06840305110005
              ],
              [
                120.39849653373771,
                31.062737893699396
              ],
              [
                120.39670082277118,
                31.054387544832746
              ],
              [
                120.39310377730061,
                31.049611322383406
              ],
              [
                120.39455846670182,
                31.045754424013886
              ],
              [
                120.39913706393654,
                31.042735398342316
              ],
              [
                120.39311269298238,
                31.041193028085168
              ],
              [
                120.39630327523518,
                31.04041196710887
              ],
              [
                120.39580153117305,
                31.038116824491865
              ],
              [
                120.39311558169126,
                31.03734995406708
              ],
              [
                120.38884052748072,
                31.0407640259041
              ],
              [
                120.38436946332361,
                31.040931888088377
              ],
              [
                120.38012038133353,
                31.03748324667578
              ],
              [
                120.37963201388243,
                31.03245446515571
              ],
              [
                120.37694904774487,
                31.033499913711267
              ],
              [
                120.3754971929318,
                31.043558599653466
              ],
              [
                120.3691919386267,
                31.045769762971887
              ],
              [
                120.36491411354284,
                31.043558599653455
              ],
              [
                120.36256420083252,
                31.03812417555527
              ],
              [
                120.36167165803822,
                31.039653668330114
              ],
              [
                120.35987502746998,
                31.03811428369176
              ],
              [
                120.36253373948546,
                31.03811428369176
              ],
              [
                120.35819565281363,
                31.036615062770277
              ],
              [
                120.35807839690173,
                31.03811428369176
              ],
              [
                120.35628940756915,
                31.036581421360236
              ],
              [
                120.35065904527634,
                31.036140244064693
              ],
              [
                120.34639487538035,
                31.031192007018248
              ],
              [
                120.34460962456964,
                31.031191983941273
              ],
              [
                120.34550198292405,
                31.031956496250938
              ],
              [
                120.34205206476858,
                31.03539715812638
              ],
              [
                120.32664429679168,
                31.039658762341336
              ],
              [
                120.32933801690271,
                31.052730086624475
              ],
              [
                120.33382388423048,
                31.05119825972605
              ],
              [
                120.33742452833225,
                31.055812701598246
              ],
              [
                120.34370625183364,
                31.058888074048205
              ],
              [
                120.35288339003368,
                31.055801783767723
              ],
              [
                120.35965274880276,
                31.05867016718029
              ],
              [
                120.36163076955175,
                31.064677202620306
              ],
              [
                120.35449124339705,
                31.077363360293642
              ],
              [
                120.35449109269497,
                31.08274108855802
              ],
              [
                120.35897671218582,
                31.082746330460484
              ],
              [
                120.3589796008947,
                31.084279618388095
              ],
              [
                120.36543400080255,
                31.083645228393628
              ],
              [
                120.37102612324765,
                31.086096016070115
              ]
            ]
          ],
          [
            [
              [
                120.3005862187181,
                31.150423908393016
              ],
              [
                120.30238284928635,
                31.150423908393016
              ],
              [
                120.31316263269574,
                31.155805279705618
              ],
              [
                120.31227160145345,
                31.15964370032719
              ],
              [
                120.32573561418936,
                31.162717735452453
              ],
              [
                120.32842794157641,
                31.16041407982899
              ],
              [
                120.33112893837813,
                31.148117512870662
              ],
              [
                120.33292556894638,
                31.148886317609396
              ],
              [
                120.33562051479873,
                31.145811061239453
              ],
              [
                120.33613298446436,
                31.148881131231906
              ],
              [
                120.34010989371316,
                31.148880909494057
              ],
              [
                120.34459625975137,
                31.145042231554427
              ],
              [
                120.33831546065109,
                31.145042231554427
              ],
              [
                120.33562051479873,
                31.141197989641785
              ],
              [
                120.33651883008284,
                31.137353591871445
              ],
              [
                120.33921377593524,
                31.140429122550977
              ],
              [
                120.34459560753047,
                31.139661399012702
              ],
              [
                120.3463941403998,
                31.135045233785103
              ],
              [
                120.34589898506933,
                31.131720621753082
              ],
              [
                120.34190872178758,
                31.132740108836366
              ],
              [
                120.34370535235581,
                31.12966432882048
              ],
              [
                120.34568830806653,
                31.130230128991947
              ],
              [
                120.34639421834748,
                31.12659449168234
              ],
              [
                120.33652478701258,
                31.127362672681468
              ],
              [
                120.3362312943123,
                31.130925558729977
              ],
              [
                120.3340006515731,
                31.133739383959544
              ],
              [
                120.31586211583074,
                31.139664657045785
              ],
              [
                120.31766339911742,
                31.144989528338723
              ],
              [
                120.31488313347619,
                31.14969199078598
              ],
              [
                120.30900267958869,
                31.151151418313898
              ],
              [
                120.30444094706245,
                31.148565775122457
              ],
              [
                120.30332182739451,
                31.1446491813999
              ],
              [
                120.30628813793018,
                31.139755616696124
              ],
              [
                120.30177206313402,
                31.1332323141869
              ],
              [
                120.30177208083673,
                31.126865009721104
              ],
              [
                120.308999928754,
                31.119720628145306
              ],
              [
                120.31405532246207,
                31.117356147538974
              ],
              [
                120.31730674491092,
                31.11222988153381
              ],
              [
                120.32212673706941,
                31.1104339099102
              ],
              [
                120.31688310461739,
                31.108131095463275
              ],
              [
                120.31291405017326,
                31.110949464927806
              ],
              [
                120.30891034339305,
                31.110946528552265
              ],
              [
                120.29905254156077,
                31.103966994354458
              ],
              [
                120.29788420686842,
                31.09505428323653
              ],
              [
                120.29328094687405,
                31.082261397983448
              ],
              [
                120.29429185392087,
                31.076593074788157
              ],
              [
                120.29160306587693,
                31.07197499516218
              ],
              [
                120.29160218234232,
                31.062749262168932
              ],
              [
                120.2889081200245,
                31.06504992091981
              ],
              [
                120.26555787956713,
                31.069671934314098
              ],
              [
                120.26555795251406,
                31.07350989717842
              ],
              [
                120.26949703942213,
                31.075766866597913
              ],
              [
                120.27798830436983,
                31.089604814620532
              ],
              [
                120.27784069021979,
                31.092471377133748
              ],
              [
                120.27420546000569,
                31.09807921611331
              ],
              [
                120.26857953512555,
                31.099629011817065
              ],
              [
                120.25926371564856,
                31.0958241680908
              ],
              [
                120.25655973910382,
                31.089620296452477
              ],
              [
                120.25835929270274,
                31.082748872429477
              ],
              [
                120.25459420857253,
                31.08212936147243
              ],
              [
                120.25297550865976,
                31.083515664845912
              ],
              [
                120.24937777546201,
                31.078904870982438
              ],
              [
                120.24309999746416,
                31.077366056983752
              ],
              [
                120.24399849743693,
                31.084283059251113
              ],
              [
                120.24758561695504,
                31.08967011577308
              ],
              [
                120.24489067110267,
                31.09274719176148
              ],
              [
                120.23501324616178,
                31.09275251726613
              ],
              [
                120.23500920297734,
                31.09890104476104
              ],
              [
                120.22872579333387,
                31.100445199523005
              ],
              [
                120.22692436542029,
                31.10582365284948
              ],
              [
                120.21255309937818,
                31.106599006640398
              ],
              [
                120.20601640041812,
                31.11476350958549
              ],
              [
                120.19907984660753,
                31.116596511852187
              ],
              [
                120.19638164576023,
                31.119667355077613
              ],
              [
                120.19189577610203,
                31.11813661026898
              ],
              [
                120.19099858243598,
                31.12427760722848
              ],
              [
                120.19728099546292,
                31.126583657167384
              ],
              [
                120.20789629513517,
                31.12440965555966
              ],
              [
                120.216141693302,
                31.125045094927483
              ],
              [
                120.22172935855222,
                31.122729529134425
              ],
              [
                120.22646994424417,
                31.124005287044852
              ],
              [
                120.23052255774874,
                31.12789649381066
              ],
              [
                120.24301902325452,
                31.132703813103664
              ],
              [
                120.25028675205535,
                31.141192754623596
              ],
              [
                120.25477213922801,
                31.141197989641785
              ],
              [
                120.26572912563431,
                31.14558105341553
              ],
              [
                120.26810700661765,
                31.148823079813926
              ],
              [
                120.26825328142279,
                31.153113235917132
              ],
              [
                120.27274300717312,
                31.158874074583178
              ],
              [
                120.27902665189923,
                31.15811148815383
              ],
              [
                120.27992671682925,
                31.15964297452914
              ],
              [
                120.29788746414319,
                31.155031898010797
              ],
              [
                120.30148453400217,
                31.151961474230426
              ],
              [
                120.3005862187181,
                31.150423908393016
              ]
            ]
          ],
          [
            [
              [
                120.38201040417825,
                31.353418923729272
              ],
              [
                120.38752791644109,
                31.351618439510293
              ],
              [
                120.39400558543872,
                31.353928552365144
              ],
              [
                120.39669992424226,
                31.348567688538015
              ],
              [
                120.39269590974386,
                31.344860878862054
              ],
              [
                120.39220827003655,
                31.339359709605013
              ],
              [
                120.38167394779437,
                31.335227582898558
              ],
              [
                120.37783435460373,
                31.329387558560406
              ],
              [
                120.3751508593613,
                31.32938766719326
              ],
              [
                120.37791365618483,
                31.35262392444376
              ],
              [
                120.37579023799782,
                31.358205596204183
              ],
              [
                120.37155908309326,
                31.361599599960098
              ],
              [
                120.37951075070107,
                31.363906042455998
              ],
              [
                120.37977722531966,
                31.356946369212523
              ],
              [
                120.38201040417825,
                31.353418923729272
              ]
            ]
          ],
          [
            [
              [
                120.12900237393342,
                31.4482398419496
              ],
              [
                120.13079759605706,
                31.43981869607101
              ],
              [
                120.12810968416714,
                31.43981354371071
              ],
              [
                120.12451642303061,
                31.4352148369919
              ],
              [
                120.1281035765054,
                31.431379857839964
              ],
              [
                120.12815254663576,
                31.418637888731112
              ],
              [
                120.13259384702889,
                31.40608643904581
              ],
              [
                120.12900154183436,
                31.401499385162147
              ],
              [
                120.12631305359892,
                31.404551027075808
              ],
              [
                120.1218214771783,
                31.404551027075808
              ],
              [
                120.1218214771783,
                31.403028649638575
              ],
              [
                120.12002484661008,
                31.406084455650316
              ],
              [
                120.10745167678765,
                31.4102185444222
              ],
              [
                120.10427216981097,
                31.419249333373752
              ],
              [
                120.10002155620435,
                31.422691231952342
              ],
              [
                120.09600691065137,
                31.42269003693404
              ],
              [
                120.08839752633168,
                31.418573437197296
              ],
              [
                120.08617557967462,
                31.415768060931015
              ],
              [
                120.08498452065281,
                31.40992186610379
              ],
              [
                120.07870234354056,
                31.403784303392126
              ],
              [
                120.07614654399313,
                31.396171241168542
              ],
              [
                120.07510295746559,
                31.38231573698869
              ],
              [
                120.07331245183589,
                31.38231349753311
              ],
              [
                120.07420413083041,
                31.376179709318126
              ],
              [
                120.07241413655171,
                31.375411124463565
              ],
              [
                120.07420059944319,
                31.36929066233625
              ],
              [
                120.06882087541528,
                31.3738771949076
              ],
              [
                120.06164031007201,
                31.374649420617054
              ],
              [
                120.06073603785819,
                31.38231349753311
              ],
              [
                120.05894545714226,
                31.382316503159117
              ],
              [
                120.05984282541628,
                31.394581899076854
              ],
              [
                120.065248715194,
                31.40325575392824
              ],
              [
                120.05984483677209,
                31.41221684970549
              ],
              [
                120.06433350083685,
                31.421413280343053
              ],
              [
                120.06971919069939,
                31.42295051604569
              ],
              [
                120.06972528036665,
                31.430613029978197
              ],
              [
                120.08319391996116,
                31.43981354371071
              ],
              [
                120.0852402552391,
                31.44661640904748
              ],
              [
                120.08140331926954,
                31.452838036911103
              ],
              [
                120.08650058702031,
                31.456957516799378
              ],
              [
                120.08507701964082,
                31.4626724102962
              ],
              [
                120.09667309335207,
                31.466629506648918
              ],
              [
                120.09845917212948,
                31.465866067029136
              ],
              [
                120.09175995470096,
                31.460635921886663
              ],
              [
                120.09008094162698,
                31.450001216235748
              ],
              [
                120.0915653915274,
                31.443162889893163
              ],
              [
                120.09420948769092,
                31.440108591480044
              ],
              [
                120.09827039495455,
                31.439033132334423
              ],
              [
                120.10224559682908,
                31.440358136061924
              ],
              [
                120.10925168594127,
                31.449771401149437
              ],
              [
                120.11765975066896,
                31.448126932832203
              ],
              [
                120.12451195096932,
                31.452070331962737
              ],
              [
                120.12631305359892,
                31.449010280222822
              ],
              [
                120.12900237393342,
                31.4482398419496
              ]
            ]
          ],
          [
            [
              [
                120.24923211726272,
                31.47241796365635
              ],
              [
                120.25149610152762,
                31.468231213529595
              ],
              [
                120.26285086912333,
                31.465866067029168
              ],
              [
                120.26285697678507,
                31.45601961846147
              ],
              [
                120.25504574775837,
                31.449653263477785
              ],
              [
                120.25359204332119,
                31.442115231826918
              ],
              [
                120.24772465014834,
                31.435267977776828
              ],
              [
                120.24847779062081,
                31.42985133469405
              ],
              [
                120.24578437674464,
                31.42578560559895
              ],
              [
                120.24219578314931,
                31.424136551401695
              ],
              [
                120.23584267936646,
                31.42601945274675
              ],
              [
                120.22929481808735,
                31.42346307596215
              ],
              [
                120.22541444649544,
                31.416534667058812
              ],
              [
                120.22507354726065,
                31.412218738227093
              ],
              [
                120.21883824435234,
                31.403792319739672
              ],
              [
                120.21345855849835,
                31.408384551585822
              ],
              [
                120.21524626672672,
                31.409917917447203
              ],
              [
                120.21435476590618,
                31.415282917008195
              ],
              [
                120.21704289729497,
                31.41605113057511
              ],
              [
                120.21704289729497,
                31.419117586770074
              ],
              [
                120.21256217734837,
                31.42218316739759
              ],
              [
                120.21704289729497,
                31.425250198422034
              ],
              [
                120.21524626672672,
                31.425250198422034
              ],
              [
                120.21524626672672,
                31.4313824090301
              ],
              [
                120.20896606801712,
                31.43292060866248
              ],
              [
                120.21165300559025,
                31.440579972899666
              ],
              [
                120.20448496885881,
                31.443756017810543
              ],
              [
                120.2053708059749,
                31.449005925334912
              ],
              [
                120.2089580597379,
                31.449776634186836
              ],
              [
                120.21345401395565,
                31.458201368992942
              ],
              [
                120.21704289729497,
                31.458972392730125
              ],
              [
                120.21973784314731,
                31.462803692327046
              ],
              [
                120.22602605013617,
                31.47659507281937
              ],
              [
                120.22334245017005,
                31.479654642167112
              ],
              [
                120.22692436542029,
                31.480425651221786
              ],
              [
                120.23231425712498,
                31.48808633759697
              ],
              [
                120.23052444345073,
                31.490386005618095
              ],
              [
                120.23231425712498,
                31.501108064667143
              ],
              [
                120.22693047308202,
                31.50647197843162
              ],
              [
                120.22692436542029,
                31.51565961365675
              ],
              [
                120.22423516086646,
                31.51566300463661
              ],
              [
                120.2229102297987,
                31.518317970304096
              ],
              [
                120.21076063688366,
                31.52791686090305
              ],
              [
                120.21434795144265,
                31.530974585856843
              ],
              [
                120.21614458201087,
                31.530208896879678
              ],
              [
                120.21614458201087,
                31.531740268554742
              ],
              [
                120.21883952786322,
                31.53327161511292
              ],
              [
                120.22602134006688,
                31.53020539936848
              ],
              [
                120.22872099598854,
                31.521785903837177
              ],
              [
                120.23051080967977,
                31.52254875637386
              ],
              [
                120.23949589682489,
                31.51565529775823
              ],
              [
                120.24251158671423,
                31.50883227740228
              ],
              [
                120.2493793588144,
                31.50646402695216
              ],
              [
                120.25567045451211,
                31.49881024458816
              ],
              [
                120.25925829282356,
                31.50263462531733
              ],
              [
                120.26127238449403,
                31.498617978265457
              ],
              [
                120.27003754212829,
                31.493443180460737
              ],
              [
                120.27003739139627,
                31.49191899834151
              ],
              [
                120.26655066842977,
                31.483404330037647
              ],
              [
                120.26465360735331,
                31.485022138320325
              ],
              [
                120.26645023792156,
                31.48130415611688
              ],
              [
                120.26464818452551,
                31.477366487680715
              ],
              [
                120.2567636546328,
                31.48058259754572
              ],
              [
                120.25188887856636,
                31.479114205482052
              ],
              [
                120.24966878613252,
                31.476310633908067
              ],
              [
                120.24923211726272,
                31.47241796365635
              ]
            ]
          ],
          [
            [
              [
                120.41958066886488,
                31.4570474911908
              ],
              [
                120.42365099352567,
                31.453604406270504
              ],
              [
                120.42454741042863,
                31.45131407757305
              ],
              [
                120.415658903761,
                31.450568210036508
              ],
              [
                120.40839000974215,
                31.448249181834875
              ],
              [
                120.41014091797344,
                31.453986488750616
              ],
              [
                120.4084260400399,
                31.457058527092965
              ],
              [
                120.40479682155262,
                31.458976343413227
              ],
              [
                120.40576112986021,
                31.46302832363367
              ],
              [
                120.40425741554219,
                31.466672093627647
              ],
              [
                120.40047174630028,
                31.4688044094842
              ],
              [
                120.39491379561191,
                31.468938773046876
              ],
              [
                120.39017871218758,
                31.47250486105099
              ],
              [
                120.38503381235503,
                31.472769600804327
              ],
              [
                120.38683462889634,
                31.477431225592497
              ],
              [
                120.38567581557515,
                31.48085470670054
              ],
              [
                120.38160751102512,
                31.483360928496268
              ],
              [
                120.37605065951384,
                31.482729186747264
              ],
              [
                120.37575819504083,
                31.487035615361716
              ],
              [
                120.3724117239569,
                31.490875353905174
              ],
              [
                120.36815474986368,
                31.491930429202107
              ],
              [
                120.3625656241384,
                31.48962373351595
              ],
              [
                120.3561069150943,
                31.490254943312394
              ],
              [
                120.34820235160423,
                31.486559537647935
              ],
              [
                120.34371130928555,
                31.496507103533897
              ],
              [
                120.34824030355318,
                31.49842698377156
              ],
              [
                120.35056748506237,
                31.503162296881296
              ],
              [
                120.35264513042027,
                31.49842698377157
              ],
              [
                120.36149845707058,
                31.493577543338407
              ],
              [
                120.36633813908654,
                31.493577920738606
              ],
              [
                120.3700830881338,
                31.49523622395718
              ],
              [
                120.37245791656542,
                31.49880500245253
              ],
              [
                120.37514313230504,
                31.498804862642906
              ],
              [
                120.3796379637206,
                31.493448444798812
              ],
              [
                120.38142946954981,
                31.493444728023903
              ],
              [
                120.39220827003655,
                31.483487448464874
              ],
              [
                120.39422364333113,
                31.47793429544016
              ],
              [
                120.40388698118218,
                31.473525641906512
              ],
              [
                120.40479079167599,
                31.469699636558346
              ],
              [
                120.40837870239467,
                31.46816408986255
              ],
              [
                120.4131930839027,
                31.4613349434258
              ],
              [
                120.41826063836466,
                31.458968079395213
              ],
              [
                120.41826552093774,
                31.456673537738087
              ],
              [
                120.41958066886488,
                31.4570474911908
              ]
            ]
          ],
          [
            [
              [
                120.09002065106498,
                31.482220745667224
              ],
              [
                120.09756093463045,
                31.478889487171386
              ],
              [
                120.09127875751823,
                31.478127322992833
              ],
              [
                120.09217343409493,
                31.475834302316212
              ],
              [
                120.08571421765723,
                31.475699456461335
              ],
              [
                120.08192313445969,
                31.474023540093913
              ],
              [
                120.0787420645747,
                31.46931088707168
              ],
              [
                120.08041246807075,
                31.464467444420496
              ],
              [
                120.07624246267675,
                31.46327451263694
              ],
              [
                120.07330659522354,
                31.46051019834158
              ],
              [
                120.06343705452721,
                31.466638049912262
              ],
              [
                120.06253266842639,
                31.473530497193533
              ],
              [
                120.05952075607935,
                31.476530845656
              ],
              [
                120.04461578028672,
                31.482727412476496
              ],
              [
                120.04995625444872,
                31.483490001047112
              ],
              [
                120.04906419054235,
                31.51948318656778
              ],
              [
                120.05932914288015,
                31.521889254418415
              ],
              [
                120.06314458935671,
                31.52590017228478
              ],
              [
                120.06253862535615,
                31.530969319445674
              ],
              [
                120.06971316082276,
                31.527142124698234
              ],
              [
                120.06490020377979,
                31.52459233544033
              ],
              [
                120.06281907609893,
                31.52150044069163
              ],
              [
                120.06371428068358,
                31.513467795907005
              ],
              [
                120.0691368139873,
                31.506534574481122
              ],
              [
                120.07600155091563,
                31.503403066167696
              ],
              [
                120.08049283249044,
                31.49651042596895
              ],
              [
                120.07959047376005,
                31.491987239192547
              ],
              [
                120.08135424869039,
                31.488468688261943
              ],
              [
                120.08767953945201,
                31.48654898654598
              ],
              [
                120.09002065106498,
                31.482220745667224
              ]
            ]
          ],
          [
            [
              [
                120.1077346160563,
                31.598617814451305
              ],
              [
                120.11037394505324,
                31.595567751371984
              ],
              [
                120.1193214161627,
                31.593725711082765
              ],
              [
                120.12631016489006,
                31.595264635321225
              ],
              [
                120.12810357650542,
                31.592977091350235
              ],
              [
                120.1119394464889,
                31.583032168173528
              ],
              [
                120.10631410832424,
                31.58659299939307
              ],
              [
                120.10115975996236,
                31.58633923150697
              ],
              [
                120.09038651305076,
                31.589916996324096
              ],
              [
                120.09128486517999,
                31.595267483062017
              ],
              [
                120.09774476208774,
                31.599335635175894
              ],
              [
                120.0993690179031,
                31.603681104682632
              ],
              [
                120.10744247570268,
                31.60368112789756
              ],
              [
                120.1077346160563,
                31.598617814451305
              ]
            ]
          ],
          [
            [
              [
                120.09691089139868,
                31.846336958266942
              ],
              [
                120.10116325897532,
                31.84956824362589
              ],
              [
                120.10744554392356,
                31.848187161785198
              ],
              [
                120.10834000420348,
                31.84437255176371
              ],
              [
                120.10385517149591,
                31.841324665448344
              ],
              [
                120.10026191035942,
                31.84361402697267
              ],
              [
                120.10026191035942,
                31.839798392871394
              ],
              [
                120.1029568562118,
                31.839798392871394
              ],
              [
                120.10385517149591,
                31.838272095042708
              ],
              [
                120.1083467479165,
                31.841324665448344
              ],
              [
                120.1083467479165,
                31.84431181790472
              ],
              [
                120.11098684281914,
                31.83942970238351
              ],
              [
                120.11572815502572,
                31.837494901894782
              ],
              [
                120.11980246549892,
                31.83857400775915
              ],
              [
                120.12223970392436,
                31.84120067894555
              ],
              [
                120.12092885048334,
                31.847997880823492
              ],
              [
                120.12541467330159,
                31.848950015931074
              ],
              [
                120.13349487035775,
                31.847077860947596
              ],
              [
                120.13733117638162,
                31.83939024256383
              ],
              [
                120.14044416335986,
                31.83717934295091
              ],
              [
                120.14503972891134,
                31.836504829765328
              ],
              [
                120.15235823990865,
                31.838266811508003
              ],
              [
                120.15139487341222,
                31.834230714378865
              ],
              [
                120.15284433209365,
                31.825173260472877
              ],
              [
                120.15661435074236,
                31.821914631104875
              ],
              [
                120.16073301112733,
                31.821506131055937
              ],
              [
                120.16440890951345,
                31.823270792664534
              ],
              [
                120.17094330787661,
                31.830169492973983
              ],
              [
                120.1707487092442,
                31.83534351371919
              ],
              [
                120.16706542510852,
                31.839871639466697
              ],
              [
                120.16763555666839,
                31.84132466544835
              ],
              [
                120.16494061081603,
                31.841974955402844
              ],
              [
                120.17123303691392,
                31.850476422194635
              ],
              [
                120.19817538761961,
                31.84895023175202
              ],
              [
                120.200541498224,
                31.838264349110013
              ],
              [
                120.20690715636417,
                31.83515146833543
              ],
              [
                120.2134536791517,
                31.838266728681095
              ],
              [
                120.22961931127264,
                31.837508936664637
              ],
              [
                120.23668752643596,
                31.83865131425821
              ],
              [
                120.24011362034861,
                31.84238056009111
              ],
              [
                120.24040520234384,
                31.846663858248377
              ],
              [
                120.24308808362586,
                31.848187295526426
              ],
              [
                120.24337951041858,
                31.843906829868175
              ],
              [
                120.2455884499884,
                31.841114086214137
              ],
              [
                120.25598546118133,
                31.836787803954305
              ],
              [
                120.26285155395726,
                31.8382667882354
              ],
              [
                120.26464746573497,
                31.834454291006473
              ],
              [
                120.25202262580429,
                31.831009252133942
              ],
              [
                120.24998601771375,
                31.82628627838518
              ],
              [
                120.2511728482149,
                31.822248409503516
              ],
              [
                120.24592690890788,
                31.817704150830107
              ],
              [
                120.24716747474093,
                31.81219664537392
              ],
              [
                120.25072913963791,
                31.80872818787036
              ],
              [
                120.2460284076563,
                31.805860617485607
              ],
              [
                120.2450286447814,
                31.800829712079004
              ],
              [
                120.24738654881855,
                31.797604195265535
              ],
              [
                120.25233146618106,
                31.796221085957825
              ],
              [
                120.25812569577968,
                31.79893243763082
              ],
              [
                120.25922496541749,
                31.803521531096894
              ],
              [
                120.25696178359951,
                31.807600782319472
              ],
              [
                120.26291084886563,
                31.810424480279714
              ],
              [
                120.2655574339435,
                31.81536929663411
              ],
              [
                120.27543152281201,
                31.8153691379195
              ],
              [
                120.28254349525837,
                31.813082323538755
              ],
              [
                120.28713267279772,
                31.81413744503114
              ],
              [
                120.29018310561302,
                31.816116821636143
              ],
              [
                120.29167411374078,
                31.819729061096613
              ],
              [
                120.29022461088911,
                31.82465856674559
              ],
              [
                120.2871175404057,
                31.827590889016353
              ],
              [
                120.28801616104269,
                31.829873930382977
              ],
              [
                120.29371503609634,
                31.82686606966636
              ],
              [
                120.30076967872064,
                31.827717304923038
              ],
              [
                120.30455661382616,
                31.82985652903682
              ],
              [
                120.30626152196967,
                31.833932905185403
              ],
              [
                120.30847085477986,
                31.83119258237213
              ],
              [
                120.31328837742512,
                31.829587591309682
              ],
              [
                120.30805827316385,
                31.8227153898334
              ],
              [
                120.30866502639851,
                31.817668569189085
              ],
              [
                120.30446503872045,
                31.813555768472167
              ],
              [
                120.30581913109384,
                31.807993969919014
              ],
              [
                120.31302468704176,
                31.805973145408565
              ],
              [
                120.3182467231573,
                31.807815363036507
              ],
              [
                120.32035457779651,
                31.811552491398025
              ],
              [
                120.32728140443629,
                31.808436305832053
              ],
              [
                120.3340233902235,
                31.810582974503742
              ],
              [
                120.34409545741468,
                31.821230549371112
              ],
              [
                120.3456156046472,
                31.82635348724569
              ],
              [
                120.3434002981142,
                31.830564982685505
              ],
              [
                120.33772835735506,
                31.83257694719165
              ],
              [
                120.33067430125394,
                31.83090432813779
              ],
              [
                120.32573684916727,
                31.826829503304754
              ],
              [
                120.31795127344802,
                31.830785234884686
              ],
              [
                120.32795389953829,
                31.83967437805758
              ],
              [
                120.32753972035674,
                31.848187212091865
              ],
              [
                120.33381931262812,
                31.848188471726456
              ],
              [
                120.33901323953684,
                31.841114086214137
              ],
              [
                120.34639625509303,
                31.83979302585831
              ],
              [
                120.35249362036043,
                31.836731737315375
              ],
              [
                120.35648219968158,
                31.838061429409745
              ],
              [
                120.35869123340291,
                31.84085426506325
              ],
              [
                120.35718603854731,
                31.848950365459874
              ],
              [
                120.36256401640674,
                31.849713429135566
              ],
              [
                120.36242474898647,
                31.84478641761295
              ],
              [
                120.36467129746562,
                31.840637086156804
              ],
              [
                120.36989444124917,
                31.838794299045986
              ],
              [
                120.380530322075,
                31.838266811508017
              ],
              [
                120.38407499833285,
                31.830271142919873
              ],
              [
                120.39041232430225,
                31.82834523754031
              ],
              [
                120.3925196122636,
                31.824609330111027
              ],
              [
                120.39740938456636,
                31.822993695658592
              ],
              [
                120.40247282522834,
                31.825276853705724
              ],
              [
                120.40479540667131,
                31.832162294517556
              ],
              [
                120.40658742224419,
                31.83140344239328
              ],
              [
                120.40659039692113,
                31.83292491798949
              ],
              [
                120.41107899866479,
                31.83369305007392
              ],
              [
                120.40928858982217,
                31.848920653836647
              ],
              [
                120.43174025019951,
                31.848187280030853
              ],
              [
                120.43174025019951,
                31.84666642063477
              ],
              [
                120.43982508775663,
                31.84590333168747
              ],
              [
                120.43534014944473,
                31.84895113849555
              ],
              [
                120.44790732838516,
                31.850475760678556
              ],
              [
                120.4497065558819,
                31.847429503266866
              ],
              [
                120.45060487116608,
                31.848955649594643
              ],
              [
                120.46395471615273,
                31.848955649594643
              ],
              [
                120.46921521932717,
                31.847361539133892
              ],
              [
                120.47755028682703,
                31.848950283228458
              ],
              [
                120.48338819991496,
                31.84487600982849
              ],
              [
                120.48903754354659,
                31.843456478151634
              ],
              [
                120.4952984603605,
                31.84467915362954
              ],
              [
                120.50091312404854,
                31.84971270363752
              ],
              [
                120.51348694105441,
                31.848192579583866
              ],
              [
                120.5269547074973,
                31.849712734250257
              ],
              [
                120.52516503974795,
                31.84361402697267
              ],
              [
                120.52965661616858,
                31.84285091277372
              ],
              [
                120.53055182784468,
                31.844371861837622
              ],
              [
                120.53504082294495,
                31.84284717298093
              ],
              [
                120.53768668006377,
                31.837140147715644
              ],
              [
                120.54222707321654,
                31.835214140285164
              ],
              [
                120.54181507786332,
                31.83111064301348
              ],
              [
                120.54452545772718,
                31.824314383285945
              ],
              [
                120.55342702486092,
                31.818423280379182
              ],
              [
                120.55404906915568,
                31.812281378394584
              ],
              [
                120.55660011776247,
                31.807746119207614
              ],
              [
                120.55079806746355,
                31.80404839053181
              ],
              [
                120.55145588757232,
                31.798932437630725
              ],
              [
                120.55808634116822,
                31.79633096799422
              ],
              [
                120.56468644018791,
                31.800101099547035
              ],
              [
                120.56827806572396,
                31.79475943509258
              ],
              [
                120.56228159865825,
                31.7883621252291
              ],
              [
                120.56341708564517,
                31.78175861155821
              ],
              [
                120.56671736367186,
                31.77975115603801
              ],
              [
                120.57105441027011,
                31.77948817636532
              ],
              [
                120.57726443751804,
                31.782539536879288
              ],
              [
                120.58227757473792,
                31.78024923205548
              ],
              [
                120.58624357733572,
                31.774099147968954
              ],
              [
                120.58743450444341,
                31.761452148709175
              ],
              [
                120.59253868605691,
                31.756691105067585
              ],
              [
                120.58984374020459,
                31.756578370407173
              ],
              [
                120.58638859284177,
                31.752037172025997
              ],
              [
                120.58653622695721,
                31.748466471398693
              ],
              [
                120.58984374020459,
                31.74370506677134
              ],
              [
                120.5856602053472,
                31.74199198670677
              ],
              [
                120.58369368478526,
                31.739050970158058
              ],
              [
                120.58613321800608,
                31.73000500580135
              ],
              [
                120.59230046407521,
                31.726453024630487
              ],
              [
                120.59631200177053,
                31.72614983745866
              ],
              [
                120.59977629942817,
                31.727938867134508
              ],
              [
                120.60193974540368,
                31.731242522823287
              ],
              [
                120.60242611111197,
                31.737475369990765
              ],
              [
                120.61018657942437,
                31.735230495020637
              ],
              [
                120.61949005397564,
                31.7412933755067
              ],
              [
                120.62255733829389,
                31.73977224922465
              ],
              [
                120.61996854002041,
                31.73684257067129
              ],
              [
                120.61962631393514,
                31.73361802778601
              ],
              [
                120.62577024390762,
                31.72831490136498
              ],
              [
                120.61377729657738,
                31.72120401406066
              ],
              [
                120.60984908455565,
                31.71726592508266
              ],
              [
                120.60874737821649,
                31.713428282298537
              ],
              [
                120.61340600294116,
                31.705202979568035
              ],
              [
                120.61858387236666,
                31.703089548362314
              ],
              [
                120.61677824239887,
                31.69790173363417
              ],
              [
                120.61889946677874,
                31.693994087718604
              ],
              [
                120.62545650602571,
                31.6924361687081
              ],
              [
                120.6320591357304,
                31.696210830358748
              ],
              [
                120.6329568228929,
                31.692397992018535
              ],
              [
                120.6257266246239,
                31.687418924175446
              ],
              [
                120.62392277255644,
                31.68398607856912
              ],
              [
                120.62000131266001,
                31.68398607856912
              ],
              [
                120.61990592661489,
                31.68946371231237
              ],
              [
                120.61566214447336,
                31.692898414773378
              ],
              [
                120.61116621111289,
                31.69272606837684
              ],
              [
                120.6073922638526,
                31.68946371231237
              ],
              [
                120.60719766076224,
                31.685804103893048
              ],
              [
                120.61087839419633,
                31.680773929188096
              ],
              [
                120.6154332413618,
                31.680386702179856
              ],
              [
                120.61991031004996,
                31.683806453280205
              ],
              [
                120.62392768209833,
                31.683177357389624
              ],
              [
                120.62756693118818,
                31.678631344654825
              ],
              [
                120.6226636681277,
                31.674175046023798
              ],
              [
                120.62307537584037,
                31.667935650958444
              ],
              [
                120.61768635464725,
                31.661820312943252
              ],
              [
                120.59883284997547,
                31.663349487842726
              ],
              [
                120.60544664714475,
                31.66666271324454
              ],
              [
                120.60767169206034,
                31.670180481141394
              ],
              [
                120.60641163738488,
                31.675040204692824
              ],
              [
                120.60332449934296,
                31.677109926639346
              ],
              [
                120.60597430715102,
                31.682089966963403
              ],
              [
                120.60520419144605,
                31.685905987102956
              ],
              [
                120.59902177788233,
                31.6885865490577
              ],
              [
                120.5925446429866,
                31.685520198021756
              ],
              [
                120.5902424492451,
                31.691856880228304
              ],
              [
                120.58715482422886,
                31.693927077911624
              ],
              [
                120.58666828332626,
                31.697107101120977
              ],
              [
                120.5824510418908,
                31.70175099157987
              ],
              [
                120.57457685243581,
                31.70386443293053
              ],
              [
                120.57246652412151,
                31.706844724280334
              ],
              [
                120.56886315495967,
                31.70840278136827
              ],
              [
                120.56320350736577,
                31.70684472428031
              ],
              [
                120.55599365178618,
                31.698983885913748
              ],
              [
                120.55599366067615,
                31.695741206067602
              ],
              [
                120.55820716427017,
                31.692944006073485
              ],
              [
                120.56648158588774,
                31.69162477373606
              ],
              [
                120.56558275494831,
                31.68934074401477
              ],
              [
                120.5610936079976,
                31.68628469410704
              ],
              [
                120.55122213991716,
                31.69010658057763
              ],
              [
                120.54979220611587,
                31.696242770319078
              ],
              [
                120.54350417153135,
                31.698501938353605
              ],
              [
                120.537422213407,
                31.696618211936418
              ],
              [
                120.53504108504545,
                31.692399710102606
              ],
              [
                120.53030065864725,
                31.6932266207606
              ],
              [
                120.52586789124493,
                31.69184485243971
              ],
              [
                120.52336193398911,
                31.688576355552605
              ],
              [
                120.51343736851689,
                31.682832586886985
              ],
              [
                120.51168435355646,
                31.6778757234849
              ],
              [
                120.50900132156355,
                31.677875723484853
              ],
              [
                120.50990864351074,
                31.682300142162784
              ],
              [
                120.50810319096804,
                31.686281281772192
              ],
              [
                120.50810209411988,
                31.695446483004215
              ],
              [
                120.51252794720627,
                31.69695566860368
              ],
              [
                120.5143897283998,
                31.699268049626607
              ],
              [
                120.52131750580612,
                31.697676915800756
              ],
              [
                120.52606702862602,
                31.69879493467668
              ],
              [
                120.53240177795844,
                31.701955962863163
              ],
              [
                120.53427293314166,
                31.70616004191071
              ],
              [
                120.53957163002296,
                31.701843332070098
              ],
              [
                120.5460636686849,
                31.701234731043517
              ],
              [
                120.55003199310538,
                31.70491297139042
              ],
              [
                120.5501796361083,
                31.711544766705284
              ],
              [
                120.54739631755064,
                31.71502260710215
              ],
              [
                120.54108044205667,
                31.716154393050527
              ],
              [
                120.53561192573831,
                31.714296797566135
              ],
              [
                120.53314302585065,
                31.709264628914305
              ],
              [
                120.53024591168204,
                31.712958249186414
              ],
              [
                120.52664254133566,
                31.714516384574548
              ],
              [
                120.52160505867126,
                31.713516846390583
              ],
              [
                120.51798394030286,
                31.7107425203582
              ],
              [
                120.51708623206751,
                31.713790041640774
              ],
              [
                120.51989198842412,
                31.715486313235886
              ],
              [
                120.5216431002388,
                31.719682013139074
              ],
              [
                120.5180295570871,
                31.726393638024255
              ],
              [
                120.51456536211495,
                31.728182623555313
              ],
              [
                120.50900132156355,
                31.728317619570593
              ],
              [
                120.50827522911376,
                31.732655929254125
              ],
              [
                120.50427248247122,
                31.735692126852626
              ],
              [
                120.49224581214045,
                31.73514681915125
              ],
              [
                120.48701789353251,
                31.73149455731793
              ],
              [
                120.4820409414076,
                31.71762015894744
              ],
              [
                120.48025538320374,
                31.71838154621225
              ],
              [
                120.48156547732484,
                31.725382164026016
              ],
              [
                120.47633737172283,
                31.729034576568417
              ],
              [
                120.46991419004675,
                31.72781324238675
              ],
              [
                120.46165836594521,
                31.720546082667866
              ],
              [
                120.4603221144202,
                31.71624335319598
              ],
              [
                120.4622324193179,
                31.711891462368037
              ],
              [
                120.47060003455383,
                31.707940753539276
              ],
              [
                120.47575174219168,
                31.707675061511374
              ],
              [
                120.47575174219168,
                31.705392885469784
              ],
              [
                120.46227944421592,
                31.700807364244906
              ],
              [
                120.45707233933571,
                31.702965177036596
              ],
              [
                120.45353222331411,
                31.702834429666474
              ],
              [
                120.44736825312992,
                31.69669328118289
              ],
              [
                120.4422004183736,
                31.699995918860814
              ],
              [
                120.43585912144701,
                31.69777134229909
              ],
              [
                120.43436380340256,
                31.693697927427646
              ],
              [
                120.43654161851487,
                31.68940775136249
              ],
              [
                120.44091828787732,
                31.687794129990014
              ],
              [
                120.44700560567115,
                31.68933250376739
              ],
              [
                120.4479037675053,
                31.68169441869916
              ],
              [
                120.44610736728634,
                31.677875724766857
              ],
              [
                120.44203604996423,
                31.6827324990976
              ],
              [
                120.43376992680801,
                31.683725764309266
              ],
              [
                120.43018723738705,
                31.681345661879348
              ],
              [
                120.42903934741744,
                31.677111241405655
              ],
              [
                120.42422195948535,
                31.675316592662764
              ],
              [
                120.42005672867819,
                31.668701546428835
              ],
              [
                120.4183927339573,
                31.66869624914482
              ],
              [
                120.41486723463704,
                31.677321178943686
              ],
              [
                120.40151783667075,
                31.67935766267305
              ],
              [
                120.39755487700148,
                31.677481573608294
              ],
              [
                120.39490420413641,
                31.67328877305311
              ],
              [
                120.37940145634266,
                31.675144390656772
              ],
              [
                120.37628860340203,
                31.672936783144852
              ],
              [
                120.37514027963825,
                31.668698806704597
              ],
              [
                120.3665705561654,
                31.663072813910507
              ],
              [
                120.36135091695695,
                31.666360850802885
              ],
              [
                120.35415367718208,
                31.66461327978471
              ],
              [
                120.35177521629188,
                31.66012855919013
              ],
              [
                120.35389774459674,
                31.6557676946285
              ],
              [
                120.35872243938043,
                31.654100754343077
              ],
              [
                120.36654828788438,
                31.655552281352094
              ],
              [
                120.36795369142224,
                31.652640587888623
              ],
              [
                120.36190575306252,
                31.652379036473864
              ],
              [
                120.34850821308885,
                31.64568731314764
              ],
              [
                120.34643951747259,
                31.642302078716735
              ],
              [
                120.34661543941172,
                31.63623851151172
              ],
              [
                120.34280703707168,
                31.639638638563625
              ],
              [
                120.33472219951463,
                31.638109038995122
              ],
              [
                120.33105737658376,
                31.631765346247153
              ],
              [
                120.33255523097618,
                31.628136169821786
              ],
              [
                120.33538563223262,
                31.62630363461471
              ],
              [
                120.33952498792328,
                31.625758262643934
              ],
              [
                120.34429179163998,
                31.62747003719679
              ],
              [
                120.3470125255795,
                31.631513472021133
              ],
              [
                120.34721520291987,
                31.6350746581853
              ],
              [
                120.35473940857065,
                31.631922579821985
              ],
              [
                120.36477962978877,
                31.635538376615326
              ],
              [
                120.37014174387323,
                31.64090901516247
              ],
              [
                120.37245807742207,
                31.64575628174717
              ],
              [
                120.37674922660456,
                31.640951989466203
              ],
              [
                120.38168886709424,
                31.63957082379641
              ],
              [
                120.39694138701441,
                31.643130160692444
              ],
              [
                120.40299863316902,
                31.648810370068
              ],
              [
                120.40927911310159,
                31.64651613494879
              ],
              [
                120.4110728408564,
                31.64346418078648
              ],
              [
                120.40687349238482,
                31.63782093075063
              ],
              [
                120.40672588493722,
                31.632709045067866
              ],
              [
                120.40908896271138,
                31.62947924593017
              ],
              [
                120.41646401240531,
                31.625867794012116
              ],
              [
                120.41736720565363,
                31.62128178332268
              ],
              [
                120.42095988508142,
                31.623576216824436
              ],
              [
                120.429043106841,
                31.623571153349683
              ],
              [
                120.43373176560446,
                31.622032721808722
              ],
              [
                120.43844112906224,
                31.623300130359418
              ],
              [
                120.44072787510203,
                31.625866000512325
              ],
              [
                120.45035950382979,
                31.63080512864805
              ],
              [
                120.45151817182678,
                31.633677467705382
              ],
              [
                120.44971269750027,
                31.63811098396091
              ],
              [
                120.45061011035986,
                31.639633334918987
              ],
              [
                120.45689088064867,
                31.64039799296448
              ],
              [
                120.46343555794917,
                31.638589285839874
              ],
              [
                120.47036185048701,
                31.640398156432383
              ],
              [
                120.47215829636654,
                31.631988444280733
              ],
              [
                120.47126049718297,
                31.628934999025585
              ],
              [
                120.4667684558631,
                31.624346776532892
              ],
              [
                120.46120794809369,
                31.624212072908524
              ],
              [
                120.45669995572632,
                31.62226348388624
              ],
              [
                120.45059875053194,
                31.61440229268472
              ],
              [
                120.44283242405642,
                31.612798564558265
              ],
              [
                120.43892134964473,
                31.602926599776044
              ],
              [
                120.43259177140263,
                31.600239778185536
              ],
              [
                120.43098050644501,
                31.595222509684614
              ],
              [
                120.43798212601754,
                31.586473401581337
              ],
              [
                120.4449812755062,
                31.581928217985737
              ],
              [
                120.44994135914801,
                31.58192867803684
              ],
              [
                120.45510186999535,
                31.586847625709925
              ],
              [
                120.45958206707753,
                31.58761287306736
              ],
              [
                120.45872910789902,
                31.581889347437485
              ],
              [
                120.46161581261809,
                31.57796714842889
              ],
              [
                120.46695060921536,
                31.577033884013808
              ],
              [
                120.47215996592362,
                31.579960284496224
              ],
              [
                120.48096606908143,
                31.57271038777184
              ],
              [
                120.48743290910608,
                31.573072406825048
              ],
              [
                120.49371789714203,
                31.570013842062103
              ],
              [
                120.48747525250218,
                31.561204569062273
              ],
              [
                120.48918710002876,
                31.55662348742182
              ],
              [
                120.4946162124262,
                31.553939780933582
              ],
              [
                120.48923531709208,
                31.547058004539668
              ],
              [
                120.48647251162679,
                31.55014284420176
              ],
              [
                120.48205186303996,
                31.551651082337905
              ],
              [
                120.48475587155654,
                31.558377337199836
              ],
              [
                120.48155847093439,
                31.563405503106623
              ],
              [
                120.47126901140969,
                31.56466408583089
              ],
              [
                120.46653802935263,
                31.56746042739162
              ],
              [
                120.46113038177008,
                31.56800461588183
              ],
              [
                120.45580351781767,
                31.566407816304007
              ],
              [
                120.45329439419064,
                31.562367718771227
              ],
              [
                120.4459374329509,
                31.562998395772766
              ],
              [
                120.4407262917496,
                31.560071515386714
              ],
              [
                120.43983122937497,
                31.56159505251633
              ],
              [
                120.44162774820146,
                31.567716316875586
              ],
              [
                120.44607386892268,
                31.57270527105645
              ],
              [
                120.4440030907146,
                31.577602381452973
              ],
              [
                120.43623629868142,
                31.579205664741018
              ],
              [
                120.43005678643378,
                31.588224521565493
              ],
              [
                120.42611445104679,
                31.59041904251498
              ],
              [
                120.40692713171931,
                31.589851973475465
              ],
              [
                120.40209041546068,
                31.583797251142197
              ],
              [
                120.39742812187465,
                31.583662508339128
              ],
              [
                120.39396483138678,
                31.58187585930173
              ],
              [
                120.3904122796654,
                31.573083098895104
              ],
              [
                120.38406076234187,
                31.574611016274023
              ],
              [
                120.37894956404108,
                31.572501972068512
              ],
              [
                120.37273772702055,
                31.56360685239616
              ],
              [
                120.37359754151751,
                31.558876060843552
              ],
              [
                120.38125980935321,
                31.55330608312542
              ],
              [
                120.3856906707869,
                31.553437062255554
              ],
              [
                120.39029053411046,
                31.5562387995118
              ],
              [
                120.39514622641833,
                31.552671114740793
              ],
              [
                120.4031698850906,
                31.55254078691092
              ],
              [
                120.40723782418883,
                31.555048491607536
              ],
              [
                120.40845581497743,
                31.55831033815349
              ],
              [
                120.40749176740492,
                31.562358472447436
              ],
              [
                120.41085798750215,
                31.564440465486744
              ],
              [
                120.41390115753676,
                31.56925102828119
              ],
              [
                120.42814093811366,
                31.560069689601253
              ],
              [
                120.42304341401389,
                31.552890659084834
              ],
              [
                120.42364945571273,
                31.54705787125776
              ],
              [
                120.41808453659701,
                31.546654718332725
              ],
              [
                120.41406029003426,
                31.542938805861567
              ],
              [
                120.41406029891424,
                31.5396826040723
              ],
              [
                120.417361175777,
                31.534806890379816
              ],
              [
                120.41107680115861,
                31.532511374751977
              ],
              [
                120.40491800469552,
                31.532505944973405
              ],
              [
                120.39824831188166,
                31.5356363284447
              ],
              [
                120.39274551795647,
                31.533305801652944
              ],
              [
                120.39055650738692,
                31.529493012021756
              ],
              [
                120.390704143704,
                31.52513442198622
              ],
              [
                120.39292288758601,
                31.522332113754633
              ],
              [
                120.39849662775737,
                31.520249103128663
              ],
              [
                120.39849644306877,
                31.51872475148305
              ],
              [
                120.39759785437096,
                31.517196469617556
              ],
              [
                120.39009060193764,
                31.515403283467943
              ],
              [
                120.38681906316577,
                31.509538210204195
              ],
              [
                120.382094930367,
                31.51233668714824
              ],
              [
                120.37784675598019,
                31.512601606511993
              ],
              [
                120.3746090670901,
                31.517693150848114
              ],
              [
                120.36635811929546,
                31.521034127474255
              ],
              [
                120.36238029644316,
                31.519708224672545
              ],
              [
                120.36035606043944,
                31.517321176826727
              ],
              [
                120.36076723509235,
                31.511067185724617
              ],
              [
                120.35339752913954,
                31.50822113978186
              ],
              [
                120.35068064661235,
                31.504509551491367
              ],
              [
                120.3482406890652,
                31.50991566836753
              ],
              [
                120.3424819512943,
                31.512554867255734
              ],
              [
                120.32148333723048,
                31.508506740510274
              ],
              [
                120.31790371619886,
                31.50613111980902
              ],
              [
                120.31589721303962,
                31.50073205431905
              ],
              [
                120.32033989415905,
                31.49603233559331
              ],
              [
                120.3302246661643,
                31.494209170636648
              ],
              [
                120.32574446950126,
                31.488091624826186
              ],
              [
                120.3228100122453,
                31.49238652927414
              ],
              [
                120.3149652201937,
                31.49345370913718
              ],
              [
                120.31289722291622,
                31.50018267614404
              ],
              [
                120.30957540143592,
                31.50264386583888
              ],
              [
                120.31402133568184,
                31.508391415804486
              ],
              [
                120.3119485844545,
                31.513296787101616
              ],
              [
                120.30736737367194,
                31.514930230171007
              ],
              [
                120.30059164154586,
                31.51336743989991
              ],
              [
                120.29765803240983,
                31.51766066747101
              ],
              [
                120.2907087937079,
                31.51872815780284
              ],
              [
                120.2871114894563,
                31.523317413610226
              ],
              [
                120.28442252685805,
                31.52255645578783
              ],
              [
                120.28622820758564,
                31.527304144995483
              ],
              [
                120.28483386809225,
                31.531869954862795
              ],
              [
                120.28169007100959,
                31.535589487821454
              ],
              [
                120.27723544415876,
                31.537105161579735
              ],
              [
                120.2745799410648,
                31.542840514337012
              ],
              [
                120.26931974527844,
                31.545392255404867
              ],
              [
                120.26375818077807,
                31.54476131421339
              ],
              [
                120.25984760897597,
                31.552344754378467
              ],
              [
                120.24559410155018,
                31.558549200539527
              ],
              [
                120.2411064734507,
                31.55722285781554
              ],
              [
                120.2376987260019,
                31.55165110554012
              ],
              [
                120.23254639222674,
                31.550583378503905
              ],
              [
                120.22512492890034,
                31.544761409351832
              ],
              [
                120.22153447371556,
                31.54705260395691
              ],
              [
                120.21882137265887,
                31.539384371138166
              ],
              [
                120.21434795144262,
                31.536334232887558
              ],
              [
                120.21075469030615,
                31.537099871630854
              ],
              [
                120.2089580597379,
                31.53327161511292
              ],
              [
                120.2035681680332,
                31.536334232887558
              ],
              [
                120.20266819797888,
                31.531745668115335
              ],
              [
                120.19099710447324,
                31.53327477581132
              ],
              [
                120.18470951612626,
                31.540164826021822
              ],
              [
                120.18650017763488,
                31.547818154791155
              ],
              [
                120.18004952215726,
                31.544087359727342
              ],
              [
                120.17368907273162,
                31.54279208519912
              ],
              [
                120.15944881273336,
                31.53314193610492
              ],
              [
                120.15175230032432,
                31.517671643250647
              ],
              [
                120.15145992462452,
                31.51336741670699
              ],
              [
                120.14248118230554,
                31.511835935181335
              ],
              [
                120.12721425759189,
                31.511835876894025
              ],
              [
                120.1242830797588,
                31.514597499571373
              ],
              [
                120.11912942003481,
                31.51643082074051
              ],
              [
                120.10835279886594,
                31.526383932112516
              ],
              [
                120.10835270484624,
                31.5279065260491
              ],
              [
                120.11373444211506,
                31.528672070536697
              ],
              [
                120.11283832433712,
                31.527146078205863
              ],
              [
                120.11463495490537,
                31.526380357841628
              ],
              [
                120.11552838762341,
                31.52790747585034
              ],
              [
                120.12124792278759,
                31.524124628874908
              ],
              [
                120.12608012158793,
                31.525145401687254
              ],
              [
                120.128869234755,
                31.528627610243326
              ],
              [
                120.12811564109688,
                31.534032012392636
              ],
              [
                120.13440861214434,
                31.535089316086776
              ],
              [
                120.14576120797058,
                31.54099418725836
              ],
              [
                120.14873143439016,
                31.54667880931371
              ],
              [
                120.14787872807952,
                31.552408773503565
              ],
              [
                120.15057264757742,
                31.555469062936226
              ],
              [
                120.16402043874587,
                31.56234791013093
              ],
              [
                120.16764097949617,
                31.567714980417872
              ],
              [
                120.18054079639468,
                31.5725702292752
              ],
              [
                120.18286750177822,
                31.57653207949164
              ],
              [
                120.18201463109094,
                31.581492217546845
              ],
              [
                120.18740296498031,
                31.585317117307596
              ],
              [
                120.19255472132151,
                31.58039765409073
              ],
              [
                120.19973962245919,
                31.580225792859174
              ],
              [
                120.20442709302395,
                31.584950505183958
              ],
              [
                120.20177749439463,
                31.591438899431196
              ],
              [
                120.20895988593402,
                31.592494815756428
              ],
              [
                120.21777077210913,
                31.598599535432704
              ],
              [
                120.21969133196225,
                31.591830066969376
              ],
              [
                120.22315534425388,
                31.59004311805014
              ],
              [
                120.22668916059597,
                31.590173932411922
              ],
              [
                120.23476272962714,
                31.597908296942467
              ],
              [
                120.23576896894139,
                31.602203439739906
              ],
              [
                120.23267822490347,
                31.606480486456405
              ],
              [
                120.22839844929838,
                31.608235216661164
              ],
              [
                120.22489285931177,
                31.607844423641144
              ],
              [
                120.22002289251574,
                31.60477845113749
              ],
              [
                120.2169796516204,
                31.609833648318624
              ],
              [
                120.20986233195171,
                31.61210726831562
              ],
              [
                120.21091960281699,
                31.617299481639208
              ],
              [
                120.2089641106873,
                31.622808081719356
              ],
              [
                120.21331116013677,
                31.628119668106716
              ],
              [
                120.21205003261039,
                31.633749995011698
              ],
              [
                120.20683969037323,
                31.636537763980684
              ],
              [
                120.19908106367384,
                31.63505510111576
              ],
              [
                120.19132259299003,
                31.64320295377713
              ],
              [
                120.18650613456462,
                31.64499731165058
              ],
              [
                120.18650613456462,
                31.646516252442368
              ],
              [
                120.19165579526886,
                31.646781683911687
              ],
              [
                120.19523858056546,
                31.649161095681066
              ],
              [
                120.19639230378611,
                31.65255978335752
              ],
              [
                120.19463368712636,
                31.65607443625974
              ],
              [
                120.18168765546052,
                31.66024407471238
              ],
              [
                120.17303087120088,
                31.659526439901466
              ],
              [
                120.1709181252617,
                31.663274194684732
              ],
              [
                120.16494664069266,
                31.665641940432298
              ],
              [
                120.17212713308898,
                31.670225345378306
              ],
              [
                120.17302544837308,
                31.67328346231487
              ],
              [
                120.17123842535351,
                31.67176255580104
              ],
              [
                120.16742876081828,
                31.680349373243406
              ],
              [
                120.1586524038272,
                31.683227234705292
              ],
              [
                120.1586524038272,
                31.684750503949008
              ],
              [
                120.15685762097938,
                31.683227188912213
              ],
              [
                120.15453327522052,
                31.69012823048939
              ],
              [
                120.14738899094307,
                31.694962508661796
              ],
              [
                120.13530231410182,
                31.696983012149392
              ],
              [
                120.13723421738416,
                31.70274275754715
              ],
              [
                120.13888946757655,
                31.703094824332094
              ],
              [
                120.13620066334256,
                31.705389555719737
              ],
              [
                120.13806249272031,
                31.71280458130758
              ],
              [
                120.13709894467009,
                31.717612280105698
              ],
              [
                120.13995196010843,
                31.723120529930238
              ],
              [
                120.13714397958653,
                31.729449785442966
              ],
              [
                120.13062442186295,
                31.73123881761144
              ],
              [
                120.12272268117128,
                31.72602553480042
              ],
              [
                120.11733600841944,
                31.73289916774487
              ],
              [
                120.11522512564365,
                31.73893623226142
              ],
              [
                120.11090374811485,
                31.740560269723886
              ],
              [
                120.10565775899389,
                31.739777860556217
              ],
              [
                120.10830783312942,
                31.747012051040322
              ],
              [
                120.10362440334173,
                31.751734675466786
              ],
              [
                120.0977923588854,
                31.750931034954856
              ],
              [
                120.09486606172499,
                31.745125487852327
              ],
              [
                120.0921830297321,
                31.745125487852327
              ],
              [
                120.09189132935975,
                31.750176852698434
              ],
              [
                120.08858381166588,
                31.754174119888063
              ],
              [
                120.09255173437774,
                31.756554475907322
              ],
              [
                120.09483314166556,
                31.76156164639707
              ],
              [
                120.0934934279955,
                31.77808829363348
              ],
              [
                120.0905789437948,
                31.781993593578168
              ],
              [
                120.08569398097683,
                31.783466011762737
              ],
              [
                120.07511197111295,
                31.77949585121768
              ],
              [
                120.07395367775699,
                31.787714245141878
              ],
              [
                120.06433534994409,
                31.7955290922173
              ],
              [
                120.06164049476064,
                31.80239877773522
              ],
              [
                120.06164031007201,
                31.803918438746912
              ],
              [
                120.06882087541528,
                31.805450586089105
              ],
              [
                120.07190561745116,
                31.809779880998295
              ],
              [
                120.07507036553724,
                31.81654057260294
              ],
              [
                120.07373062074245,
                31.822368774329412
              ],
              [
                120.07185193020688,
                31.825033327026365
              ],
              [
                120.06810596890678,
                31.826694058521994
              ],
              [
                120.0580410920058,
                31.826060803570122
              ],
              [
                120.05803498434405,
                31.81766716513243
              ],
              [
                120.05355240429408,
                31.812326585374905
              ],
              [
                120.04570594686149,
                31.817231151440645
              ],
              [
                120.03918242796907,
                31.81766988591389
              ],
              [
                120.03903856631405,
                31.823810335159543
              ],
              [
                120.03648748211667,
                31.82910849488265
              ],
              [
                120.0418692193855,
                31.82987155885258
              ],
              [
                120.04546467802813,
                31.827587303357973
              ],
              [
                120.05636464632111,
                31.83080890119109
              ],
              [
                120.05805598639273,
                31.835063351902402
              ],
              [
                120.05625041836726,
                31.839793109250976
              ],
              [
                120.06003825897243,
                31.841114086214137
              ],
              [
                120.06253733791523,
                31.844268886029333
              ],
              [
                120.06791653025451,
                31.84361006022572
              ],
              [
                120.0676955303517,
                31.841769125359534
              ],
              [
                120.06343098371053,
                31.840561532313004
              ],
              [
                120.06612592956289,
                31.839035247114637
              ],
              [
                120.0670482325454,
                31.840079921706526
              ],
              [
                120.06994170062391,
                31.83475808645741
              ],
              [
                120.07530396724063,
                31.83323854025985
              ],
              [
                120.08229560467703,
                31.83369305007392
              ],
              [
                120.08499055052941,
                31.836745771971415
              ],
              [
                120.08499650745912,
                31.842845628981884
              ],
              [
                120.09691089139868,
                31.846336958266942
              ]
            ],
            [
              [
                120.60265776192622,
                31.70811312765522
              ],
              [
                120.60662587600933,
                31.711791200339693
              ],
              [
                120.60732959709556,
                31.718505239641008
              ],
              [
                120.60210128114761,
                31.722157821723492
              ],
              [
                120.58984154269841,
                31.71991270555623
              ],
              [
                120.58152085983721,
                31.721002647751632
              ],
              [
                120.57774777724144,
                31.71774110543686
              ],
              [
                120.57725649930846,
                31.713112348421824
              ],
              [
                120.57894729352982,
                31.70937249933782
              ],
              [
                120.58806666020787,
                31.70535058584212
              ],
              [
                120.59247829528688,
                31.706891539405397
              ],
              [
                120.59433978868643,
                31.709203450895608
              ],
              [
                120.60265776192622,
                31.70811312765522
              ]
            ],
            [
              [
                120.55937227113645,
                31.745658817196443
              ],
              [
                120.5581613783826,
                31.749353110087142
              ],
              [
                120.55457867596974,
                31.751734675466793
              ],
              [
                120.55103528366507,
                31.75186549050784
              ],
              [
                120.54582181922144,
                31.747417298235945
              ],
              [
                120.54199411704846,
                31.746978928401894
              ],
              [
                120.53535452369411,
                31.742755909568828
              ],
              [
                120.53300195122041,
                31.736450825518222
              ],
              [
                120.52676678547955,
                31.739022630744582
              ],
              [
                120.52119776067228,
                31.736741415304202
              ],
              [
                120.5196841016998,
                31.733270374786446
              ],
              [
                120.52036527574661,
                31.730236429185656
              ],
              [
                120.52402847689171,
                31.727217108269624
              ],
              [
                120.52793351017772,
                31.72678186642132
              ],
              [
                120.53272529678239,
                31.729051227960085
              ],
              [
                120.53423710805134,
                31.734267353263395
              ],
              [
                120.53845950967272,
                31.73226231056287
              ],
              [
                120.54289993729091,
                31.732393098637132
              ],
              [
                120.54767424463562,
                31.73481547598143
              ],
              [
                120.55122192605081,
                31.739767295212133
              ],
              [
                120.55543830791999,
                31.740096860642158
              ],
              [
                120.5539002352344,
                31.736036414245174
              ],
              [
                120.55620625868143,
                31.731143698620308
              ],
              [
                120.56043087193831,
                31.728572844909575
              ],
              [
                120.56397272833202,
                31.728442062122824
              ],
              [
                120.56868398939643,
                31.7311436986203
              ],
              [
                120.56994264793789,
                31.737523061966797
              ],
              [
                120.56535812658502,
                31.741803901624355
              ],
              [
                120.55777386162077,
                31.741740175627807
              ],
              [
                120.55937227113645,
                31.745658817196443
              ]
            ],
            [
              [
                120.46406391317038,
                31.744344845629083
              ],
              [
                120.45643930624094,
                31.74309324394084
              ],
              [
                120.45329534495713,
                31.739777925189337
              ],
              [
                120.4459184099088,
                31.741314527933245
              ],
              [
                120.44142463291709,
                31.739986029648353
              ],
              [
                120.43876267460315,
                31.73458135722616
              ],
              [
                120.4403236091752,
                31.730379616865505
              ],
              [
                120.44341231901645,
                31.72830838029411
              ],
              [
                120.44250917334857,
                31.724575089920812
              ],
              [
                120.44426580475566,
                31.72106174805843
              ],
              [
                120.44773010108955,
                31.71927282330446
              ],
              [
                120.4561912561967,
                31.721221552389963
              ],
              [
                120.45840388969457,
                31.72401790333995
              ],
              [
                120.4595929459664,
                31.730599181125566
              ],
              [
                120.46441305137652,
                31.732394411673308
              ],
              [
                120.46769133395044,
                31.736727554213314
              ],
              [
                120.4733013336069,
                31.737149622280196
              ],
              [
                120.48331841954369,
                31.74280387265247
              ],
              [
                120.48490486515439,
                31.74680467710713
              ],
              [
                120.48379556115867,
                31.751035761219512
              ],
              [
                120.48001855858485,
                31.75326239229637
              ],
              [
                120.47557674860194,
                31.753393209454206
              ],
              [
                120.47211254881208,
                31.751603838997724
              ],
              [
                120.4703623845889,
                31.748181159486986
              ],
              [
                120.46406391317038,
                31.744344845629083
              ]
            ],
            [
              [
                120.44618994302127,
                31.82072005839353
              ],
              [
                120.4403466297064,
                31.818448876385062
              ],
              [
                120.43806717628011,
                31.814208628592326
              ],
              [
                120.43811317083289,
                31.80797130783455
              ],
              [
                120.43623182662013,
                31.80850424186621
              ],
              [
                120.43623182662013,
                31.806977426598994
              ],
              [
                120.43822594085815,
                31.807542308714854
              ],
              [
                120.44507597560956,
                31.79879559089472
              ],
              [
                120.44963067590896,
                31.797050276511325
              ],
              [
                120.45439722619739,
                31.79836770332981
              ],
              [
                120.45682995727692,
                31.801738836834232
              ],
              [
                120.45925269049268,
                31.797316004025365
              ],
              [
                120.46472364290655,
                31.795457581101857
              ],
              [
                120.47006164559006,
                31.797126703380435
              ],
              [
                120.47217552059534,
                31.80095713615351
              ],
              [
                120.4698458533437,
                31.806235529841604
              ],
              [
                120.46556025104152,
                31.80846226490403
              ],
              [
                120.45964555787617,
                31.806999731249498
              ],
              [
                120.45695616245608,
                31.803054670351443
              ],
              [
                120.4533058679678,
                31.807744422288476
              ],
              [
                120.4535446873761,
                31.813758747712612
              ],
              [
                120.45190554962679,
                31.817884742656577
              ],
              [
                120.44618994302127,
                31.82072005839353
              ]
            ],
            [
              [
                120.4540600941296,
                31.778004110608226
              ],
              [
                120.45209477333714,
                31.780944015653183
              ],
              [
                120.44643014537168,
                31.782503023416123
              ],
              [
                120.4389327294022,
                31.779495717608384
              ],
              [
                120.43978628192517,
                31.784434353022323
              ],
              [
                120.43661098353105,
                31.791226823690156
              ],
              [
                120.43287906600976,
                31.79432868279131
              ],
              [
                120.42886297122575,
                31.794632089056563
              ],
              [
                120.42048009015842,
                31.792281442485415
              ],
              [
                120.41675452707868,
                31.78683501698822
              ],
              [
                120.41712189161889,
                31.77881642105218
              ],
              [
                120.41947077063199,
                31.774218270454746
              ],
              [
                120.42510539246327,
                31.772027998836446
              ],
              [
                120.42455372792655,
                31.771090004949144
              ],
              [
                120.43382007647624,
                31.7725786516508
              ],
              [
                120.43679567225963,
                31.767534104142197
              ],
              [
                120.44251392594722,
                31.764977560238645
              ],
              [
                120.44353325490961,
                31.758312305344333
              ],
              [
                120.44065217125356,
                31.752984459312408
              ],
              [
                120.44214562949661,
                31.748915503939806
              ],
              [
                120.44720649486645,
                31.746634024993174
              ],
              [
                120.45245328792635,
                31.748567162720605
              ],
              [
                120.45426936408967,
                31.752533810759047
              ],
              [
                120.45318491100191,
                31.757135912203488
              ],
              [
                120.45690800542374,
                31.7625322648288
              ],
              [
                120.45510258920501,
                31.766509576976095
              ],
              [
                120.4560057631982,
                31.770240581307757
              ],
              [
                120.4540600941296,
                31.778004110608226
              ]
            ],
            [
              [
                120.4314345004721,
                31.80995643291166
              ],
              [
                120.425228786255,
                31.814309782047193
              ],
              [
                120.42088399778457,
                31.815376808845663
              ],
              [
                120.41515243731995,
                31.811682325440216
              ],
              [
                120.41455852158542,
                31.80821172612396
              ],
              [
                120.41646293343982,
                31.803165559584123
              ],
              [
                120.41192375095251,
                31.801240217323286
              ],
              [
                120.41016961188994,
                31.79713953104951
              ],
              [
                120.41192400849968,
                31.793627819537345
              ],
              [
                120.4153883187632,
                31.79183778577294
              ],
              [
                120.41979201094534,
                31.79203151663236
              ],
              [
                120.43179373593334,
                31.798972542716854
              ],
              [
                120.43354798562002,
                31.806126380235643
              ],
              [
                120.4314345004721,
                31.80995643291166
              ]
            ],
            [
              [
                120.39025281346886,
                31.614239508020827
              ],
              [
                120.39400490060477,
                31.607514320857756
              ],
              [
                120.39220902426241,
                31.60598693395909
              ],
              [
                120.38657021318815,
                31.60681449551218
              ],
              [
                120.38192081292038,
                31.60549338300935
              ],
              [
                120.37708157607273,
                31.599143091694184
              ],
              [
                120.37959142681139,
                31.59259527975084
              ],
              [
                120.38704629020171,
                31.589839859999106
              ],
              [
                120.40351920619617,
                31.588502229007247
              ],
              [
                120.40637508390162,
                31.59012255536751
              ],
              [
                120.40838944870383,
                31.594499583014034
              ],
              [
                120.42384776344916,
                31.598113195172964
              ],
              [
                120.4325000517003,
                31.615115204107685
              ],
              [
                120.43121201565728,
                31.61978206979155
              ],
              [
                120.42742526692686,
                31.62191730415879
              ],
              [
                120.4234204996924,
                31.62161438767346
              ],
              [
                120.41376947245591,
                31.612107332861672
              ],
              [
                120.40569506388978,
                31.609812180245335
              ],
              [
                120.40569513683667,
                31.612098040367894
              ],
              [
                120.4109404893241,
                31.616645235364395
              ],
              [
                120.4096525517302,
                31.622841705799853
              ],
              [
                120.40239251305958,
                31.62585277879821
              ],
              [
                120.39497217098945,
                31.62360301860981
              ],
              [
                120.39025281346886,
                31.614239508020827
              ]
            ],
            [
              [
                120.28699708431486,
                31.713321226622295
              ],
              [
                120.28885777539718,
                31.705777434763053
              ],
              [
                120.29501704024128,
                31.70322447291873
              ],
              [
                120.30082367289486,
                31.7035275865874
              ],
              [
                120.3049395502077,
                31.707636807969106
              ],
              [
                120.30389363192924,
                31.71426832930608
              ],
              [
                120.29878958814987,
                31.719907265042828
              ],
              [
                120.29250138116102,
                31.720671394463796
              ],
              [
                120.292506311285,
                31.7244866252236
              ],
              [
                120.29668440114371,
                31.726092095305503
              ],
              [
                120.29879501097766,
                31.72983515543746
              ],
              [
                120.30353543737581,
                31.72900852345082
              ],
              [
                120.30818851164251,
                31.730330166968102
              ],
              [
                120.31137142495528,
                31.735183355511374
              ],
              [
                120.31226431741165,
                31.732896608448883
              ],
              [
                120.31405811109852,
                31.732889369890124
              ],
              [
                120.31316263269574,
                31.73060450367636
              ],
              [
                120.31556779843042,
                31.73139315836127
              ],
              [
                120.3140609479799,
                31.727548275771053
              ],
              [
                120.31675589383221,
                31.727548275771053
              ],
              [
                120.31605629829201,
                31.73111844931012
              ],
              [
                120.3257390466734,
                31.72907640231808
              ],
              [
                120.32975021876105,
                31.732770614594678
              ],
              [
                120.33023665297068,
                31.739004648280638
              ],
              [
                120.33202945116851,
                31.739767140881657
              ],
              [
                120.33381846140271,
                31.739767281272982
              ],
              [
                120.33695781596525,
                31.73326996450696
              ],
              [
                120.33562051479873,
                31.732132579818927
              ],
              [
                120.33831546065109,
                31.72984045614581
              ],
              [
                120.337622761388,
                31.732786214668774
              ],
              [
                120.34183504361263,
                31.731366214851068
              ],
              [
                120.34998760241491,
                31.732127302228417
              ],
              [
                120.35268234738867,
                31.72449029228239
              ],
              [
                120.34508650011459,
                31.722474136143603
              ],
              [
                120.33606026666443,
                31.716165632684977
              ],
              [
                120.33500805633122,
                31.711026977864886
              ],
              [
                120.33736674925773,
                31.707305979448353
              ],
              [
                120.34083104295672,
                31.705517264441713
              ],
              [
                120.34526967899424,
                31.705648015520207
              ],
              [
                120.34909928717566,
                31.70843920837708
              ],
              [
                120.35448700371599,
                31.709203337580927
              ],
              [
                120.35920371049329,
                31.70843631572714
              ],
              [
                120.35987502746998,
                31.706151858457392
              ],
              [
                120.3611314722173,
                31.707755222174356
              ],
              [
                120.3676405057071,
                31.706957886028206
              ],
              [
                120.37192619166842,
                31.70918269373193
              ],
              [
                120.37349095252725,
                31.713105155421616
              ],
              [
                120.37195256576915,
                31.71707617900076
              ],
              [
                120.3643726337672,
                31.72067535604273
              ],
              [
                120.36706750667264,
                31.73441936908083
              ],
              [
                120.3748279237863,
                31.733702466368474
              ],
              [
                120.38335843787667,
                31.736716657060146
              ],
              [
                120.38971431668254,
                31.73441062736539
              ],
              [
                120.40389434434258,
                31.736711201234854
              ],
              [
                120.40838079781749,
                31.735947264534513
              ],
              [
                120.3970143303556,
                31.73206041612548
              ],
              [
                120.39519513591057,
                31.72631023064191
              ],
              [
                120.39766419523124,
                31.722939544075476
              ],
              [
                120.40313210676172,
                31.72119486978583
              ],
              [
                120.40946226911142,
                31.72156521805434
              ],
              [
                120.41397051506672,
                31.723513948549854
              ],
              [
                120.41663303057447,
                31.728469092399866
              ],
              [
                120.41411244368655,
                31.734242093169346
              ],
              [
                120.41859908260373,
                31.736214589343483
              ],
              [
                120.4208223152206,
                31.73973019772413
              ],
              [
                120.42006825916773,
                31.74588157139392
              ],
              [
                120.42277202981766,
                31.750624146213735
              ],
              [
                120.42133507687564,
                31.75431079214838
              ],
              [
                120.41803490637443,
                31.756317750316356
              ],
              [
                120.41449120688797,
                31.756448571708155
              ],
              [
                120.41102700649951,
                31.7546591545593
              ],
              [
                120.40915515507696,
                31.751231405135886
              ],
              [
                120.40120356041612,
                31.75429081466642
              ],
              [
                120.40385360829694,
                31.76305203401638
              ],
              [
                120.39917066942623,
                31.767774444665843
              ],
              [
                120.39466971921446,
                31.767601961650097
              ],
              [
                120.38771799432773,
                31.762694139055732
              ],
              [
                120.38054238666646,
                31.765746438226003
              ],
              [
                120.38144055121856,
                31.771084725180557
              ],
              [
                120.38830388187196,
                31.770368196799513
              ],
              [
                120.39287211280784,
                31.772969045675307
              ],
              [
                120.39397218242055,
                31.777562003915694
              ],
              [
                120.39042370405976,
                31.79017551248924
              ],
              [
                120.39612428461082,
                31.787932045617687
              ],
              [
                120.40139631538096,
                31.789205190336816
              ],
              [
                120.40396359532684,
                31.7937730492657
              ],
              [
                120.4022151001787,
                31.79841208148446
              ],
              [
                120.39189824407492,
                31.8038817521266
              ],
              [
                120.38838030873094,
                31.803490351565394
              ],
              [
                120.38502381231018,
                31.80087527797931
              ],
              [
                120.37939725833017,
                31.800436562901954
              ],
              [
                120.37385866704281,
                31.795013813904504
              ],
              [
                120.37159191420352,
                31.79054267892748
              ],
              [
                120.37244548451793,
                31.78636823156586
              ],
              [
                120.37066023370718,
                31.786368254825643
              ],
              [
                120.36829497701886,
                31.790681005590553
              ],
              [
                120.36053821917193,
                31.795305463423098
              ],
              [
                120.36560025268929,
                31.797316004025365
              ],
              [
                120.36782189134827,
                31.800829712078798
              ],
              [
                120.36677597308324,
                31.807448849442007
              ],
              [
                120.36456605837412,
                31.810242495211636
              ],
              [
                120.36005794960899,
                31.81219121275998
              ],
              [
                120.35604067678983,
                31.811887749947417
              ],
              [
                120.35292779767697,
                31.809677446603953
              ],
              [
                120.35048278928703,
                31.803950663612767
              ],
              [
                120.3461769124699,
                31.81049301512614
              ],
              [
                120.34216299459305,
                31.811625734985093
              ],
              [
                120.33744761274129,
                31.810516351187456
              ],
              [
                120.3335788928618,
                31.80459786623908
              ],
              [
                120.33556702906488,
                31.798972542716914
              ],
              [
                120.3439596251612,
                31.796221085957825
              ],
              [
                120.34797315669104,
                31.7973537096184
              ],
              [
                120.35045149139107,
                31.800021035365823
              ],
              [
                120.35218171739224,
                31.796668350781008
              ],
              [
                120.34709969988205,
                31.79421039451643
              ],
              [
                120.34488929100534,
                31.791416266023923
              ],
              [
                120.34549602599434,
                31.77796842291463
              ],
              [
                120.33991720638271,
                31.779504463500064
              ],
              [
                120.33542214199727,
                31.77817551219545
              ],
              [
                120.33292014611861,
                31.774150099114905
              ],
              [
                120.32626218539876,
                31.771113162823696
              ],
              [
                120.32483477445959,
                31.764221635856213
              ],
              [
                120.32035511189842,
                31.764221635856213
              ],
              [
                120.32021109011187,
                31.768840140962695
              ],
              [
                120.31676185076194,
                31.774903197915027
              ],
              [
                120.32272699414722,
                31.77418670854014
              ],
              [
                120.32927393216792,
                31.77641282655743
              ],
              [
                120.33222428374513,
                31.781555056909557
              ],
              [
                120.33135978922175,
                31.78540762161117
              ],
              [
                120.32368814329979,
                31.788175112549105
              ],
              [
                120.31586300137589,
                31.78484107364258
              ],
              [
                120.31204028778386,
                31.79140681483051
              ],
              [
                120.3060518367424,
                31.79323719609021
              ],
              [
                120.30128569764939,
                31.79191986732172
              ],
              [
                120.29892759518889,
                31.788694260834156
              ],
              [
                120.2987836312201,
                31.782550231312875
              ],
              [
                120.2923194321314,
                31.783178689020314
              ],
              [
                120.28645347107984,
                31.779901996933265
              ],
              [
                120.28524369188231,
                31.776661197784367
              ],
              [
                120.28620721724243,
                31.77033157117431
              ],
              [
                120.27793029856471,
                31.768247762843735
              ],
              [
                120.27542736088616,
                31.762692773030256
              ],
              [
                120.27094181434212,
                31.761161237689564
              ],
              [
                120.27093688421819,
                31.758875156197085
              ],
              [
                120.2606064362358,
                31.75684309073786
              ],
              [
                120.25656876979623,
                31.751995276219315
              ],
              [
                120.25948921300792,
                31.74618444201071
              ],
              [
                120.26305186162168,
                31.7451061885144
              ],
              [
                120.27543119325658,
                31.745878689032672
              ],
              [
                120.27902102638137,
                31.744352190953187
              ],
              [
                120.27991901025358,
                31.74054182622103
              ],
              [
                120.27476622764354,
                31.74027599574277
              ],
              [
                120.27003902699673,
                31.736721999538055
              ],
              [
                120.26330159727692,
                31.735453558129457
              ],
              [
                120.25925879368945,
                31.72984577865391
              ],
              [
                120.25315584480434,
                31.735058918414545
              ],
              [
                120.2482454286899,
                31.734755703628853
              ],
              [
                120.24366412072257,
                31.731094185624663
              ],
              [
                120.24219572525031,
                31.734424646799365
              ],
              [
                120.24219572525031,
                31.72984045614581
              ],
              [
                120.23950077939796,
                31.728312342193153
              ],
              [
                120.24221740596184,
                31.728312342193153
              ],
              [
                120.2457830294571,
                31.72067667141461
              ],
              [
                120.24092400984864,
                31.718404598449567
              ],
              [
                120.23963900877041,
                31.712986477812123
              ],
              [
                120.24199961802911,
                31.709758721301416
              ],
              [
                120.25109385623112,
                31.70671477295059
              ],
              [
                120.25207719337563,
                31.70462335398915
              ],
              [
                120.25207719337563,
                31.706631340657964
              ],
              [
                120.25792050759848,
                31.708179426445145
              ],
              [
                120.26106481827813,
                31.71149608466433
              ],
              [
                120.2662707720093,
                31.708574231636717
              ],
              [
                120.2716133966256,
                31.70950846862103
              ],
              [
                120.27424922310765,
                31.712555416508007
              ],
              [
                120.27454110535525,
                31.71761087753716
              ],
              [
                120.28171834275659,
                31.72372245443815
              ],
              [
                120.28481453398953,
                31.72126139835778
              ],
              [
                120.28441654360397,
                31.719907265042828
              ],
              [
                120.28885825142355,
                31.72084106628649
              ],
              [
                120.28800980474043,
                31.719143129324674
              ],
              [
                120.29046976934742,
                31.719143129324674
              ],
              [
                120.28699708431486,
                31.713321226622295
              ]
            ],
            [
              [
                120.33620761809476,
                31.683334789564643
              ],
              [
                120.32784580367907,
                31.68009331406601
              ],
              [
                120.32572831976597,
                31.676260781571457
              ],
              [
                120.32677571800652,
                31.66941590895013
              ],
              [
                120.32874455642006,
                31.66647267056807
              ],
              [
                120.33292495638092,
                31.664867892143143
              ],
              [
                120.34370535235581,
                31.666402557588192
              ],
              [
                120.34550645498535,
                31.669455461725153
              ],
              [
                120.35159530507627,
                31.66791768200317
              ],
              [
                120.35597130536642,
                31.66953100860535
              ],
              [
                120.35808442677833,
                31.676337518836217
              ],
              [
                120.36408066484162,
                31.68274631995507
              ],
              [
                120.36318166461446,
                31.69105001046081
              ],
              [
                120.36436660389057,
                31.69239441149254
              ],
              [
                120.35646077161528,
                31.69532217254462
              ],
              [
                120.34753125011366,
                31.695955763469605
              ],
              [
                120.34391174976965,
                31.694108123142104
              ],
              [
                120.34114870255242,
                31.68938105507544
              ],
              [
                120.34149094642049,
                31.686152481491625
              ],
              [
                120.34459761669052,
                31.6832180667131
              ],
              [
                120.34370026225429,
                31.68169807714027
              ],
              [
                120.33620761809476,
                31.683334789564643
              ]
            ],
            [
              [
                120.30417947985457,
                31.655697914860454
              ],
              [
                120.309500403091,
                31.653094908606896
              ],
              [
                120.30331623754266,
                31.65159795150523
              ],
              [
                120.29981281891682,
                31.648743882336326
              ],
              [
                120.29586600498155,
                31.654634543534932
              ],
              [
                120.29070879370788,
                31.655703271420386
              ],
              [
                120.28418270442312,
                31.66002555527035
              ],
              [
                120.27974713888761,
                31.66015624353489
              ],
              [
                120.27567780619981,
                31.65764596145617
              ],
              [
                120.27362611105549,
                31.651953804210073
              ],
              [
                120.2760007122051,
                31.64754592799222
              ],
              [
                120.2817154900898,
                31.644989481996344
              ],
              [
                120.28347014811813,
                31.638496543120702
              ],
              [
                120.28693442860869,
                31.636708875055255
              ],
              [
                120.29047014396384,
                31.636839531180023
              ],
              [
                120.29777032333003,
                31.64047594597379
              ],
              [
                120.30261745591528,
                31.636839531180023
              ],
              [
                120.30974643240683,
                31.63670887505525
              ],
              [
                120.31776894673693,
                31.642858759549892
              ],
              [
                120.32034915496871,
                31.649580422447553
              ],
              [
                120.31495926326399,
                31.653403902389652
              ],
              [
                120.31257228274423,
                31.653518604866054
              ],
              [
                120.30956937155929,
                31.65799187069246
              ],
              [
                120.30507779513871,
                31.659521143130448
              ],
              [
                120.30507779513871,
                31.661815004585474
              ],
              [
                120.30058621871807,
                31.661815004585474
              ],
              [
                120.30507779513869,
                31.65799187069246
              ],
              [
                120.30417947985457,
                31.655697914860454
              ]
            ],
            [
              [
                120.3022444954596,
                31.670180481141198
              ],
              [
                120.30238887916298,
                31.674044016192394
              ],
              [
                120.31086604171698,
                31.680700794733553
              ],
              [
                120.31237891301956,
                31.68580602364579
              ],
              [
                120.30934194365369,
                31.69056635365296
              ],
              [
                120.3048235223333,
                31.691697901109777
              ],
              [
                120.30013298499877,
                31.69036659251331
              ],
              [
                120.29608901677967,
                31.684754592141825
              ],
              [
                120.28491654828878,
                31.678098008709178
              ],
              [
                120.28399881268064,
                31.670862747840886
              ],
              [
                120.2921030626,
                31.66419433557034
              ],
              [
                120.2955946455745,
                31.66419433557037
              ],
              [
                120.30000744011006,
                31.66663299493904
              ],
              [
                120.3022444954596,
                31.670180481141198
              ]
            ],
            [
              [
                120.27871069754973,
                31.80922566162287
              ],
              [
                120.27178636057738,
                31.80734746841563
              ],
              [
                120.2700374691814,
                31.801637339417184
              ],
              [
                120.26190522727762,
                31.79742298035251
              ],
              [
                120.25865101928166,
                31.79294329857769
              ],
              [
                120.25835929270274,
                31.788656236099705
              ],
              [
                120.25231731001908,
                31.785247014877143
              ],
              [
                120.25117282714213,
                31.781021290630395
              ],
              [
                120.2477236573517,
                31.77724048114882
              ],
              [
                120.24855105187658,
                31.77266147606336
              ],
              [
                120.24332028135481,
                31.768436706583984
              ],
              [
                120.2435148933347,
                31.764925771608862
              ],
              [
                120.24734621742148,
                31.76159435067728
              ],
              [
                120.25184675802801,
                31.761421878957144
              ],
              [
                120.25542956534346,
                31.76380375553524
              ],
              [
                120.25650165015884,
                31.76951851006652
              ],
              [
                120.26227989750103,
                31.771453730919667
              ],
              [
                120.26555754815526,
                31.777959050533457
              ],
              [
                120.27221561519933,
                31.78099495074525
              ],
              [
                120.27364271712419,
                31.787884826105135
              ],
              [
                120.28459864627122,
                31.78725641866256
              ],
              [
                120.28870449063136,
                31.78923573138085
              ],
              [
                120.29071017342056,
                31.793229649444363
              ],
              [
                120.29847312163443,
                31.793276902702953
              ],
              [
                120.30243620624654,
                31.7951549148358
              ],
              [
                120.30419055579293,
                31.798666592006896
              ],
              [
                120.30328116457046,
                31.807740837385712
              ],
              [
                120.29732041809255,
                31.80881069202169
              ],
              [
                120.2896792222891,
                31.805450586089105
              ],
              [
                120.28508598550647,
                31.808243402381844
              ],
              [
                120.27871069754973,
                31.80922566162287
              ]
            ],
            [
              [
                120.2852757907223,
                31.694289684220937
              ],
              [
                120.28213639424983,
                31.698784056098834
              ],
              [
                120.27345757578861,
                31.700672341804886
              ],
              [
                120.26418831496055,
                31.69724424423137
              ],
              [
                120.26088227759018,
                31.694447011747158
              ],
              [
                120.26088230870283,
                31.68193314435933
              ],
              [
                120.26488680691166,
                31.6788952182452
              ],
              [
                120.27447393205576,
                31.68090316814948
              ],
              [
                120.27633617810818,
                31.683216307435604
              ],
              [
                120.28239233072264,
                31.68428531979206
              ],
              [
                120.28459459445185,
                31.686519743088827
              ],
              [
                120.2852757907223,
                31.694289684220937
              ]
            ],
            [
              [
                120.2251493272555,
                31.804724487427023
              ],
              [
                120.2179452556942,
                31.802402194268172
              ],
              [
                120.21255420958326,
                31.805456001428695
              ],
              [
                120.21207114558007,
                31.812445684228617
              ],
              [
                120.20991042740633,
                31.81574427935326
              ],
              [
                120.2064462153141,
                31.817534631471034
              ],
              [
                120.20242858391576,
                31.817231151440676
              ],
              [
                120.1981727626776,
                31.81308983769734
              ],
              [
                120.19194747028001,
                31.811579997943262
              ],
              [
                120.18484150740036,
                31.80472716825391
              ],
              [
                120.18498915708784,
                31.795817206523058
              ],
              [
                120.19031744264042,
                31.790481871518317
              ],
              [
                120.19632746943601,
                31.789399502794442
              ],
              [
                120.2008776942421,
                31.7932296080361
              ],
              [
                120.21074873337643,
                31.791702605214386
              ],
              [
                120.20984533244308,
                31.787213019931166
              ],
              [
                120.21120063545489,
                31.78358280253419
              ],
              [
                120.20559451704838,
                31.78304783055935
              ],
              [
                120.20181851298472,
                31.78082102701135
              ],
              [
                120.20088649072595,
                31.771624918135622
              ],
              [
                120.19122183095855,
                31.772356725239415
              ],
              [
                120.18428554051248,
                31.766632992195444
              ],
              [
                120.18394331665179,
                31.762647243326345
              ],
              [
                120.18612543880963,
                31.758846044621375
              ],
              [
                120.19247068907674,
                31.756620249590476
              ],
              [
                120.20156706639656,
                31.760214856222937
              ],
              [
                120.20445321477214,
                31.767500157851632
              ],
              [
                120.20913949666948,
                31.76740120469672
              ],
              [
                120.219790401786,
                31.771482103316963
              ],
              [
                120.2215493951014,
                31.775515693311505
              ],
              [
                120.2185520538137,
                31.781661377818526
              ],
              [
                120.21974073185618,
                31.782539536879288
              ],
              [
                120.22714891008813,
                31.77444559620419
              ],
              [
                120.23167021464626,
                31.773313196906134
              ],
              [
                120.23610581381551,
                31.774696020999976
              ],
              [
                120.24081714126265,
                31.77936530509921
              ],
              [
                120.24040520234384,
                31.78559680282102
              ],
              [
                120.24385435100342,
                31.790140209802086
              ],
              [
                120.24231491314981,
                31.796121696885432
              ],
              [
                120.23478553391298,
                31.802095572733588
              ],
              [
                120.2251493272555,
                31.804724487427023
              ]
            ],
            [
              [
                120.21633946684751,
                31.75121738320695
              ],
              [
                120.22063073560365,
                31.75198997426751
              ],
              [
                120.22238100280754,
                31.748567162720683
              ],
              [
                120.22634407849255,
                31.746689906532676
              ],
              [
                120.23358524192243,
                31.748449003952942
              ],
              [
                120.24115931175622,
                31.75806428795104
              ],
              [
                120.24233601113286,
                31.766267612556938
              ],
              [
                120.2404516018199,
                31.76993421947284
              ],
              [
                120.23698739849382,
                31.771723870146342
              ],
              [
                120.23207452477209,
                31.771420537580017
              ],
              [
                120.22512293057962,
                31.76345791576021
              ],
              [
                120.21672553458822,
                31.7672294759895
              ],
              [
                120.21106193371541,
                31.7656706644875
              ],
              [
                120.20894708387023,
                31.761839765576937
              ],
              [
                120.21014210290087,
                31.75534146862112
              ],
              [
                120.21235377204428,
                31.75254605897429
              ],
              [
                120.21633946684751,
                31.75121738320695
              ]
            ],
            [
              [
                120.20965923812297,
                31.741513911490397
              ],
              [
                120.2047522667773,
                31.736426296776838
              ],
              [
                120.2062569722672,
                31.726786149831167
              ],
              [
                120.20355322035151,
                31.717458000742614
              ],
              [
                120.20499157865821,
                31.7137681179685
              ],
              [
                120.20985095219427,
                31.711496126036774
              ],
              [
                120.2126117116445,
                31.70689153940536
              ],
              [
                120.21807915823307,
                31.705147002408413
              ],
              [
                120.22391000906514,
                31.705429391251958
              ],
              [
                120.23251033860234,
                31.70899448217605
              ],
              [
                120.23512359753585,
                31.71350255425492
              ],
              [
                120.23411691756986,
                31.718375025826663
              ],
              [
                120.23839684155848,
                31.72048733206901
              ],
              [
                120.24041403890443,
                31.7246487346098
              ],
              [
                120.23897619887535,
                31.728337491404705
              ],
              [
                120.23518938552496,
                31.730474778550654
              ],
              [
                120.22961931127264,
                31.731368544900693
              ],
              [
                120.22961711376645,
                31.72984589723103
              ],
              [
                120.22064211536116,
                31.729081679738186
              ],
              [
                120.22105408049866,
                31.737606547377922
              ],
              [
                120.2185314605513,
                31.7412280575498
              ],
              [
                120.21415306660607,
                31.742842427882458
              ],
              [
                120.20965923812297,
                31.741513911490397
              ]
            ],
            [
              [
                120.18177224733834,
                31.670657909523094
              ],
              [
                120.18673653151092,
                31.670657909523108
              ],
              [
                120.19090862398346,
                31.67470270002565
              ],
              [
                120.19309884559091,
                31.6695310086053
              ],
              [
                120.19965424255798,
                31.667973402401643
              ],
              [
                120.20441950779751,
                31.670418129031116
              ],
              [
                120.20532567265637,
                31.674415506995864
              ],
              [
                120.20325796438475,
                31.677799977190283
              ],
              [
                120.19843254913387,
                31.679467237379484
              ],
              [
                120.19339359272823,
                31.678172687465565
              ],
              [
                120.1911068726219,
                31.675573619225723
              ],
              [
                120.1883464064796,
                31.68359699217286
              ],
              [
                120.18143038735865,
                31.6854731800013
              ],
              [
                120.17686227579367,
                31.68287446708372
              ],
              [
                120.17555589952853,
                31.677263049964683
              ],
              [
                120.1774677867843,
                31.672907633080385
              ],
              [
                120.18177224733834,
                31.670657909523094
              ]
            ],
            [
              [
                120.1891991666024,
                31.74741731690856
              ],
              [
                120.18271203166181,
                31.750624921186855
              ],
              [
                120.17624430539715,
                31.748200082714018
              ],
              [
                120.17496021939479,
                31.74355009916789
              ],
              [
                120.18133622094929,
                31.73319669473661
              ],
              [
                120.19034771157682,
                31.732064698756226
              ],
              [
                120.19585724543809,
                31.734399721220647
              ],
              [
                120.19834233715197,
                31.740379846573344
              ],
              [
                120.19458501519198,
                31.74817585774936
              ],
              [
                120.194071369664,
                31.746865470058207
              ],
              [
                120.1891991666024,
                31.74741731690856
              ]
            ],
            [
              [
                120.15453349227383,
                31.762198164589034
              ],
              [
                120.16173611645118,
                31.77160073739547
              ],
              [
                120.16584995311247,
                31.781867534095312
              ],
              [
                120.162919796104,
                31.786825540138636
              ],
              [
                120.15935583427473,
                31.7879041341946
              ],
              [
                120.15505398293543,
                31.78684036860866
              ],
              [
                120.15077135072012,
                31.784253825306244
              ],
              [
                120.1487653236442,
                31.781023002086602
              ],
              [
                120.13669169223496,
                31.775894525965715
              ],
              [
                120.13528990769925,
                31.76727137439148
              ],
              [
                120.13349957587184,
                31.76727137439148
              ],
              [
                120.13439789115597,
                31.76574387803955
              ],
              [
                120.13529045218985,
                31.767261589779
              ],
              [
                120.13704066461362,
                31.760025342066616
              ],
              [
                120.14338165656261,
                31.75810050632831
              ],
              [
                120.15453349227383,
                31.762198164589034
              ]
            ],
            [
              [
                120.09756696450708,
                31.826060803570122
              ],
              [
                120.09756249244577,
                31.824539625994664
              ],
              [
                120.09069585871687,
                31.825255535206047
              ],
              [
                120.08299405335052,
                31.822455561584018
              ],
              [
                120.08048784256492,
                31.817752725328585
              ],
              [
                120.08253484564756,
                31.812674811448836
              ],
              [
                120.08501020861452,
                31.810745676391356
              ],
              [
                120.08407732804969,
                31.806370264605437
              ],
              [
                120.0874864024869,
                31.79836770332981
              ],
              [
                120.0912028775452,
                31.797050276511325
              ],
              [
                120.09595116308509,
                31.79798670734262
              ],
              [
                120.1006515006407,
                31.802145313560686
              ],
              [
                120.10206964577992,
                31.806126380235643
              ],
              [
                120.10031575668194,
                31.80963758347277
              ],
              [
                120.0957732226477,
                31.811563212390325
              ],
              [
                120.09487804853131,
                31.813843931092432
              ],
              [
                120.09859249281078,
                31.81537459829639
              ],
              [
                120.10673311632064,
                31.813977859098443
              ],
              [
                120.11547611295696,
                31.81840587725234
              ],
              [
                120.11819655565834,
                31.822655740256227
              ],
              [
                120.11680864216191,
                31.826844615049858
              ],
              [
                120.1125230359129,
                31.82907176162333
              ],
              [
                120.10444227479192,
                31.82846386054054
              ],
              [
                120.09756696450708,
                31.826060803570122
              ]
            ]
          ],
          [
            [
              [
                120.09057532707078,
                31.71454416625133
              ],
              [
                120.09486912994583,
                31.715316946078687
              ],
              [
                120.1002558804828,
                31.712261663198305
              ],
              [
                120.10438073013674,
                31.70001116519068
              ],
              [
                120.11373079284867,
                31.696213361468544
              ],
              [
                120.12091700408581,
                31.681691110611347
              ],
              [
                120.11736902003679,
                31.67670889849259
              ],
              [
                120.12001873894835,
                31.670987326432048
              ],
              [
                120.119120575902,
                31.66870152326347
              ],
              [
                120.1108470791794,
                31.66661807067266
              ],
              [
                120.10744247570268,
                31.661055664016203
              ],
              [
                120.1020644978574,
                31.662584886197752
              ],
              [
                120.10655759145932,
                31.6694593393379
              ],
              [
                120.1123118392557,
                31.672491140443
              ],
              [
                120.11560470043204,
                31.68038900261204
              ],
              [
                120.11342666758028,
                31.68467981788372
              ],
              [
                120.10565469077302,
                31.68628474432745
              ],
              [
                120.10049898067805,
                31.691961716856287
              ],
              [
                120.09038639916385,
                31.69163532439739
              ],
              [
                120.09307894669865,
                31.693917737651567
              ],
              [
                120.0986608979965,
                31.69523710123768
              ],
              [
                120.10088215053351,
                31.6980435700058
              ],
              [
                120.09756696450708,
                31.710737220720628
              ],
              [
                120.09014273212507,
                31.71106861583792
              ],
              [
                120.08588886581353,
                31.70768033773693
              ],
              [
                120.08498553510591,
                31.703100141267992
              ],
              [
                120.07582811091608,
                31.703729442852776
              ],
              [
                120.0679247576373,
                31.699278829315215
              ],
              [
                120.05758026668406,
                31.705928952844022
              ],
              [
                120.04636925245616,
                31.70462861689462
              ],
              [
                120.0463629933123,
                31.708444567921898
              ],
              [
                120.04457220951655,
                31.70844733599378
              ],
              [
                120.04220427003092,
                31.71276847064957
              ],
              [
                120.03469085154842,
                31.714563459348458
              ],
              [
                120.03655284681426,
                31.719682013139057
              ],
              [
                120.03379272095295,
                31.726022070790005
              ],
              [
                120.03469163521902,
                31.72830947423694
              ],
              [
                120.03648152518694,
                31.728312342193153
              ],
              [
                120.0364847801819,
                31.72983506108628
              ],
              [
                120.04456636274399,
                31.72984045614581
              ],
              [
                120.05187025679287,
                31.733825336433014
              ],
              [
                120.05355493841301,
                31.737475346743015
              ],
              [
                120.05534394864732,
                31.737475206355093
              ],
              [
                120.0616289303145,
                31.73594735889179
              ],
              [
                120.06588755400165,
                31.731037431975217
              ],
              [
                120.0698993988559,
                31.730734230094804
              ],
              [
                120.07780402825641,
                31.733660630772697
              ],
              [
                120.07781013591818,
                31.73747808845991
              ],
              [
                120.08049301717907,
                31.738239354470785
              ],
              [
                120.08049286644703,
                31.731371104155304
              ],
              [
                120.07473534764257,
                31.728337491404712
              ],
              [
                120.07379288506725,
                31.722837567605218
              ],
              [
                120.07761946986808,
                31.719541269487497
              ],
              [
                120.08319103125231,
                31.719137718935553
              ],
              [
                120.08682032832233,
                31.715599547556135
              ],
              [
                120.09057532707078,
                31.71454416625133
              ]
            ]
          ],
          [
            [
              [
                119.94754831205913,
                31.71379400293138
              ],
              [
                119.94824016385,
                31.711439764792086
              ],
              [
                119.9439604737505,
                31.71150672539726
              ],
              [
                119.94145636672941,
                31.715536492475536
              ],
              [
                119.93497785501117,
                31.717620115768028
              ],
              [
                119.93677448557939,
                31.72525076148818
              ],
              [
                119.94503331840303,
                31.72309344971672
              ],
              [
                119.95203541641843,
                31.726778861126707
              ],
              [
                119.9534186414408,
                31.721309312040216
              ],
              [
                119.95585957373616,
                31.718678822587563
              ],
              [
                119.96161014461704,
                31.716737501615913
              ],
              [
                119.96730835960088,
                31.71760942868618
              ],
              [
                119.97179679485372,
                31.71531839489454
              ],
              [
                119.97004522232105,
                31.709607103189622
              ],
              [
                119.97359334763684,
                31.704625912519845
              ],
              [
                119.96730720519463,
                31.700807341729746
              ],
              [
                119.96070355404362,
                31.70381731446329
              ],
              [
                119.95384247597767,
                31.702335825985276
              ],
              [
                119.95335603913844,
                31.7078067875709
              ],
              [
                119.94888862933567,
                31.711301233602903
              ],
              [
                119.95024325791147,
                31.713029816826758
              ],
              [
                119.94754831205913,
                31.71379400293138
              ]
            ]
          ],
          [
            [
              [
                119.87329935546526,
                31.713907182170058
              ],
              [
                119.86493660812182,
                31.712752667438576
              ],
              [
                119.86130462195585,
                31.707685637203188
              ],
              [
                119.85861957099254,
                31.70768567857398
              ],
              [
                119.85629334727842,
                31.71229151976145
              ],
              [
                119.84963931602282,
                31.718378770839802
              ],
              [
                119.85143399948612,
                31.72219433412531
              ],
              [
                119.85836082612583,
                31.719839392760285
              ],
              [
                119.86556982913343,
                31.72093186498183
              ],
              [
                119.86951194413028,
                31.723128013818812
              ],
              [
                119.87135565840588,
                31.727705030943376
              ],
              [
                119.87029933924319,
                31.73289466153457
              ],
              [
                119.87133663698361,
                31.7346214983499
              ],
              [
                119.87208982819304,
                31.733660630772697
              ],
              [
                119.87298272064943,
                31.73671135596601
              ],
              [
                119.87557792565741,
                31.731503093300674
              ],
              [
                119.87927032058941,
                31.729072440387004
              ],
              [
                119.88106683941592,
                31.72372590242335
              ],
              [
                119.87987869910869,
                31.718153720331966
              ],
              [
                119.8810729810343,
                31.712265624424877
              ],
              [
                119.884660285241,
                31.7053928854698
              ],
              [
                119.88287408366376,
                31.70539295007943
              ],
              [
                119.87806898967362,
                31.71219408061847
              ],
              [
                119.87329935546526,
                31.713907182170058
              ]
            ]
          ],
          [
            [
              [
                119.94665403989013,
                31.808509607095875
              ],
              [
                119.93833643950379,
                31.81282367740369
              ],
              [
                119.93318122444295,
                31.81308981838736
              ],
              [
                119.93762814041256,
                31.82112067394866
              ],
              [
                119.9362335293229,
                31.828345205266796
              ],
              [
                119.93855973639911,
                31.82834523755807
              ],
              [
                119.94057673249081,
                31.82432351490317
              ],
              [
                119.94508177857135,
                31.82174204898544
              ],
              [
                119.95323976638389,
                31.823003764783746
              ],
              [
                119.95217781544933,
                31.816861647509455
              ],
              [
                119.95629034973314,
                31.81275459244389
              ],
              [
                119.9679863581534,
                31.81414938526294
              ],
              [
                119.97061896170251,
                31.817193464052725
              ],
              [
                119.97042435861967,
                31.82084221449296
              ],
              [
                119.96665443235567,
                31.82410078477724
              ],
              [
                119.9580265328485,
                31.826064767181418
              ],
              [
                119.95828942309056,
                31.830236955820574
              ],
              [
                119.95653760651867,
                31.833694999070484
              ],
              [
                119.95653749477695,
                31.835978634537852
              ],
              [
                119.96538740472194,
                31.84437713485643
              ],
              [
                119.96669842070747,
                31.83780159926524
              ],
              [
                119.9700359082173,
                31.833971352155142
              ],
              [
                119.97457485429794,
                31.83292766964485
              ],
              [
                119.98527213116436,
                31.835214117013322
              ],
              [
                119.98952742615599,
                31.83031053500383
              ],
              [
                120.00413606729691,
                31.826821494775505
              ],
              [
                120.00442771158053,
                31.82101013243708
              ],
              [
                120.00772975116683,
                31.817660864743242
              ],
              [
                120.00863375137921,
                31.810794417452826
              ],
              [
                120.0104245351749,
                31.81079164637774
              ],
              [
                120.01222098263915,
                31.806217974668716
              ],
              [
                120.00617663041892,
                31.803770471367653
              ],
              [
                120.00056992503123,
                31.809741534308156
              ],
              [
                119.9935858288033,
                31.808966264203157
              ],
              [
                119.99095302680527,
                31.805922056597712
              ],
              [
                119.98811049131544,
                31.794721576423914
              ],
              [
                119.99046858359154,
                31.791495903727867
              ],
              [
                119.99523467161923,
                31.79017854767818
              ],
              [
                120.00234554439038,
                31.793234953714457
              ],
              [
                120.00108410801813,
                31.793234953714457
              ],
              [
                120.00235111663206,
                31.79552020988776
              ],
              [
                120.00465491902061,
                31.795760495587576
              ],
              [
                120.01671248127461,
                31.787892667601977
              ],
              [
                120.01270727010036,
                31.784197207633227
              ],
              [
                120.00952638173503,
                31.77338484466911
              ],
              [
                120.00176428456676,
                31.77639390708577
              ],
              [
                119.99816090237992,
                31.774834977845483
              ],
              [
                119.99619539336416,
                31.771894898395892
              ],
              [
                119.99653763723674,
                31.76867351542928
              ],
              [
                119.99897711117903,
                31.7660445328071
              ],
              [
                120.00304897483791,
                31.764966096432843
              ],
              [
                120.00728362400555,
                31.766178597378623
              ],
              [
                120.0095259590016,
                31.758872392408176
              ],
              [
                120.0032385896903,
                31.754291750951733
              ],
              [
                119.9930284534309,
                31.75020522561897
              ],
              [
                119.98437434615072,
                31.738249956664063
              ],
              [
                119.98168876491694,
                31.738249974967054
              ],
              [
                119.97964618093788,
                31.744769907095073
              ],
              [
                119.97507805751046,
                31.74737009454172
              ],
              [
                119.96941579171697,
                31.745811537973324
              ],
              [
                119.96640804581578,
                31.739777907118825
              ],
              [
                119.94665595370473,
                31.744361559997582
              ],
              [
                119.94636424888593,
                31.7486491139884
              ],
              [
                119.94206223945672,
                31.754213009892425
              ],
              [
                119.9374125711284,
                31.75511859513999
              ],
              [
                119.93138310900625,
                31.753528342923445
              ],
              [
                119.92927445398192,
                31.756505443285917
              ],
              [
                119.92567107531917,
                31.75806413708622
              ],
              [
                119.92040120171933,
                31.75679134348007
              ],
              [
                119.91789848485539,
                31.752764443009585
              ],
              [
                119.9114182290963,
                31.75144452904636
              ],
              [
                119.90891533201419,
                31.74741725684776
              ],
              [
                119.90174005306453,
                31.747130113803856
              ],
              [
                119.90360209701383,
                31.75222059270773
              ],
              [
                119.9008418742146,
                31.758864553323274
              ],
              [
                119.91169035162582,
                31.76039515382055
              ],
              [
                119.91676467748283,
                31.76303994038974
              ],
              [
                119.91880700582081,
                31.77032096060077
              ],
              [
                119.92617023338592,
                31.76892868016464
              ],
              [
                119.92995466768878,
                31.770599423499885
              ],
              [
                119.93269498324354,
                31.77401956472437
              ],
              [
                119.93431886658502,
                31.78245531952051
              ],
              [
                119.93269502549578,
                31.789542176305577
              ],
              [
                119.9286836910926,
                31.79388569878182
              ],
              [
                119.93318082569685,
                31.800101146853855
              ],
              [
                119.9374913636022,
                31.795264306879872
              ],
              [
                119.94786477857457,
                31.793276902702953
              ],
              [
                119.95271432866313,
                31.794299622417743
              ],
              [
                119.95534754404257,
                31.79734424605486
              ],
              [
                119.95577895891103,
                31.802749726689296
              ],
              [
                119.95313755521569,
                31.807188976242426
              ],
              [
                119.94665403989013,
                31.808509607095875
              ]
            ]
          ],
          [
            [
              [
                120.31764934541324,
                31.849119613407176
              ],
              [
                120.31315720986797,
                31.842093099291475
              ],
              [
                120.30833450417416,
                31.84029692378696
              ],
              [
                120.3059511644789,
                31.836206503207105
              ],
              [
                120.30027131451915,
                31.840519494179226
              ],
              [
                120.2892641298498,
                31.83721731050799
              ],
              [
                120.28460038783243,
                31.839668357874388
              ],
              [
                120.27726963105502,
                31.83977402266063
              ],
              [
                120.2718462712446,
                31.847431452548044
              ],
              [
                120.27184643948594,
                31.84966858687307
              ],
              [
                120.31764934541324,
                31.849119613407176
              ]
            ]
          ],
          [
            [
              [
                120.57278117263405,
                31.20268187913897
              ],
              [
                120.57751355988248,
                31.1998720691515
              ],
              [
                120.59523005687447,
                31.194998475334753
              ],
              [
                120.59702415481578,
                31.193463776895847
              ],
              [
                120.59847132175597,
                31.18726849527981
              ],
              [
                120.60690562294113,
                31.181941566653887
              ],
              [
                120.59972277398383,
                31.178101830068034
              ],
              [
                120.58894542492048,
                31.179633393680625
              ],
              [
                120.58894049479649,
                31.175027259786873
              ],
              [
                120.58265502042542,
                31.173490186300377
              ],
              [
                120.57659202478891,
                31.17766651195277
              ],
              [
                120.57008676088363,
                31.178101523963413
              ],
              [
                120.57083936140006,
                31.18430654578485
              ],
              [
                120.56559536915171,
                31.19039444834314
              ],
              [
                120.5637985538948,
                31.19653478317431
              ],
              [
                120.57025977569239,
                31.19861670330199
              ],
              [
                120.57278117263405,
                31.20268187913897
              ]
            ]
          ],
          [
            [
              [
                120.71704865724514,
                31.195721890208503
              ],
              [
                120.72189013004042,
                31.19346107387042
              ],
              [
                120.72051590754577,
                31.184084283499196
              ],
              [
                120.72189005709352,
                31.178868777582057
              ],
              [
                120.71124031297703,
                31.175810454917553
              ],
              [
                120.70931967299249,
                31.177327709138797
              ],
              [
                120.70931967299248,
                31.17579651469206
              ],
              [
                120.69944423474378,
                31.18117442478505
              ],
              [
                120.70454073566017,
                31.191438978165692
              ],
              [
                120.70995803346173,
                31.195325949038
              ],
              [
                120.71112226049038,
                31.20114515992574
              ],
              [
                120.71560192305161,
                31.20037677940426
              ],
              [
                120.71704865724514,
                31.195721890208503
              ]
            ]
          ],
          [
            [
              [
                120.48833815621417,
                31.224961777380535
              ],
              [
                120.49659003280219,
                31.22279206954
              ],
              [
                120.50270173481722,
                31.226498192413843
              ],
              [
                120.50836356359065,
                31.204528862027328
              ],
              [
                120.49732015464913,
                31.20422924940178
              ],
              [
                120.48670315944538,
                31.209473791335054
              ],
              [
                120.48025374760329,
                31.208839183660725
              ],
              [
                120.47486541371387,
                31.22035395299147
              ],
              [
                120.47755971327898,
                31.221889049894155
              ],
              [
                120.48450255707479,
                31.222155161027242
              ],
              [
                120.48833815621417,
                31.224961777380535
              ]
            ]
          ],
          [
            [
              [
                120.35718747318894,
                31.221890120824707
              ],
              [
                120.35987502746998,
                31.2226625299545
              ],
              [
                120.3643735826711,
                31.23033903875611
              ],
              [
                120.36975649559527,
                31.23034424442621
              ],
              [
                120.37144669604352,
                31.233194404020296
              ],
              [
                120.37694301786824,
                31.231880512395644
              ],
              [
                120.38951538873081,
                31.232643304110585
              ],
              [
                120.40323974650092,
                31.22445744501596
              ],
              [
                120.40768062236496,
                31.223416784927565
              ],
              [
                120.41286967230329,
                31.224193673221208
              ],
              [
                120.41556456771194,
                31.215752797440114
              ],
              [
                120.40479286308701,
                31.212681669576696
              ],
              [
                120.40177017745685,
                31.21646047755524
              ],
              [
                120.39761022633267,
                31.218058450834928
              ],
              [
                120.3958418229538,
                31.223825561164787
              ],
              [
                120.39016347432457,
                31.22580281255009
              ],
              [
                120.38434950575225,
                31.223633032477284
              ],
              [
                120.38142903178638,
                31.217289400927967
              ],
              [
                120.36347048611262,
                31.2142173347089
              ],
              [
                120.35798388314527,
                31.21882437024356
              ],
              [
                120.35718747318894,
                31.221890120824707
              ]
            ]
          ],
          [
            [
              [
                120.38143459428885,
                31.300986708479158
              ],
              [
                120.38038027345758,
                31.30224785558043
              ],
              [
                120.38144098941551,
                31.303284141608053
              ],
              [
                120.38861506561238,
                31.302518260830656
              ],
              [
                120.38686471035659,
                31.29676300389522
              ],
              [
                120.3904116394683,
                31.291005282671954
              ],
              [
                120.38980652033817,
                31.285914272973653
              ],
              [
                120.39245542488766,
                31.282855708045616
              ],
              [
                120.39777619441186,
                31.281925147774967
              ],
              [
                120.40928050014578,
                31.28716408852606
              ],
              [
                120.41287027881528,
                31.285630997815293
              ],
              [
                120.41521187492508,
                31.280982062417372
              ],
              [
                120.41826435473205,
                31.279008187437615
              ],
              [
                120.42544915450186,
                31.277951548250208
              ],
              [
                120.43117330969702,
                31.274159166136418
              ],
              [
                120.43770478944951,
                31.275711687345474
              ],
              [
                120.43984023264599,
                31.279652086219155
              ],
              [
                120.43813285248844,
                31.283952200194726
              ],
              [
                120.43419123186709,
                31.28614307882679
              ],
              [
                120.42904977640846,
                31.28640715493948
              ],
              [
                120.4254886129495,
                31.295237812718195
              ],
              [
                120.41916918663956,
                31.298687137131896
              ],
              [
                120.41657385949328,
                31.303909562145805
              ],
              [
                120.41229847267218,
                31.307643450787438
              ],
              [
                120.40569506388978,
                31.31020229724009
              ],
              [
                120.40966827919749,
                31.313771365484115
              ],
              [
                120.41108502854141,
                31.319402532058174
              ],
              [
                120.41503231996005,
                31.32166472265588
              ],
              [
                120.41822538521804,
                31.327463336043845
              ],
              [
                120.4156764271928,
                31.334604941068477
              ],
              [
                120.4101866403104,
                31.337060630446114
              ],
              [
                120.41198276536296,
                31.340886375828777
              ],
              [
                120.41376947245585,
                31.34088633337788
              ],
              [
                120.41653995970725,
                31.337022555197176
              ],
              [
                120.42095757808124,
                31.335515430667947
              ],
              [
                120.42569152505014,
                31.329675512526666
              ],
              [
                120.4301385044679,
                31.32845831304429
              ],
              [
                120.43533062262716,
                31.329376959218816
              ],
              [
                120.43917626272732,
                31.32699192294267
              ],
              [
                120.42862860533157,
                31.315702955303205
              ],
              [
                120.4282863792177,
                31.312441974061883
              ],
              [
                120.4302661583905,
                31.309488626238874
              ],
              [
                120.43590338562068,
                31.307935939533717
              ],
              [
                120.44251783610281,
                31.310959112985998
              ],
              [
                120.44970070910936,
                31.30789178729871
              ],
              [
                120.45713366350175,
                31.29667380762456
              ],
              [
                120.4632426761049,
                31.294843133545005
              ],
              [
                120.46867594732873,
                31.297295834602615
              ],
              [
                120.4703275941332,
                31.300601092495388
              ],
              [
                120.46988615790731,
                31.304190762331835
              ],
              [
                120.46760088714299,
                31.307160511403268
              ],
              [
                120.46318724207343,
                31.30866730394103
              ],
              [
                120.465948643602,
                31.31918216990496
              ],
              [
                120.46472227038771,
                31.322914303453114
              ],
              [
                120.45885846624306,
                31.326184280955992
              ],
              [
                120.45150722956528,
                31.326318299572108
              ],
              [
                120.44683121079974,
                31.329484159731457
              ],
              [
                120.44798230042619,
                31.333443266797108
              ],
              [
                120.44647389388898,
                31.33709858383325
              ],
              [
                120.43533954121266,
                31.343197291920017
              ],
              [
                120.43709007268085,
                31.348946963496964
              ],
              [
                120.43218299912598,
                31.35412287786403
              ],
              [
                120.43353688076778,
                31.354700962831696
              ],
              [
                120.42366136957217,
                31.354706219538897
              ],
              [
                120.42531280156342,
                31.363194666891317
              ],
              [
                120.42307995605849,
                31.36672162429921
              ],
              [
                120.41916986609849,
                31.368512191226806
              ],
              [
                120.42516520738673,
                31.3733923123451
              ],
              [
                120.4245598695449,
                31.380010823154525
              ],
              [
                120.4263557813226,
                31.383842007874335
              ],
              [
                120.43288009636106,
                31.37797108311393
              ],
              [
                120.43730342452814,
                31.37784147780191
              ],
              [
                120.44076279621795,
                31.379624470167574
              ],
              [
                120.44432277183897,
                31.396114171837823
              ],
              [
                120.44938699495349,
                31.398478875618064
              ],
              [
                120.45150995410839,
                31.40147887066356
              ],
              [
                120.45518021694527,
                31.40154100679582
              ],
              [
                120.45599476287074,
                31.395462236643148
              ],
              [
                120.45479618272437,
                31.391291378273166
              ],
              [
                120.45742940801786,
                31.37920450355164
              ],
              [
                120.46504145615205,
                31.37617531889071
              ],
              [
                120.46875612683388,
                31.377488384542684
              ],
              [
                120.47099250342653,
                31.380135560069924
              ],
              [
                120.47218681273117,
                31.390653439335882
              ],
              [
                120.46857722779788,
                31.39535349888293
              ],
              [
                120.46828442085057,
                31.40120135406932
              ],
              [
                120.46430861446558,
                31.40488670248079
              ],
              [
                120.45950425464865,
                31.405260830230585
              ],
              [
                120.45944891762012,
                31.409971950250263
              ],
              [
                120.45728375981669,
                31.413992693857516
              ],
              [
                120.45150914337987,
                31.416823014141848
              ],
              [
                120.45240745866404,
                31.424478383352817
              ],
              [
                120.4541981323025,
                31.42295051604569
              ],
              [
                120.46305407212414,
                31.423717083108055
              ],
              [
                120.4730567963393,
                31.4221786823102
              ],
              [
                120.47481880940155,
                31.4148976997833
              ],
              [
                120.47828157515431,
                31.41311347153401
              ],
              [
                120.4829382644646,
                31.41297931422209
              ],
              [
                120.48107541574397,
                31.407075660419597
              ],
              [
                120.4825814399435,
                31.402977329406394
              ],
              [
                120.4931537792428,
                31.398458333130645
              ],
              [
                120.503645610778,
                31.401863484747583
              ],
              [
                120.50691199802614,
                31.40790072941222
              ],
              [
                120.5072046909953,
                31.412212659490365
              ],
              [
                120.51239374093358,
                31.411437286425073
              ],
              [
                120.51684354201032,
                31.412478415623394
              ],
              [
                120.52157850030831,
                31.41681252708371
              ],
              [
                120.52336552047086,
                31.416812360807825
              ],
              [
                120.52605542502671,
                31.413754776840552
              ],
              [
                120.52139453365224,
                31.410445838923774
              ],
              [
                120.52071337512992,
                31.40493712709873
              ],
              [
                120.52605721341371,
                31.39918576987209
              ],
              [
                120.52337245229484,
                31.397655630523797
              ],
              [
                120.52000404035932,
                31.40028633001222
              ],
              [
                120.51650847225893,
                31.400675880528514
              ],
              [
                120.51130009270231,
                31.397892603143806
              ],
              [
                120.51003283731059,
                31.392994834864236
              ],
              [
                120.51527754174603,
                31.38844456671611
              ],
              [
                120.5152774639609,
                31.386150480079067
              ],
              [
                120.50655408745938,
                31.38198138838926
              ],
              [
                120.50448066189912,
                31.376831798707695
              ],
              [
                120.5062612566801,
                31.37272163638431
              ],
              [
                120.51098688003894,
                31.370652494391557
              ],
              [
                120.52043646053984,
                31.371836824757303
              ],
              [
                120.53504870537942,
                31.381541171033227
              ],
              [
                120.54282014141295,
                31.378366126198344
              ],
              [
                120.55076273962135,
                31.380007229787935
              ],
              [
                120.55121618298745,
                31.37771197183804
              ],
              [
                120.55390498722146,
                31.376176140220544
              ],
              [
                120.55194786887115,
                31.367900307313914
              ],
              [
                120.55462498195173,
                31.362914994454623
              ],
              [
                120.56052843978591,
                31.360111912545733
              ],
              [
                120.57007860644775,
                31.36083236268975
              ],
              [
                120.57464291980702,
                31.355435675989785
              ],
              [
                120.58248775066879,
                31.35252829855057
              ],
              [
                120.58912957902983,
                31.353709583920768
              ],
              [
                120.59150111804105,
                31.359359430196445
              ],
              [
                120.58625643599783,
                31.365434877473053
              ],
              [
                120.59042144182176,
                31.36703504736677
              ],
              [
                120.59246550837223,
                31.37004226147262
              ],
              [
                120.5961319471934,
                31.37004226147262
              ],
              [
                120.59262800601323,
                31.371115762213222
              ],
              [
                120.59084907787728,
                31.375260897479478
              ],
              [
                120.58690724319185,
                31.377452862141705
              ],
              [
                120.57457526908338,
                31.376183470778304
              ],
              [
                120.57098514911469,
                31.378482855800783
              ],
              [
                120.57284798532642,
                31.384838623605837
              ],
              [
                120.57047082294638,
                31.39099171857965
              ],
              [
                120.56353832415972,
                31.393883965674355
              ],
              [
                120.55661203162191,
                31.390754301213303
              ],
              [
                120.55481558574223,
                31.399952531147797
              ],
              [
                120.55570328734674,
                31.40224551352079
              ],
              [
                120.55997048410029,
                31.39884806809336
              ],
              [
                120.56558922753337,
                31.398417062246605
              ],
              [
                120.56950634123012,
                31.40020399712254
              ],
              [
                120.57173830817545,
                31.403730002214857
              ],
              [
                120.56976160256333,
                31.409855748041874
              ],
              [
                120.56449602741256,
                31.411608091403878
              ],
              [
                120.55930549260579,
                31.410689915203555
              ],
              [
                120.5584086621901,
                31.41374596269255
              ],
              [
                120.5619937688907,
                31.414512441812075
              ],
              [
                120.56719097326499,
                31.412970602010194
              ],
              [
                120.5707424616128,
                31.41404582529825
              ],
              [
                120.57588769619146,
                31.41898583058408
              ],
              [
                120.57637495634572,
                31.423554768242333
              ],
              [
                120.5880471096363,
                31.41758437120412
              ],
              [
                120.5880471096363,
                31.419884185156715
              ],
              [
                120.58356053335713,
                31.423712692176533
              ],
              [
                120.58805115275142,
                31.42677794497779
              ],
              [
                120.59499743660575,
                31.42784466266527
              ],
              [
                120.59764190826058,
                31.430899294442888
              ],
              [
                120.59744730515301,
                31.434579830603866
              ],
              [
                120.59074816315044,
                31.439049659655243
              ],
              [
                120.59164037077281,
                31.44287922284501
              ],
              [
                120.59096968467034,
                31.442116263857653
              ],
              [
                120.58862743074874,
                31.44588152110185
              ],
              [
                120.58431590284592,
                31.447501201985705
              ],
              [
                120.57906842885643,
                31.446716506914346
              ],
              [
                120.57457841025114,
                31.45054693221512
              ],
              [
                120.57817224582024,
                31.455902006024118
              ],
              [
                120.58914030975706,
                31.45421772306309
              ],
              [
                120.59612557801243,
                31.455624571988228
              ],
              [
                120.59246661728707,
                31.445720198126292
              ],
              [
                120.59332013300502,
                31.442389092619155
              ],
              [
                120.5967739574742,
                31.43998947588386
              ],
              [
                120.60128540930573,
                31.44007398848282
              ],
              [
                120.60601788738003,
                31.443640300928177
              ],
              [
                120.6133871476308,
                31.444956707746787
              ],
              [
                120.61560826274477,
                31.447761324525114
              ],
              [
                120.61590084037374,
                31.451304061289367
              ],
              [
                120.61995568791036,
                31.450542981880602
              ],
              [
                120.6203864598646,
                31.449010280222822
              ],
              [
                120.62128145518784,
                31.450537317332408
              ],
              [
                120.6239752489398,
                31.45053765547136
              ],
              [
                120.62846524647232,
                31.444408453598207
              ],
              [
                120.62756634097335,
                31.44211804428537
              ],
              [
                120.61769151401225,
                31.44364562695297
              ],
              [
                120.61769151401225,
                31.440590696928634
              ],
              [
                120.61323976511262,
                31.432528117678146
              ],
              [
                120.61392094803222,
                31.429321746967705
              ],
              [
                120.61678714777877,
                31.426779718130003
              ],
              [
                120.61498900273763,
                31.42218913335357
              ],
              [
                120.60871378399887,
                31.41912287018365
              ],
              [
                120.60709593222569,
                31.422698181168865
              ],
              [
                120.60960667645517,
                31.42448364389117
              ],
              [
                120.60081840845022,
                31.425407054129927
              ],
              [
                120.59370466520878,
                31.4220289154116
              ],
              [
                120.5925414386327,
                31.416926236841263
              ],
              [
                120.59631646246167,
                31.412578448233607
              ],
              [
                120.59433531662516,
                31.41145125831918
              ],
              [
                120.59882400433689,
                31.41221252639665
              ],
              [
                120.6060073854421,
                31.406855109062214
              ],
              [
                120.60331379442411,
                31.405323059585093
              ],
              [
                120.59187708886955,
                31.40582394521198
              ],
              [
                120.58728792513391,
                31.401538424761405
              ],
              [
                120.58714879435223,
                31.397650288454937
              ],
              [
                120.59547485849392,
                31.389474519020023
              ],
              [
                120.60445099297749,
                31.39041549754803
              ],
              [
                120.60960071952553,
                31.395344670575298
              ],
              [
                120.60960056879345,
                31.388451064533047
              ],
              [
                120.6068394909151,
                31.382855940534792
              ],
              [
                120.61079696405658,
                31.374646345316396
              ],
              [
                120.60691173060287,
                31.36927525600546
              ],
              [
                120.61014354547858,
                31.363096912914973
              ],
              [
                120.6202168100725,
                31.359432378928588
              ],
              [
                120.62511213910261,
                31.359737028508317
              ],
              [
                120.62969236099747,
                31.361857297739775
              ],
              [
                120.63177769834596,
                31.36495499312861
              ],
              [
                120.63027388491966,
                31.372337982641287
              ],
              [
                120.64445201490675,
                31.37418818171349
              ],
              [
                120.6482395480624,
                31.377706686007034
              ],
              [
                120.65114481922312,
                31.373680339643926
              ],
              [
                120.65476413380352,
                31.371835341284058
              ],
              [
                120.66439795185677,
                31.372337982641287
              ],
              [
                120.66260138156674,
                31.366209632916597
              ],
              [
                120.65542075594531,
                31.361604857045492
              ],
              [
                120.65362412537706,
                31.35546808722686
              ],
              [
                120.65721738651357,
                31.353933832184286
              ],
              [
                120.65901401708182,
                31.35700231723332
              ],
              [
                120.66355564526637,
                31.359156857181876
              ],
              [
                120.66529621671445,
                31.358532171451674
              ],
              [
                120.66423718439145,
                31.35409300185477
              ],
              [
                120.66616214742666,
                31.349708528873396
              ],
              [
                120.67093445794812,
                31.34728836791961
              ],
              [
                120.67607605055034,
                31.34702411843132
              ],
              [
                120.67516857489666,
                31.34105091944975
              ],
              [
                120.67667931408896,
                31.334689255579477
              ],
              [
                120.67338706162768,
                31.333986238899072
              ],
              [
                120.67697354606223,
                31.33322038638648
              ],
              [
                120.68236418459226,
                31.32861106508391
              ],
              [
                120.68236378475373,
                31.326315132338753
              ],
              [
                120.67702047399786,
                31.32055846954017
              ],
              [
                120.6796693116868,
                31.30789979790859
              ],
              [
                120.67051984195281,
                31.306997508301123
              ],
              [
                120.66706195132147,
                31.30521586428412
              ],
              [
                120.66528708883646,
                31.30114623005444
              ],
              [
                120.66709280368946,
                31.296384769288174
              ],
              [
                120.66440390878651,
                31.296381203597715
              ],
              [
                120.66439986567138,
                31.294083703065397
              ],
              [
                120.65843883074498,
                31.29248455078484
              ],
              [
                120.65182207198102,
                31.28333632690611
              ],
              [
                120.64480875691976,
                31.289343935266523
              ],
              [
                120.63638411177989,
                31.289342997269053
              ],
              [
                120.63232140996159,
                31.28684213712592
              ],
              [
                120.63116021339744,
                31.282567282096345
              ],
              [
                120.62745611380159,
                31.2799869517793
              ],
              [
                120.62665952058515,
                31.27658109420367
              ],
              [
                120.62936350504407,
                31.271812163396795
              ],
              [
                120.62985136634934,
                31.267073259312454
              ],
              [
                120.63295691702517,
                31.26337392673855
              ],
              [
                120.6203864598646,
                31.26336850026458
              ],
              [
                120.6185898292964,
                31.261832744478554
              ],
              [
                120.62158820797454,
                31.260329385688348
              ],
              [
                120.62127881821904,
                31.256462653769365
              ],
              [
                120.61556308305185,
                31.258720107761444
              ],
              [
                120.61032409659832,
                31.257452256322736
              ],
              [
                120.60780408895727,
                31.251854973824376
              ],
              [
                120.60403612046036,
                31.25054089997806
              ],
              [
                120.6017955177625,
                31.247888134816122
              ],
              [
                120.60061756668432,
                31.241102846139512
              ],
              [
                120.59434069420999,
                31.243398277590835
              ],
              [
                120.5970302624775,
                31.244937781570503
              ],
              [
                120.5970302624775,
                31.252617684975693
              ],
              [
                120.58625047906811,
                31.254921534187506
              ],
              [
                120.58625047906811,
                31.256457402433576
              ],
              [
                120.58445384849983,
                31.254921534187506
              ],
              [
                120.58625047906811,
                31.243401725935833
              ],
              [
                120.58804465979104,
                31.243396489354744
              ],
              [
                120.58625047906811,
                31.239561477546612
              ],
              [
                120.58894542492045,
                31.238793409138918
              ],
              [
                120.59102931454444,
                31.22678226087589
              ],
              [
                120.59522752424756,
                31.221896869797465
              ],
              [
                120.59343919884725,
                31.22113152430029
              ],
              [
                120.58747897210364,
                31.222621199205424
              ],
              [
                120.58152531107055,
                31.220692160256565
              ],
              [
                120.57456949166564,
                31.214985573050406
              ],
              [
                120.56091826912235,
                31.212135263372172
              ],
              [
                120.5539066567785,
                31.20422918086741
              ],
              [
                120.54786137914033,
                31.20396299820514
              ],
              [
                120.54312845672145,
                31.200387408768076
              ],
              [
                120.53594148740491,
                31.198850609485973
              ],
              [
                120.52752666563259,
                31.201109448377768
              ],
              [
                120.52067793538868,
                31.200387340236432
              ],
              [
                120.51681368389796,
                31.20391887033337
              ],
              [
                120.52143209383715,
                31.210309397876003
              ],
              [
                120.52067957098916,
                31.215745907653655
              ],
              [
                120.52436922237383,
                31.21819706284443
              ],
              [
                120.5287178727252,
                31.226114292931115
              ],
              [
                120.52757275312085,
                31.23621013799171
              ],
              [
                120.52247612377224,
                31.240333481408843
              ],
              [
                120.52337436610946,
                31.244932530863107
              ],
              [
                120.5280313857732,
                31.245067316780265
              ],
              [
                120.5318108181816,
                31.247194442089246
              ],
              [
                120.53415768370472,
                31.25190788740189
              ],
              [
                120.53273769574498,
                31.255939200180297
              ],
              [
                120.52092773613278,
                31.26113240386392
              ],
              [
                120.5156078037385,
                31.259471515931207
              ],
              [
                120.51348151822661,
                31.255694745856694
              ],
              [
                120.50776524895751,
                31.258720107761444
              ],
              [
                120.50225883379099,
                31.25749453704896
              ],
              [
                120.49728205591444,
                31.25454713094549
              ],
              [
                120.49240918547238,
                31.248144677691553
              ],
              [
                120.49201622110732,
                31.24217179623687
              ],
              [
                120.49461617846957,
                31.23802727132141
              ],
              [
                120.48833858516036,
                31.23419018192493
              ],
              [
                120.48025530541862,
                31.240333481408843
              ],
              [
                120.48290384860366,
                31.24531754358538
              ],
              [
                120.48205186303996,
                31.250308528537865
              ],
              [
                120.48749599297363,
                31.249542896384217
              ],
              [
                120.49185383301646,
                31.25104703230134
              ],
              [
                120.49433514076624,
                31.25443300645038
              ],
              [
                120.49448277484055,
                31.258052617065875
              ],
              [
                120.4925015087085,
                31.26100726214766
              ],
              [
                120.48115369848784,
                31.26797816452393
              ],
              [
                120.4799621560323,
                31.275373739439093
              ],
              [
                120.47598338740418,
                31.279062093890936
              ],
              [
                120.47060560618536,
                31.27923168783381
              ],
              [
                120.46407555731271,
                31.27489120723808
              ],
              [
                120.45713451017967,
                31.2730581236729
              ],
              [
                120.45329439419064,
                31.26721305545124
              ],
              [
                120.4477287736559,
                31.265130947612903
              ],
              [
                120.44525530130599,
                31.26145226289952
              ],
              [
                120.44790381765192,
                31.254924080690273
              ],
              [
                120.44390015348439,
                31.250448597552925
              ],
              [
                120.443705550365,
                31.246753055662893
              ],
              [
                120.44949322864763,
                31.23923135183892
              ],
              [
                120.45323992582273,
                31.23802241947615
              ],
              [
                120.45868375179339,
                31.23878815876639
              ],
              [
                120.45882932706297,
                31.233356471306543
              ],
              [
                120.46317517748197,
                31.22803724985955
              ],
              [
                120.46395238740827,
                31.221126112137068
              ],
              [
                120.4515094874364,
                31.222668475049097
              ],
              [
                120.45034609588292,
                31.229251572530988
              ],
              [
                120.44496959667903,
                31.23239008405172
              ],
              [
                120.44096161026519,
                31.23238781602643
              ],
              [
                120.43623724944793,
                31.229581374075998
              ],
              [
                120.43363234559567,
                31.2356015661518
              ],
              [
                120.4184904390914,
                31.24988361021295
              ],
              [
                120.4104229106177,
                31.249254022347447
              ],
              [
                120.4064602092246,
                31.244169756874804
              ],
              [
                120.4038978992196,
                31.244175030668472
              ],
              [
                120.40245344291809,
                31.24728913411439
              ],
              [
                120.39915596296999,
                31.24928718095855
              ],
              [
                120.39162076890781,
                31.248783302278255
              ],
              [
                120.39041774713002,
                31.254921534187506
              ],
              [
                120.38233290957297,
                31.265672087087474
              ],
              [
                120.37514638729999,
                31.267207780395616
              ],
              [
                120.37064907475873,
                31.26183800567084
              ],
              [
                120.36077726029077,
                31.259535213716088
              ],
              [
                120.35807839690173,
                31.26490423105945
              ],
              [
                120.34909813276943,
                31.26567747181659
              ],
              [
                120.3481969287764,
                31.267975617675816
              ],
              [
                120.34370535235585,
                31.26874344870371
              ],
              [
                120.34100751779621,
                31.26567747185305
              ],
              [
                120.33562051479873,
                31.265672087087474
              ],
              [
                120.33023538970315,
                31.262609330734207
              ],
              [
                120.32821526236127,
                31.26664067167379
              ],
              [
                120.32304410082111,
                31.26939911418007
              ],
              [
                120.32933230780988,
                31.27104690430971
              ],
              [
                120.33064721353476,
                31.278091250077598
              ],
              [
                120.32852198583173,
                31.281030229646344
              ],
              [
                120.32933833768651,
                31.2887009183425
              ],
              [
                120.35358682048115,
                31.299451565191454
              ],
              [
                120.35268850519701,
                31.301754270740087
              ],
              [
                120.34640029820821,
                31.300986708479158
              ],
              [
                120.3419147516642,
                31.303293320782842
              ],
              [
                120.34460563038229,
                31.311721817427397
              ],
              [
                120.34550198292405,
                31.309429549483497
              ],
              [
                120.35196251466417,
                31.31032657018869
              ],
              [
                120.36154444501862,
                31.314801872551254
              ],
              [
                120.36885207264942,
                31.31326440632442
              ],
              [
                120.37079322107654,
                31.303407539210635
              ],
              [
                120.36706154974293,
                31.300219139956976
              ],
              [
                120.36795986502705,
                31.296381203597715
              ],
              [
                120.37245144144765,
                31.294845985291754
              ],
              [
                120.38143459428885,
                31.300986708479158
              ]
            ],
            [
              [
                120.53472532941632,
                31.350804895540175
              ],
              [
                120.52785998560033,
                31.354700962831696
              ],
              [
                120.52704791247632,
                31.35331399054476
              ],
              [
                120.52247298260444,
                31.35240494169744
              ],
              [
                120.51169031048619,
                31.35546808722686
              ],
              [
                120.5080984507605,
                31.353020706335133
              ],
              [
                120.50851387914044,
                31.360970591992274
              ],
              [
                120.50091663473846,
                31.366209720996263
              ],
              [
                120.50287376065748,
                31.37173531002162
              ],
              [
                120.501554968272,
                31.375846276113258
              ],
              [
                120.49552063537202,
                31.378841869382434
              ],
              [
                120.49552063537202,
                31.380012762861256
              ],
              [
                120.49102905895147,
                31.37924583878144
              ],
              [
                120.4926525582639,
                31.37896862785443
              ],
              [
                120.48545431996713,
                31.37563477458675
              ],
              [
                120.48342567141496,
                31.37324280643363
              ],
              [
                120.48308344530528,
                31.369986772185335
              ],
              [
                120.48563305958497,
                31.366204622088173
              ],
              [
                120.48653137486906,
                31.36007325143801
              ],
              [
                120.47809155811824,
                31.351674943897763
              ],
              [
                120.47579777277859,
                31.347412669311872
              ],
              [
                120.47787576483454,
                31.34248621186581
              ],
              [
                120.48473637990129,
                31.34088633337788
              ],
              [
                120.4857785019953,
                31.331627483329793
              ],
              [
                120.48904917266961,
                31.326855323372722
              ],
              [
                120.49911100779961,
                31.325540211249557
              ],
              [
                120.50177140012224,
                31.321317940855423
              ],
              [
                120.50859153288894,
                31.316821717642412
              ],
              [
                120.52174416125983,
                31.314163937260645
              ],
              [
                120.52520230234325,
                31.315945785296954
              ],
              [
                120.52692151021753,
                31.31902174205791
              ],
              [
                120.5252025589841,
                31.323634105900165
              ],
              [
                120.52067942025712,
                31.325550854443467
              ],
              [
                120.525025702783,
                31.330860138017393
              ],
              [
                120.5242728321256,
                31.33628555148021
              ],
              [
                120.52786402871546,
                31.339351822043632
              ],
              [
                120.53508464310076,
                31.342036241492515
              ],
              [
                120.53670385245744,
                31.3478527812488
              ],
              [
                120.53472532941632,
                31.350804895540175
              ]
            ]
          ],
          [
            [
              [
                120.68330343728556,
                31.43442508674479
              ],
              [
                120.68955077981214,
                31.432143646195716
              ],
              [
                120.68474049039293,
                31.42959523216415
              ],
              [
                120.68236519602131,
                31.426130959729285
              ],
              [
                120.67395811910987,
                31.430574583783056
              ],
              [
                120.66620501141604,
                31.428321679032216
              ],
              [
                120.66530222407062,
                31.433681884605356
              ],
              [
                120.65812105221539,
                31.43521799444384
              ],
              [
                120.65722341639017,
                31.437510268762555
              ],
              [
                120.66365730354264,
                31.438193099142655
              ],
              [
                120.66800268155593,
                31.441343793733967
              ],
              [
                120.66890553936494,
                31.44434362005254
              ],
              [
                120.66749050842797,
                31.447717256207767
              ],
              [
                120.66170896293416,
                31.45119695058037
              ],
              [
                120.66690637527923,
                31.45361997257847
              ],
              [
                120.66800312685268,
                31.45820085161426
              ],
              [
                120.67633628028548,
                31.4550732529453
              ],
              [
                120.68595900354406,
                31.459733338267974
              ],
              [
                120.6884708260692,
                31.45645214968403
              ],
              [
                120.6949406715168,
                31.45436936413023
              ],
              [
                120.6953891212196,
                31.44901050897475
              ],
              [
                120.69359742960386,
                31.447482688348618
              ],
              [
                120.68057358390065,
                31.449010280222822
              ],
              [
                120.68525276879154,
                31.448089069543716
              ],
              [
                120.6801565168236,
                31.44301053549471
              ],
              [
                120.68015652791519,
                31.438149260288746
              ],
              [
                120.68330343728556,
                31.43442508674479
              ]
            ]
          ],
          [
            [
              [
                120.72098757774458,
                31.492611494453808
              ],
              [
                120.72278872819368,
                31.487132824163606
              ],
              [
                120.7200994564019,
                31.48655425050363
              ],
              [
                120.71650081469137,
                31.481961995606248
              ],
              [
                120.71291073662275,
                31.480431078034904
              ],
              [
                120.70123703294159,
                31.480431078034904
              ],
              [
                120.69944418803563,
                31.48195304692673
              ],
              [
                120.71178040178307,
                31.486850097748675
              ],
              [
                120.7148116119365,
                31.48974785743884
              ],
              [
                120.71657812849416,
                31.495971105497134
              ],
              [
                120.71475299087388,
                31.499959360275962
              ],
              [
                120.70360449244609,
                31.504896200780294
              ],
              [
                120.69046145470247,
                31.504174140750223
              ],
              [
                120.69315549308799,
                31.509528064665876
              ],
              [
                120.69746012237958,
                31.51213985599755
              ],
              [
                120.69943820486715,
                31.511830478308017
              ],
              [
                120.7012348354354,
                31.51565961365675
              ],
              [
                120.69764903751573,
                31.51565961365675
              ],
              [
                120.69943820486715,
                31.51719122386148
              ],
              [
                120.69944362769495,
                31.52101485048064
              ],
              [
                120.70842135770832,
                31.52102013953626
              ],
              [
                120.7075256501261,
                31.523310744818097
              ],
              [
                120.70931678428852,
                31.523312033095394
              ],
              [
                120.70929763809562,
                31.514221680031774
              ],
              [
                120.71074989965543,
                31.511029360796567
              ],
              [
                120.71574582563524,
                31.5085269477997
              ],
              [
                120.72317534640109,
                31.509012541528808
              ],
              [
                120.7245848750141,
                31.505701884420006
              ],
              [
                120.72458344307796,
                31.497281263136713
              ],
              [
                120.72098757774458,
                31.492611494453808
              ]
            ]
          ],
          [
            [
              [
                120.74143028971721,
                31.54780397335972
              ],
              [
                120.74345565378898,
                31.548583699346125
              ],
              [
                120.74526730464218,
                31.55639667828993
              ],
              [
                120.74346161069049,
                31.561591727856005
              ],
              [
                120.74615005326967,
                31.56177153329835
              ],
              [
                120.74794180738185,
                31.561591704605576
              ],
              [
                120.75112974393087,
                31.55672650185194
              ],
              [
                120.75692591098954,
                31.555467985483723
              ],
              [
                120.76321859003966,
                31.549349237630853
              ],
              [
                120.77041141625061,
                31.555468065066524
              ],
              [
                120.77643904649601,
                31.553874581786545
              ],
              [
                120.7820787389449,
                31.554702497493594
              ],
              [
                120.78836531033322,
                31.550112215259908
              ],
              [
                120.78836531033322,
                31.544758467984686
              ],
              [
                120.78580564614093,
                31.538592991991816
              ],
              [
                120.78778806453768,
                31.535634637915262
              ],
              [
                120.79285775012455,
                31.533267412841216
              ],
              [
                120.7928629944156,
                31.530208896879678
              ],
              [
                120.79735457083618,
                31.527146078205863
              ],
              [
                120.79735457083618,
                31.529437388078545
              ],
              [
                120.79914606481682,
                31.528928703571115
              ],
              [
                120.79915120140443,
                31.527146078205856
              ],
              [
                120.81172397342559,
                31.52147555034482
              ],
              [
                120.8117276153821,
                31.518722808958277
              ],
              [
                120.81441437133687,
                31.52024971452347
              ],
              [
                120.81620970490113,
                31.51948668085561
              ],
              [
                120.81131034416511,
                31.51349217439493
              ],
              [
                120.80902659874263,
                31.505706760850973
              ],
              [
                120.80633772367737,
                31.505703535402755
              ],
              [
                120.80760336554263,
                31.504624452743315
              ],
              [
                120.80633358451766,
                31.503410654830287
              ],
              [
                120.79914886288395,
                31.501203533202446
              ],
              [
                120.79466202247067,
                31.50142930504436
              ],
              [
                120.79107241479676,
                31.504175310358246
              ],
              [
                120.79645625555207,
                31.5102987802301
              ],
              [
                120.79555794026794,
                31.511830478308017
              ],
              [
                120.7928629944156,
                31.50800118605946
              ],
              [
                120.78673004947368,
                31.510695875609986
              ],
              [
                120.78747310271085,
                31.512596317923606
              ],
              [
                120.78208321100618,
                31.51412797834415
              ],
              [
                120.77759163458553,
                31.512596317923606
              ],
              [
                120.77848994986968,
                31.51106463240416
              ],
              [
                120.78298152629027,
                31.51183047830796
              ],
              [
                120.783877101672,
                31.510303451941375
              ],
              [
                120.77759163458553,
                31.50953292178578
              ],
              [
                120.77489668873322,
                31.505703535402755
              ],
              [
                120.77676803534854,
                31.505703535402755
              ],
              [
                120.77578929594803,
                31.503411103962506
              ],
              [
                120.76861002815184,
                31.50341128466012
              ],
              [
                120.76411690532376,
                31.50493763930106
              ],
              [
                120.7648644548212,
                31.50366291300924
              ],
              [
                120.7541919853187,
                31.50072526777589
              ],
              [
                120.75242859937393,
                31.497207136356778
              ],
              [
                120.75422929558015,
                31.490382479231357
              ],
              [
                120.7533393194131,
                31.488857799060685
              ],
              [
                120.73897003429813,
                31.491155700707424
              ],
              [
                120.74076070793662,
                31.50034213091708
              ],
              [
                120.73807186974598,
                31.499578743900567
              ],
              [
                120.73807188702276,
                31.50416949460747
              ],
              [
                120.74615059964134,
                31.50570353540275
              ],
              [
                120.74525228435724,
                31.50800118605946
              ],
              [
                120.74974386077784,
                31.507235308777485
              ],
              [
                120.74884554549374,
                31.51412797834415
              ],
              [
                120.74615059964138,
                31.514893799140104
              ],
              [
                120.74615059964134,
                31.51106463240416
              ],
              [
                120.74435396907312,
                31.5102987802301
              ],
              [
                120.73986239265251,
                31.51412797834415
              ],
              [
                120.73908815410645,
                31.509308650037866
              ],
              [
                120.73470441752859,
                31.514462136273018
              ],
              [
                120.73023519733265,
                31.51556273653034
              ],
              [
                120.72645611130896,
                31.514713409380594
              ],
              [
                120.7245970837719,
                31.519485018084595
              ],
              [
                120.72819457223854,
                31.524155653999937
              ],
              [
                120.72908260924306,
                31.529443201632322
              ],
              [
                120.72729149464227,
                31.528679850923808
              ],
              [
                120.7263944335051,
                31.530974585856843
              ],
              [
                120.7299809245272,
                31.530974585856843
              ],
              [
                120.7299809245272,
                31.53327161511292
              ],
              [
                120.72639409828342,
                31.53327161511292
              ],
              [
                120.72459698978042,
                31.537860243544813
              ],
              [
                120.73177755509546,
                31.537099871630854
              ],
              [
                120.73177755509546,
                31.53862469594391
              ],
              [
                120.7348262763496,
                31.54006185857715
              ],
              [
                120.73716744680016,
                31.539396750203572
              ],
              [
                120.73604558296589,
                31.541309011734253
              ],
              [
                120.73717347667679,
                31.546283092532057
              ],
              [
                120.73896961579281,
                31.547047883975335
              ],
              [
                120.74076070793662,
                31.545521483441828
              ],
              [
                120.74143028971721,
                31.54780397335972
              ]
            ]
          ],
          [
            [
              [
                120.5961319471934,
                31.53786550410397
              ],
              [
                120.59972520832986,
                31.53786550410397
              ],
              [
                120.59811682685302,
                31.539236306667192
              ],
              [
                120.60870293834331,
                31.540157073711285
              ],
              [
                120.61049885012099,
                31.5363322900037
              ],
              [
                120.60493750450705,
                31.531500795631217
              ],
              [
                120.60510902921793,
                31.525617847931084
              ],
              [
                120.59882123513147,
                31.51796229822652
              ],
              [
                120.59433531662516,
                31.52102013953626
              ],
              [
                120.5853581207137,
                31.520259634766024
              ],
              [
                120.58621092003978,
                31.525223645844207
              ],
              [
                120.58356164087748,
                31.5302063430462
              ],
              [
                120.5914077986368,
                31.535865275118077
              ],
              [
                120.59446251557182,
                31.54016236383003
              ],
              [
                120.5961319471934,
                31.53786550410397
              ]
            ]
          ],
          [
            [
              [
                120.69086750265015,
                31.615650408985942
              ],
              [
                120.6931544699396,
                31.61821661949678
              ],
              [
                120.69583891385402,
                31.617453025296335
              ],
              [
                120.68865308129482,
                31.60981220705504
              ],
              [
                120.68142484790425,
                31.607890342429315
              ],
              [
                120.67966928544806,
                31.6006307896429
              ],
              [
                120.67787863804828,
                31.60139110294594
              ],
              [
                120.67338237381851,
                31.59680449598012
              ],
              [
                120.67159043105941,
                31.5968003424366
              ],
              [
                120.67068771334124,
                31.594509661260712
              ],
              [
                120.66350559350236,
                31.59297453583108
              ],
              [
                120.66620053935473,
                31.59220935565072
              ],
              [
                120.66619443172301,
                31.587620704254586
              ],
              [
                120.66440390878651,
                31.587618142615103
              ],
              [
                120.6654694891632,
                31.5870129986009
              ],
              [
                120.6643984763936,
                31.58532554796112
              ],
              [
                120.65932741053365,
                31.582959180290388
              ],
              [
                120.65735600023733,
                31.58001363783258
              ],
              [
                120.65864545371767,
                31.57534149979828
              ],
              [
                120.6626012483416,
                31.573073853468976
              ],
              [
                120.66081064765001,
                31.553176834812355
              ],
              [
                120.66260727821826,
                31.550880295344726
              ],
              [
                120.66312651298752,
                31.563710037330917
              ],
              [
                120.66710255790521,
                31.56034937437179
              ],
              [
                120.67356288103554,
                31.5594301206381
              ],
              [
                120.67766841281792,
                31.561407044202294
              ],
              [
                120.67968089413436,
                31.565420007570122
              ],
              [
                120.68686727689578,
                31.568480364361573
              ],
              [
                120.68779957862336,
                31.55663096078805
              ],
              [
                120.6904489443642,
                31.55240877350359
              ],
              [
                120.68479879167906,
                31.5505011117209
              ],
              [
                120.68071230419926,
                31.5432740778388
              ],
              [
                120.68225850729877,
                31.53802224419049
              ],
              [
                120.68775414924389,
                31.5355633211908
              ],
              [
                120.68265659550426,
                31.530688914220136
              ],
              [
                120.68326242209123,
                31.524851451974147
              ],
              [
                120.67679056878443,
                31.522005472188965
              ],
              [
                120.6742789665045,
                31.51872805499949
              ],
              [
                120.6692474915994,
                31.518422724765767
              ],
              [
                120.66709885463887,
                31.520254368947196
              ],
              [
                120.66784389574534,
                31.517713863065723
              ],
              [
                120.66529579979009,
                31.51413322352999
              ],
              [
                120.65722334344328,
                31.512601583319285
              ],
              [
                120.65899249897413,
                31.517817274146662
              ],
              [
                120.65797986257274,
                31.52631222513458
              ],
              [
                120.65510558846735,
                31.530143011182044
              ],
              [
                120.65093513645438,
                31.53174553500853
              ],
              [
                120.65546533875897,
                31.53442120479022
              ],
              [
                120.65812602447264,
                31.539470055785188
              ],
              [
                120.65643095529273,
                31.54383329999084
              ],
              [
                120.65003697190234,
                31.54858625367258
              ],
              [
                120.65618037979178,
                31.55389334053834
              ],
              [
                120.65404153866864,
                31.562491551987968
              ],
              [
                120.6502641415759,
                31.565757536096207
              ],
              [
                120.64554333093513,
                31.566194842233987
              ],
              [
                120.64217938527547,
                31.568819056217546
              ],
              [
                120.63656224264052,
                31.57001895186602
              ],
              [
                120.6410477113994,
                31.57537380185367
              ],
              [
                120.64015550377702,
                31.579197775987247
              ],
              [
                120.64460158002221,
                31.58418522517292
              ],
              [
                120.64553928781999,
                31.589148572101152
              ],
              [
                120.64375201714785,
                31.59067617472035
              ],
              [
                120.65913362564058,
                31.597599443457916
              ],
              [
                120.66170896293416,
                31.598330621077594
              ],
              [
                120.66081064765001,
                31.5968003424366
              ],
              [
                120.66440390878651,
                31.5968003424366
              ],
              [
                120.66530837955129,
                31.604446222378428
              ],
              [
                120.66799716992296,
                31.603686398336695
              ],
              [
                120.67375667938747,
                31.606715853542198
              ],
              [
                120.67534864700625,
                31.610729459732564
              ],
              [
                120.67339320324602,
                31.61592896275147
              ],
              [
                120.67428602033,
                31.61745026727217
              ],
              [
                120.68088994176176,
                31.614635575788064
              ],
              [
                120.6862177484108,
                31.6143292320386
              ],
              [
                120.69086750265015,
                31.615650408985942
              ]
            ]
          ],
          [
            [
              [
                120.52786612721867,
                31.56772221559371
              ],
              [
                120.53294151438247,
                31.57035511350122
              ],
              [
                120.53505246480299,
                31.57689916346484
              ],
              [
                120.54518224263178,
                31.57623506349349
              ],
              [
                120.55367582599965,
                31.577929917527495
              ],
              [
                120.56379259696506,
                31.584557208229437
              ],
              [
                120.56650646629434,
                31.58915881257987
              ],
              [
                120.57097316230835,
                31.588378090907575
              ],
              [
                120.57097270344713,
                31.5837943725075
              ],
              [
                120.56828417338572,
                31.58149617331329
              ],
              [
                120.56648169604492,
                31.57614188448805
              ],
              [
                120.55512317186742,
                31.57301059451269
              ],
              [
                120.55315145614622,
                31.570064769569747
              ],
              [
                120.55300670589389,
                31.565426645403456
              ],
              [
                120.54757738781042,
                31.562742927990882
              ],
              [
                120.5449225531708,
                31.557775035270453
              ],
              [
                120.53684856126932,
                31.560071405290874
              ],
              [
                120.53473247157055,
                31.563826342075096
              ],
              [
                120.52786612721867,
                31.56772221559371
              ]
            ]
          ],
          [
            [
              [
                120.58236980595674,
                31.616152797913184
              ],
              [
                120.58625452218321,
                31.618981567241693
              ],
              [
                120.59299118865877,
                31.620250932821055
              ],
              [
                120.59703555483111,
                31.624336210271572
              ],
              [
                120.60510914310487,
                31.62586606506775
              ],
              [
                120.60151491992654,
                31.619755096373495
              ],
              [
                120.5961319471934,
                31.6166920035491
              ],
              [
                120.59702415481578,
                31.613634580677626
              ],
              [
                120.58804168680854,
                31.60216150126378
              ],
              [
                120.58625590189588,
                31.60216150126378
              ],
              [
                120.58180605680941,
                31.6109503920868
              ],
              [
                120.5773371199115,
                31.6128695101432
              ],
              [
                120.57187523701599,
                31.611342408661915
              ],
              [
                120.56631100481253,
                31.611972555662472
              ],
              [
                120.56252453531602,
                31.60983755789215
              ],
              [
                120.5609326381436,
                31.602313776876247
              ],
              [
                120.56287745939261,
                31.59679006539163
              ],
              [
                120.5584086621901,
                31.597570754996493
              ],
              [
                120.55792191429829,
                31.6007544136413
              ],
              [
                120.55252661704193,
                31.606258441211253
              ],
              [
                120.54673063644347,
                31.60828077629046
              ],
              [
                120.54643846534287,
                31.613344473986604
              ],
              [
                120.54223913780797,
                31.618989477947615
              ],
              [
                120.54223898707596,
                31.62127651190662
              ],
              [
                120.54705489232646,
                31.623070706088992
              ],
              [
                120.54942497524699,
                31.627395842589063
              ],
              [
                120.55121171092614,
                31.627395801253336
              ],
              [
                120.5564294409134,
                31.62294108305616
              ],
              [
                120.56308750700103,
                31.62412481471367
              ],
              [
                120.56570420925108,
                31.62864041708414
              ],
              [
                120.56469686917893,
                31.635809320234813
              ],
              [
                120.57636298106615,
                31.63045670595471
              ],
              [
                120.57371335099806,
                31.620911576682357
              ],
              [
                120.57800465514144,
                31.616109671036913
              ],
              [
                120.58236980595674,
                31.616152797913184
              ]
            ]
          ],
          [
            [
              [
                120.7093147904194,
                31.679395070758076
              ],
              [
                120.71232489968595,
                31.674882857881677
              ],
              [
                120.71739866377699,
                31.672516175500757
              ],
              [
                120.720666224576,
                31.6666627132445
              ],
              [
                120.72817887113118,
                31.66486810135783
              ],
              [
                120.73205887244248,
                31.655808397367878
              ],
              [
                120.7353651313036,
                31.6526354867194
              ],
              [
                120.73805980515455,
                31.64423255899886
              ],
              [
                120.72818971678679,
                31.64346782328357
              ],
              [
                120.72526047923947,
                31.647752398266157
              ],
              [
                120.71943536403751,
                31.648555541128978
              ],
              [
                120.71585268134795,
                31.64617619323744
              ],
              [
                120.71290690425229,
                31.636583372327046
              ],
              [
                120.71081912713288,
                31.635820717678428
              ],
              [
                120.70842709900688,
                31.637347625097004
              ],
              [
                120.70303146600365,
                31.647286258987958
              ],
              [
                120.69764645687201,
                31.64729058086748
              ],
              [
                120.68992841254489,
                31.667195117554133
              ],
              [
                120.678782983209,
                31.67175837596339
              ],
              [
                120.67849099428402,
                31.676052498219534
              ],
              [
                120.67585419355365,
                31.67910026532002
              ],
              [
                120.66874056263636,
                31.68025299305142
              ],
              [
                120.66081064765001,
                31.67634147855925
              ],
              [
                120.65721225910866,
                31.670995194315804
              ],
              [
                120.65253370134566,
                31.67123512739411
              ],
              [
                120.6509291795247,
                31.67328346231487
              ],
              [
                120.65003348891085,
                31.670996585279955
              ],
              [
                120.64734187531793,
                31.670995158234618
              ],
              [
                120.64751393590286,
                31.676865623311535
              ],
              [
                120.64105381906111,
                31.680930871985684
              ],
              [
                120.64285029889733,
                31.69009603008672
              ],
              [
                120.64945257362649,
                31.687085489376905
              ],
              [
                120.65721449780467,
                31.690095896603804
              ],
              [
                120.66357781288382,
                31.68780575007484
              ],
              [
                120.66956095917068,
                31.68959726262125
              ],
              [
                120.6743352582764,
                31.692019399285748
              ],
              [
                120.67788367748317,
                31.696975138278074
              ],
              [
                120.68748644046826,
                31.693042338297822
              ],
              [
                120.68416684503713,
                31.69163004906657
              ],
              [
                120.68326852975298,
                31.689336924023465
              ],
              [
                120.68761055425047,
                31.69303151269714
              ],
              [
                120.68955673674182,
                31.69239441149254
              ],
              [
                120.69404235623271,
                31.694682185495363
              ],
              [
                120.69223672211439,
                31.68917990195816
              ],
              [
                120.6936760454944,
                31.685487724244613
              ],
              [
                120.69746295286254,
                31.68335123931143
              ],
              [
                120.70302857729476,
                31.683216238556877
              ],
              [
                120.7093147904194,
                31.679395070758076
              ]
            ]
          ]
        ]
      }
    }
  ]
}