{
"type": "FeatureCollection",
"name": "facilities",
"crs": { "type": "name", "properties": { "name": "urn:ogc:def:crs:OGC:1.3:CRS84" } },
"features": [
{ "type": "Feature", "properties": { "facility_id": "F000001", "osm_id": "12050343320", "osm_object_type": "node", "name": "百家湖派出所秣陵杏花村警务室", "facility_type": "police", "source_layer": "gis_osm_pois_free", "verification_status": "unverified", "operational_status": null, "landing_capable": null, "assembly_capable": null, "source_date": "2026-09-20", "processed_at": "2026-09-21T10:36:24+00:00", "longitude": 118.8215196, "latitude": 31.8828688 }, "geometry": { "type": "Point", "coordinates": [ 118.8215196, 31.8828688 ] } },
{ "type": "Feature", "properties": { "facility_id": "F000002", "osm_id": "6293111287", "osm_object_type": "node", "name": "南京南站站前派出所", "facility_type": "police", "source_layer": "gis_osm_pois_free", "verification_status": "unverified", "operational_status": null, "landing_capable": null, "assembly_capable": null, "source_date": "2026-09-20", "processed_at": "2026-09-21T10:36:24+00:00", "longitude": 118.7884239, "latitude": 31.9780339 }, "geometry": { "type": "Point", "coordinates": [ 118.7884239, 31.9780339 ] } },
{ "type": "Feature", "properties": { "facility_id": "F000003", "osm_id": "1574334139", "osm_object_type": "node", "name": "南京同仁医院", "facility_type": "hospital", "source_layer": "gis_osm_pois_free", "verification_status": "unverified", "operational_status": null, "landing_capable": null, "assembly_capable": null, "source_date": "2026-09-20", "processed_at": "2026-09-21T10:36:24+00:00", "longitude": 118.8223394, "latitude": 31.8986387 }, "geometry": { "type": "Point", "coordinates": [ 118.8223394, 31.8986387 ] } },
{ "type": "Feature", "properties": { "facility_id": "F000004", "osm_id": "11586907866", "osm_object_type": "node", "name": "时花卫生所", "facility_type": "clinic", "source_layer": "gis_osm_pois_free", "verification_status": "unverified", "operational_status": null, "landing_capable": null, "assembly_capable": null, "source_date": "2026-09-20", "processed_at": "2026-09-21T10:36:24+00:00", "longitude": 118.8527266, "latitude": 31.9620877 }, "geometry": { "type": "Point", "coordinates": [ 118.8527266, 31.9620877 ] } },
{ "type": "Feature", "properties": { "facility_id": "F000005", "osm_id": "1502919154", "osm_object_type": "node", "name": "", "facility_type": "police", "source_layer": "gis_osm_pois_free", "verification_status": "unverified", "operational_status": null, "landing_capable": null, "assembly_capable": null, "source_date": "2026-09-20", "processed_at": "2026-09-21T10:36:24+00:00", "longitude": 118.8393524, "latitude": 31.9793416 }, "geometry": { "type": "Point", "coordinates": [ 118.8393524, 31.9793416 ] } },
{ "type": "Feature", "properties": { "facility_id": "F000006", "osm_id": "11786152838", "osm_object_type": "node", "name": "梁亭", "facility_type": "shelter", "source_layer": "gis_osm_pois_free", "verification_status": "unverified", "operational_status": null, "landing_capable": null, "assembly_capable": null, "source_date": "2026-09-20", "processed_at": "2026-09-21T10:36:24+00:00", "longitude": 118.8390087, "latitude": 31.979783 }, "geometry": { "type": "Point", "coordinates": [ 118.8390087, 31.979783 ] } },
{ "type": "Feature", "properties": { "facility_id": "F000007", "osm_id": "11786706394", "osm_object_type": "node", "name": "普天职工医院", "facility_type": "hospital", "source_layer": "gis_osm_pois_free", "verification_status": "unverified", "operational_status": null, "landing_capable": null, "assembly_capable": null, "source_date": "2026-09-20", "processed_at": "2026-09-21T10:36:24+00:00", "longitude": 118.784931, "latitude": 32.0017811 }, "geometry": { "type": "Point", "coordinates": [ 118.784931, 32.0017811 ] } },
{ "type": "Feature", "properties": { "facility_id": "F000008", "osm_id": "8772679529", "osm_object_type": "node", "name": "崇文亭", "facility_type": "shelter", "source_layer": "gis_osm_pois_free", "verification_status": "unverified", "operational_status": null, "landing_capable": null, "assembly_capable": null, "source_date": "2026-09-20", "processed_at": "2026-09-21T10:36:24+00:00", "longitude": 118.7821354, "latitude": 32.012638 }, "geometry": { "type": "Point", "coordinates": [ 118.7821354, 32.012638 ] } },
{ "type": "Feature", "properties": { "facility_id": "F000009", "osm_id": "1507211942", "osm_object_type": "node", "name": "南京南方医院", "facility_type": "hospital", "source_layer": "gis_osm_pois_free", "verification_status": "unverified", "operational_status": null, "landing_capable": null, "assembly_capable": null, "source_date": "2026-09-20", "processed_at": "2026-09-21T10:36:24+00:00", "longitude": 118.8229651, "latitude": 32.0213223 }, "geometry": { "type": "Point", "coordinates": [ 118.8229651, 32.0213223 ] } },
{ "type": "Feature", "properties": { "facility_id": "F000010", "osm_id": "7236704116", "osm_object_type": "node", "name": "大光路派出所", "facility_type": "police", "source_layer": "gis_osm_pois_free", "verification_status": "unverified", "operational_status": null, "landing_capable": null, "assembly_capable": null, "source_date": "2026-09-20", "processed_at": "2026-09-21T10:36:24+00:00", "longitude": 118.8022653, "latitude": 32.0276114 }, "geometry": { "type": "Point", "coordinates": [ 118.8022653, 32.0276114 ] } },
{ "type": "Feature", "properties": { "facility_id": "F000011", "osm_id": "2153973734", "osm_object_type": "node", "name": "八一医院", "facility_type": "hospital", "source_layer": "gis_osm_pois_free", "verification_status": "unverified", "operational_status": null, "landing_capable": null, "assembly_capable": null, "source_date": "2026-09-20", "processed_at": "2026-09-21T10:36:24+00:00", "longitude": 118.7890299, "latitude": 32.0366292 }, "geometry": { "type": "Point", "coordinates": [ 118.7890299, 32.0366292 ] } },
{ "type": "Feature", "properties": { "facility_id": "F000012", "osm_id": "4697397790", "osm_object_type": "node", "name": "秦淮区妇幼保健所", "facility_type": "clinic", "source_layer": "gis_osm_pois_free", "verification_status": "unverified", "operational_status": null, "landing_capable": null, "assembly_capable": null, "source_date": "2026-09-20", "processed_at": "2026-09-21T10:36:24+00:00", "longitude": 118.7892745, "latitude": 32.0382182 }, "geometry": { "type": "Point", "coordinates": [ 118.7892745, 32.0382182 ] } },
{ "type": "Feature", "properties": { "facility_id": "F000013", "osm_id": "4405637928", "osm_object_type": "node", "name": "Traffic Police", "facility_type": "police", "source_layer": "gis_osm_pois_free", "verification_status": "unverified", "operational_status": null, "landing_capable": null, "assembly_capable": null, "source_date": "2026-09-20", "processed_at": "2026-09-21T10:36:24+00:00", "longitude": 118.7860961, "latitude": 32.0372226 }, "geometry": { "type": "Point", "coordinates": [ 118.7860961, 32.0372226 ] } },
{ "type": "Feature", "properties": { "facility_id": "F000014", "osm_id": "3245676480", "osm_object_type": "node", "name": "Wulaocun Police Station", "facility_type": "police", "source_layer": "gis_osm_pois_free", "verification_status": "unverified", "operational_status": null, "landing_capable": null, "assembly_capable": null, "source_date": "2026-09-20", "processed_at": "2026-09-21T10:36:24+00:00", "longitude": 118.7942474, "latitude": 32.0381502 }, "geometry": { "type": "Point", "coordinates": [ 118.7942474, 32.0381502 ] } },
{ "type": "Feature", "properties": { "facility_id": "F000015", "osm_id": "4389147724", "osm_object_type": "node", "name": "", "facility_type": "fire_station", "source_layer": "gis_osm_pois_free", "verification_status": "unverified", "operational_status": null, "landing_capable": null, "assembly_capable": null, "source_date": "2026-09-20", "processed_at": "2026-09-21T10:36:24+00:00", "longitude": 118.7961713, "latitude": 32.042108 }, "geometry": { "type": "Point", "coordinates": [ 118.7961713, 32.042108 ] } },
{ "type": "Feature", "properties": { "facility_id": "F000016", "osm_id": "4449221089", "osm_object_type": "node", "name": "总统府集合点", "facility_type": "tourist_info", "source_layer": "gis_osm_pois_free", "verification_status": "unverified", "operational_status": null, "landing_capable": null, "assembly_capable": null, "source_date": "2026-09-20", "processed_at": "2026-09-21T10:36:24+00:00", "longitude": 118.7911923, "latitude": 32.0434642 }, "geometry": { "type": "Point", "coordinates": [ 118.7911923, 32.0434642 ] } },
{ "type": "Feature", "properties": { "facility_id": "F000017", "osm_id": "6261105297", "osm_object_type": "node", "name": "问讯处", "facility_type": "tourist_info", "source_layer": "gis_osm_pois_free", "verification_status": "unverified", "operational_status": null, "landing_capable": null, "assembly_capable": null, "source_date": "2026-09-20", "processed_at": "2026-09-21T10:36:24+00:00", "longitude": 118.8197579, "latitude": 32.0425829 }, "geometry": { "type": "Point", "coordinates": [ 118.8197579, 32.0425829 ] } },
{ "type": "Feature", "properties": { "facility_id": "F000018", "osm_id": "7985390769", "osm_object_type": "node", "name": "", "facility_type": "tourist_info", "source_layer": "gis_osm_pois_free", "verification_status": "unverified", "operational_status": null, "landing_capable": null, "assembly_capable": null, "source_date": "2026-09-20", "processed_at": "2026-09-21T10:36:24+00:00", "longitude": 118.8384272, "latitude": 32.0468108 }, "geometry": { "type": "Point", "coordinates": [ 118.8384272, 32.0468108 ] } },
{ "type": "Feature", "properties": { "facility_id": "F000019", "osm_id": "7985410287", "osm_object_type": "node", "name": "", "facility_type": "tourist_info", "source_layer": "gis_osm_pois_free", "verification_status": "unverified", "operational_status": null, "landing_capable": null, "assembly_capable": null, "source_date": "2026-09-20", "processed_at": "2026-09-21T10:36:24+00:00", "longitude": 118.8374943, "latitude": 32.0468913 }, "geometry": { "type": "Point", "coordinates": [ 118.8374943, 32.0468913 ] } },
{ "type": "Feature", "properties": { "facility_id": "F000020", "osm_id": "7985380940", "osm_object_type": "node", "name": "", "facility_type": "tourist_info", "source_layer": "gis_osm_pois_free", "verification_status": "unverified", "operational_status": null, "landing_capable": null, "assembly_capable": null, "source_date": "2026-09-20", "processed_at": "2026-09-21T10:36:24+00:00", "longitude": 118.8322649, "latitude": 32.0447889 }, "geometry": { "type": "Point", "coordinates": [ 118.8322649, 32.0447889 ] } },
{ "type": "Feature", "properties": { "facility_id": "F000021", "osm_id": "7985395404", "osm_object_type": "node", "name": "", "facility_type": "tourist_info", "source_layer": "gis_osm_pois_free", "verification_status": "unverified", "operational_status": null, "landing_capable": null, "assembly_capable": null, "source_date": "2026-09-20", "processed_at": "2026-09-21T10:36:24+00:00", "longitude": 118.8312565, "latitude": 32.0448439 }, "geometry": { "type": "Point", "coordinates": [ 118.8312565, 32.0448439 ] } },
{ "type": "Feature", "properties": { "facility_id": "F000022", "osm_id": "7985362878", "osm_object_type": "node", "name": "", "facility_type": "tourist_info", "source_layer": "gis_osm_pois_free", "verification_status": "unverified", "operational_status": null, "landing_capable": null, "assembly_capable": null, "source_date": "2026-09-20", "processed_at": "2026-09-21T10:36:24+00:00", "longitude": 118.8304897, "latitude": 32.0512767 }, "geometry": { "type": "Point", "coordinates": [ 118.8304897, 32.0512767 ] } },
{ "type": "Feature", "properties": { "facility_id": "F000023", "osm_id": "7985392043", "osm_object_type": "node", "name": "", "facility_type": "tourist_info", "source_layer": "gis_osm_pois_free", "verification_status": "unverified", "operational_status": null, "landing_capable": null, "assembly_capable": null, "source_date": "2026-09-20", "processed_at": "2026-09-21T10:36:24+00:00", "longitude": 118.8309403, "latitude": 32.0515132 }, "geometry": { "type": "Point", "coordinates": [ 118.8309403, 32.0515132 ] } },
{ "type": "Feature", "properties": { "facility_id": "F000024", "osm_id": "7985412191", "osm_object_type": "node", "name": "", "facility_type": "tourist_info", "source_layer": "gis_osm_pois_free", "verification_status": "unverified", "operational_status": null, "landing_capable": null, "assembly_capable": null, "source_date": "2026-09-20", "processed_at": "2026-09-21T10:36:24+00:00", "longitude": 118.8316789, "latitude": 32.0516049 }, "geometry": { "type": "Point", "coordinates": [ 118.8316789, 32.0516049 ] } },
{ "type": "Feature", "properties": { "facility_id": "F000025", "osm_id": "7985410152", "osm_object_type": "node", "name": "", "facility_type": "tourist_info", "source_layer": "gis_osm_pois_free", "verification_status": "unverified", "operational_status": null, "landing_capable": null, "assembly_capable": null, "source_date": "2026-09-20", "processed_at": "2026-09-21T10:36:24+00:00", "longitude": 118.8322814, "latitude": 32.0518578 }, "geometry": { "type": "Point", "coordinates": [ 118.8322814, 32.0518578 ] } },
{ "type": "Feature", "properties": { "facility_id": "F000026", "osm_id": "7985414137", "osm_object_type": "node", "name": "", "facility_type": "tourist_info", "source_layer": "gis_osm_pois_free", "verification_status": "unverified", "operational_status": null, "landing_capable": null, "assembly_capable": null, "source_date": "2026-09-20", "processed_at": "2026-09-21T10:36:24+00:00", "longitude": 118.832815, "latitude": 32.0522669 }, "geometry": { "type": "Point", "coordinates": [ 118.832815, 32.0522669 ] } },
{ "type": "Feature", "properties": { "facility_id": "F000027", "osm_id": "7985402405", "osm_object_type": "node", "name": "", "facility_type": "shelter", "source_layer": "gis_osm_pois_free", "verification_status": "unverified", "operational_status": null, "landing_capable": null, "assembly_capable": null, "source_date": "2026-09-20", "processed_at": "2026-09-21T10:36:24+00:00", "longitude": 118.832703, "latitude": 32.0532748 }, "geometry": { "type": "Point", "coordinates": [ 118.832703, 32.0532748 ] } },
{ "type": "Feature", "properties": { "facility_id": "F000028", "osm_id": "7985392018", "osm_object_type": "node", "name": "", "facility_type": "tourist_info", "source_layer": "gis_osm_pois_free", "verification_status": "unverified", "operational_status": null, "landing_capable": null, "assembly_capable": null, "source_date": "2026-09-20", "processed_at": "2026-09-21T10:36:24+00:00", "longitude": 118.8345247, "latitude": 32.0553542 }, "geometry": { "type": "Point", "coordinates": [ 118.8345247, 32.0553542 ] } },
{ "type": "Feature", "properties": { "facility_id": "F000029", "osm_id": "7403767595", "osm_object_type": "node", "name": "熊猫医院", "facility_type": "hospital", "source_layer": "gis_osm_pois_free", "verification_status": "unverified", "operational_status": null, "landing_capable": null, "assembly_capable": null, "source_date": "2026-09-20", "processed_at": "2026-09-21T10:36:24+00:00", "longitude": 118.8181199, "latitude": 32.046007 }, "geometry": { "type": "Point", "coordinates": [ 118.8181199, 32.046007 ] } },
{ "type": "Feature", "properties": { "facility_id": "F000030", "osm_id": "7992465414", "osm_object_type": "node", "name": "梅园新村派出所", "facility_type": "police", "source_layer": "gis_osm_pois_free", "verification_status": "unverified", "operational_status": null, "landing_capable": null, "assembly_capable": null, "source_date": "2026-09-20", "processed_at": "2026-09-21T10:36:24+00:00", "longitude": 118.793455, "latitude": 32.0525012 }, "geometry": { "type": "Point", "coordinates": [ 118.793455, 32.0525012 ] } },
{ "type": "Feature", "properties": { "facility_id": "F000031", "osm_id": "6418701653", "osm_object_type": "node", "name": "", "facility_type": "police", "source_layer": "gis_osm_pois_free", "verification_status": "unverified", "operational_status": null, "landing_capable": null, "assembly_capable": null, "source_date": "2026-09-20", "processed_at": "2026-09-21T10:36:24+00:00", "longitude": 118.8044443, "latitude": 32.0630611 }, "geometry": { "type": "Point", "coordinates": [ 118.8044443, 32.0630611 ] } },
{ "type": "Feature", "properties": { "facility_id": "F000032", "osm_id": "430701525", "osm_object_type": "node", "name": "南京欢迎您/马鞍山欢迎您", "facility_type": "tourist_info", "source_layer": "gis_osm_pois_free", "verification_status": "unverified", "operational_status": null, "landing_capable": null, "assembly_capable": null, "source_date": "2026-09-20", "processed_at": "2026-09-21T10:36:24+00:00", "longitude": 118.8781187, "latitude": 31.5670164 }, "geometry": { "type": "Point", "coordinates": [ 118.8781187, 31.5670164 ] } },
{ "type": "Feature", "properties": { "facility_id": "F000033", "osm_id": "13482244374", "osm_object_type": "node", "name": "", "facility_type": "tourist_info", "source_layer": "gis_osm_pois_free", "verification_status": "unverified", "operational_status": null, "landing_capable": null, "assembly_capable": null, "source_date": "2026-09-20", "processed_at": "2026-09-21T10:36:24+00:00", "longitude": 118.8713188, "latitude": 31.7329944 }, "geometry": { "type": "Point", "coordinates": [ 118.8713188, 31.7329944 ] } },
{ "type": "Feature", "properties": { "facility_id": "F000034", "osm_id": "13482244373", "osm_object_type": "node", "name": "", "facility_type": "tourist_info", "source_layer": "gis_osm_pois_free", "verification_status": "unverified", "operational_status": null, "landing_capable": null, "assembly_capable": null, "source_date": "2026-09-20", "processed_at": "2026-09-21T10:36:24+00:00", "longitude": 118.8713416, "latitude": 31.7330049 }, "geometry": { "type": "Point", "coordinates": [ 118.8713416, 31.7330049 ] } },
{ "type": "Feature", "properties": { "facility_id": "F000035", "osm_id": "13482244372", "osm_object_type": "node", "name": "", "facility_type": "tourist_info", "source_layer": "gis_osm_pois_free", "verification_status": "unverified", "operational_status": null, "landing_capable": null, "assembly_capable": null, "source_date": "2026-09-20", "processed_at": "2026-09-21T10:36:24+00:00", "longitude": 118.8713724, "latitude": 31.7330189 }, "geometry": { "type": "Point", "coordinates": [ 118.8713724, 31.7330189 ] } },
{ "type": "Feature", "properties": { "facility_id": "F000036", "osm_id": "13482244371", "osm_object_type": "node", "name": "", "facility_type": "tourist_info", "source_layer": "gis_osm_pois_free", "verification_status": "unverified", "operational_status": null, "landing_capable": null, "assembly_capable": null, "source_date": "2026-09-20", "processed_at": "2026-09-21T10:36:24+00:00", "longitude": 118.8713905, "latitude": 31.7330278 }, "geometry": { "type": "Point", "coordinates": [ 118.8713905, 31.7330278 ] } },
{ "type": "Feature", "properties": { "facility_id": "F000037", "osm_id": "13482244370", "osm_object_type": "node", "name": "", "facility_type": "tourist_info", "source_layer": "gis_osm_pois_free", "verification_status": "unverified", "operational_status": null, "landing_capable": null, "assembly_capable": null, "source_date": "2026-09-20", "processed_at": "2026-09-21T10:36:24+00:00", "longitude": 118.8714284, "latitude": 31.7330445 }, "geometry": { "type": "Point", "coordinates": [ 118.8714284, 31.7330445 ] } },
{ "type": "Feature", "properties": { "facility_id": "F000038", "osm_id": "13482244369", "osm_object_type": "node", "name": "", "facility_type": "tourist_info", "source_layer": "gis_osm_pois_free", "verification_status": "unverified", "operational_status": null, "landing_capable": null, "assembly_capable": null, "source_date": "2026-09-20", "processed_at": "2026-09-21T10:36:24+00:00", "longitude": 118.8714466, "latitude": 31.7330536 }, "geometry": { "type": "Point", "coordinates": [ 118.8714466, 31.7330536 ] } },
{ "type": "Feature", "properties": { "facility_id": "F000039", "osm_id": "13482057920", "osm_object_type": "node", "name": "", "facility_type": "tourist_info", "source_layer": "gis_osm_pois_free", "verification_status": "unverified", "operational_status": null, "landing_capable": null, "assembly_capable": null, "source_date": "2026-09-20", "processed_at": "2026-09-21T10:36:24+00:00", "longitude": 118.8698886, "latitude": 31.7325711 }, "geometry": { "type": "Point", "coordinates": [ 118.8698886, 31.7325711 ] } },
{ "type": "Feature", "properties": { "facility_id": "F000040", "osm_id": "13482057919", "osm_object_type": "node", "name": "", "facility_type": "tourist_info", "source_layer": "gis_osm_pois_free", "verification_status": "unverified", "operational_status": null, "landing_capable": null, "assembly_capable": null, "source_date": "2026-09-20", "processed_at": "2026-09-21T10:36:24+00:00", "longitude": 118.8699091, "latitude": 31.7325736 }, "geometry": { "type": "Point", "coordinates": [ 118.8699091, 31.7325736 ] } },
{ "type": "Feature", "properties": { "facility_id": "F000041", "osm_id": "11074517808", "osm_object_type": "node", "name": "", "facility_type": "shelter", "source_layer": "gis_osm_pois_free", "verification_status": "unverified", "operational_status": null, "landing_capable": null, "assembly_capable": null, "source_date": "2026-09-20", "processed_at": "2026-09-21T10:36:24+00:00", "longitude": 118.8950387, "latitude": 31.6292881 }, "geometry": { "type": "Point", "coordinates": [ 118.8950387, 31.6292881 ] } },
{ "type": "Feature", "properties": { "facility_id": "F000042", "osm_id": "13482057918", "osm_object_type": "node", "name": "", "facility_type": "tourist_info", "source_layer": "gis_osm_pois_free", "verification_status": "unverified", "operational_status": null, "landing_capable": null, "assembly_capable": null, "source_date": "2026-09-20", "processed_at": "2026-09-21T10:36:24+00:00", "longitude": 118.869929, "latitude": 31.7325763 }, "geometry": { "type": "Point", "coordinates": [ 118.869929, 31.7325763 ] } },
{ "type": "Feature", "properties": { "facility_id": "F000043", "osm_id": "13482057917", "osm_object_type": "node", "name": "", "facility_type": "tourist_info", "source_layer": "gis_osm_pois_free", "verification_status": "unverified", "operational_status": null, "landing_capable": null, "assembly_capable": null, "source_date": "2026-09-20", "processed_at": "2026-09-21T10:36:24+00:00", "longitude": 118.86995, "latitude": 31.7325801 }, "geometry": { "type": "Point", "coordinates": [ 118.86995, 31.7325801 ] } },
{ "type": "Feature", "properties": { "facility_id": "F000044", "osm_id": "13482057916", "osm_object_type": "node", "name": "", "facility_type": "tourist_info", "source_layer": "gis_osm_pois_free", "verification_status": "unverified", "operational_status": null, "landing_capable": null, "assembly_capable": null, "source_date": "2026-09-20", "processed_at": "2026-09-21T10:36:24+00:00", "longitude": 118.8699673, "latitude": 31.7325833 }, "geometry": { "type": "Point", "coordinates": [ 118.8699673, 31.7325833 ] } },
{ "type": "Feature", "properties": { "facility_id": "F000045", "osm_id": "13482057915", "osm_object_type": "node", "name": "", "facility_type": "tourist_info", "source_layer": "gis_osm_pois_free", "verification_status": "unverified", "operational_status": null, "landing_capable": null, "assembly_capable": null, "source_date": "2026-09-20", "processed_at": "2026-09-21T10:36:24+00:00", "longitude": 118.8699874, "latitude": 31.732587 }, "geometry": { "type": "Point", "coordinates": [ 118.8699874, 31.732587 ] } },
{ "type": "Feature", "properties": { "facility_id": "F000046", "osm_id": "13482057914", "osm_object_type": "node", "name": "", "facility_type": "tourist_info", "source_layer": "gis_osm_pois_free", "verification_status": "unverified", "operational_status": null, "landing_capable": null, "assembly_capable": null, "source_date": "2026-09-20", "processed_at": "2026-09-21T10:36:24+00:00", "longitude": 118.87001, "latitude": 31.7325911 }, "geometry": { "type": "Point", "coordinates": [ 118.87001, 31.7325911 ] } },
{ "type": "Feature", "properties": { "facility_id": "F000047", "osm_id": "13482057913", "osm_object_type": "node", "name": "", "facility_type": "tourist_info", "source_layer": "gis_osm_pois_free", "verification_status": "unverified", "operational_status": null, "landing_capable": null, "assembly_capable": null, "source_date": "2026-09-20", "processed_at": "2026-09-21T10:36:24+00:00", "longitude": 118.8700314, "latitude": 31.7325951 }, "geometry": { "type": "Point", "coordinates": [ 118.8700314, 31.7325951 ] } },
{ "type": "Feature", "properties": { "facility_id": "F000048", "osm_id": "13482057912", "osm_object_type": "node", "name": "", "facility_type": "tourist_info", "source_layer": "gis_osm_pois_free", "verification_status": "unverified", "operational_status": null, "landing_capable": null, "assembly_capable": null, "source_date": "2026-09-20", "processed_at": "2026-09-21T10:36:24+00:00", "longitude": 118.8700539, "latitude": 31.7325992 }, "geometry": { "type": "Point", "coordinates": [ 118.8700539, 31.7325992 ] } },
{ "type": "Feature", "properties": { "facility_id": "F000049", "osm_id": "13482033784", "osm_object_type": "node", "name": "", "facility_type": "tourist_info", "source_layer": "gis_osm_pois_free", "verification_status": "unverified", "operational_status": null, "landing_capable": null, "assembly_capable": null, "source_date": "2026-09-20", "processed_at": "2026-09-21T10:36:24+00:00", "longitude": 118.8700732, "latitude": 31.7326027 }, "geometry": { "type": "Point", "coordinates": [ 118.8700732, 31.7326027 ] } },
{ "type": "Feature", "properties": { "facility_id": "F000050", "osm_id": "13482057911", "osm_object_type": "node", "name": "", "facility_type": "tourist_info", "source_layer": "gis_osm_pois_free", "verification_status": "unverified", "operational_status": null, "landing_capable": null, "assembly_capable": null, "source_date": "2026-09-20", "processed_at": "2026-09-21T10:36:24+00:00", "longitude": 118.8700888, "latitude": 31.7326062 }, "geometry": { "type": "Point", "coordinates": [ 118.8700888, 31.7326062 ] } },
{ "type": "Feature", "properties": { "facility_id": "F000051", "osm_id": "13482057910", "osm_object_type": "node", "name": "", "facility_type": "tourist_info", "source_layer": "gis_osm_pois_free", "verification_status": "unverified", "operational_status": null, "landing_capable": null, "assembly_capable": null, "source_date": "2026-09-20", "processed_at": "2026-09-21T10:36:24+00:00", "longitude": 118.8701079, "latitude": 31.7326104 }, "geometry": { "type": "Point", "coordinates": [ 118.8701079, 31.7326104 ] } },
{ "type": "Feature", "properties": { "facility_id": "F000052", "osm_id": "13482057909", "osm_object_type": "node", "name": "", "facility_type": "tourist_info", "source_layer": "gis_osm_pois_free", "verification_status": "unverified", "operational_status": null, "landing_capable": null, "assembly_capable": null, "source_date": "2026-09-20", "processed_at": "2026-09-21T10:36:24+00:00", "longitude": 118.870125, "latitude": 31.7326142 }, "geometry": { "type": "Point", "coordinates": [ 118.870125, 31.7326142 ] } },
{ "type": "Feature", "properties": { "facility_id": "F000053", "osm_id": "13482057908", "osm_object_type": "node", "name": "", "facility_type": "tourist_info", "source_layer": "gis_osm_pois_free", "verification_status": "unverified", "operational_status": null, "landing_capable": null, "assembly_capable": null, "source_date": "2026-09-20", "processed_at": "2026-09-21T10:36:24+00:00", "longitude": 118.870138, "latitude": 31.7326171 }, "geometry": { "type": "Point", "coordinates": [ 118.870138, 31.7326171 ] } },
{ "type": "Feature", "properties": { "facility_id": "F000054", "osm_id": "13482057907", "osm_object_type": "node", "name": "", "facility_type": "tourist_info", "source_layer": "gis_osm_pois_free", "verification_status": "unverified", "operational_status": null, "landing_capable": null, "assembly_capable": null, "source_date": "2026-09-20", "processed_at": "2026-09-21T10:36:24+00:00", "longitude": 118.8701531, "latitude": 31.7326204 }, "geometry": { "type": "Point", "coordinates": [ 118.8701531, 31.7326204 ] } },
{ "type": "Feature", "properties": { "facility_id": "F000055", "osm_id": "13482057906", "osm_object_type": "node", "name": "", "facility_type": "tourist_info", "source_layer": "gis_osm_pois_free", "verification_status": "unverified", "operational_status": null, "landing_capable": null, "assembly_capable": null, "source_date": "2026-09-20", "processed_at": "2026-09-21T10:36:24+00:00", "longitude": 118.8701687, "latitude": 31.7326239 }, "geometry": { "type": "Point", "coordinates": [ 118.8701687, 31.7326239 ] } },
{ "type": "Feature", "properties": { "facility_id": "F000056", "osm_id": "13482057905", "osm_object_type": "node", "name": "", "facility_type": "tourist_info", "source_layer": "gis_osm_pois_free", "verification_status": "unverified", "operational_status": null, "landing_capable": null, "assembly_capable": null, "source_date": "2026-09-20", "processed_at": "2026-09-21T10:36:24+00:00", "longitude": 118.8701906, "latitude": 31.7326288 }, "geometry": { "type": "Point", "coordinates": [ 118.8701906, 31.7326288 ] } },
{ "type": "Feature", "properties": { "facility_id": "F000057", "osm_id": "13482057904", "osm_object_type": "node", "name": "", "facility_type": "tourist_info", "source_layer": "gis_osm_pois_free", "verification_status": "unverified", "operational_status": null, "landing_capable": null, "assembly_capable": null, "source_date": "2026-09-20", "processed_at": "2026-09-21T10:36:24+00:00", "longitude": 118.8702098, "latitude": 31.7326333 }, "geometry": { "type": "Point", "coordinates": [ 118.8702098, 31.7326333 ] } },
{ "type": "Feature", "properties": { "facility_id": "F000058", "osm_id": "13482057903", "osm_object_type": "node", "name": "", "facility_type": "tourist_info", "source_layer": "gis_osm_pois_free", "verification_status": "unverified", "operational_status": null, "landing_capable": null, "assembly_capable": null, "source_date": "2026-09-20", "processed_at": "2026-09-21T10:36:24+00:00", "longitude": 118.8702298, "latitude": 31.732638 }, "geometry": { "type": "Point", "coordinates": [ 118.8702298, 31.732638 ] } },
{ "type": "Feature", "properties": { "facility_id": "F000059", "osm_id": "13482057902", "osm_object_type": "node", "name": "", "facility_type": "tourist_info", "source_layer": "gis_osm_pois_free", "verification_status": "unverified", "operational_status": null, "landing_capable": null, "assembly_capable": null, "source_date": "2026-09-20", "processed_at": "2026-09-21T10:36:24+00:00", "longitude": 118.870249, "latitude": 31.7326423 }, "geometry": { "type": "Point", "coordinates": [ 118.870249, 31.7326423 ] } },
{ "type": "Feature", "properties": { "facility_id": "F000060", "osm_id": "13482057901", "osm_object_type": "node", "name": "", "facility_type": "tourist_info", "source_layer": "gis_osm_pois_free", "verification_status": "unverified", "operational_status": null, "landing_capable": null, "assembly_capable": null, "source_date": "2026-09-20", "processed_at": "2026-09-21T10:36:24+00:00", "longitude": 118.8702695, "latitude": 31.732647 }, "geometry": { "type": "Point", "coordinates": [ 118.8702695, 31.732647 ] } },
{ "type": "Feature", "properties": { "facility_id": "F000061", "osm_id": "13482033800", "osm_object_type": "node", "name": "", "facility_type": "tourist_info", "source_layer": "gis_osm_pois_free", "verification_status": "unverified", "operational_status": null, "landing_capable": null, "assembly_capable": null, "source_date": "2026-09-20", "processed_at": "2026-09-21T10:36:24+00:00", "longitude": 118.8702896, "latitude": 31.7326518 }, "geometry": { "type": "Point", "coordinates": [ 118.8702896, 31.7326518 ] } },
{ "type": "Feature", "properties": { "facility_id": "F000062", "osm_id": "13482033799", "osm_object_type": "node", "name": "", "facility_type": "tourist_info", "source_layer": "gis_osm_pois_free", "verification_status": "unverified", "operational_status": null, "landing_capable": null, "assembly_capable": null, "source_date": "2026-09-20", "processed_at": "2026-09-21T10:36:24+00:00", "longitude": 118.8703125, "latitude": 31.7326573 }, "geometry": { "type": "Point", "coordinates": [ 118.8703125, 31.7326573 ] } },
{ "type": "Feature", "properties": { "facility_id": "F000063", "osm_id": "13482033798", "osm_object_type": "node", "name": "", "facility_type": "tourist_info", "source_layer": "gis_osm_pois_free", "verification_status": "unverified", "operational_status": null, "landing_capable": null, "assembly_capable": null, "source_date": "2026-09-20", "processed_at": "2026-09-21T10:36:24+00:00", "longitude": 118.8703326, "latitude": 31.7326625 }, "geometry": { "type": "Point", "coordinates": [ 118.8703326, 31.7326625 ] } },
{ "type": "Feature", "properties": { "facility_id": "F000064", "osm_id": "13482239099", "osm_object_type": "node", "name": "", "facility_type": "tourist_info", "source_layer": "gis_osm_pois_free", "verification_status": "unverified", "operational_status": null, "landing_capable": null, "assembly_capable": null, "source_date": "2026-09-20", "processed_at": "2026-09-21T10:36:24+00:00", "longitude": 118.8705243, "latitude": 31.7327953 }, "geometry": { "type": "Point", "coordinates": [ 118.8705243, 31.7327953 ] } },
{ "type": "Feature", "properties": { "facility_id": "F000065", "osm_id": "13482244390", "osm_object_type": "node", "name": "", "facility_type": "tourist_info", "source_layer": "gis_osm_pois_free", "verification_status": "unverified", "operational_status": null, "landing_capable": null, "assembly_capable": null, "source_date": "2026-09-20", "processed_at": "2026-09-21T10:36:24+00:00", "longitude": 118.8709217, "latitude": 31.732835 }, "geometry": { "type": "Point", "coordinates": [ 118.8709217, 31.732835 ] } },
{ "type": "Feature", "properties": { "facility_id": "F000066", "osm_id": "13482244389", "osm_object_type": "node", "name": "", "facility_type": "tourist_info", "source_layer": "gis_osm_pois_free", "verification_status": "unverified", "operational_status": null, "landing_capable": null, "assembly_capable": null, "source_date": "2026-09-20", "processed_at": "2026-09-21T10:36:24+00:00", "longitude": 118.8709465, "latitude": 31.7328442 }, "geometry": { "type": "Point", "coordinates": [ 118.8709465, 31.7328442 ] } },
{ "type": "Feature", "properties": { "facility_id": "F000067", "osm_id": "13482244388", "osm_object_type": "node", "name": "", "facility_type": "tourist_info", "source_layer": "gis_osm_pois_free", "verification_status": "unverified", "operational_status": null, "landing_capable": null, "assembly_capable": null, "source_date": "2026-09-20", "processed_at": "2026-09-21T10:36:24+00:00", "longitude": 118.8709864, "latitude": 31.7328586 }, "geometry": { "type": "Point", "coordinates": [ 118.8709864, 31.7328586 ] } },
{ "type": "Feature", "properties": { "facility_id": "F000068", "osm_id": "13482244387", "osm_object_type": "node", "name": "", "facility_type": "tourist_info", "source_layer": "gis_osm_pois_free", "verification_status": "unverified", "operational_status": null, "landing_capable": null, "assembly_capable": null, "source_date": "2026-09-20", "processed_at": "2026-09-21T10:36:24+00:00", "longitude": 118.8710069, "latitude": 31.7328661 }, "geometry": { "type": "Point", "coordinates": [ 118.8710069, 31.7328661 ] } },
{ "type": "Feature", "properties": { "facility_id": "F000069", "osm_id": "13482244386", "osm_object_type": "node", "name": "", "facility_type": "tourist_info", "source_layer": "gis_osm_pois_free", "verification_status": "unverified", "operational_status": null, "landing_capable": null, "assembly_capable": null, "source_date": "2026-09-20", "processed_at": "2026-09-21T10:36:24+00:00", "longitude": 118.8710396, "latitude": 31.7328813 }, "geometry": { "type": "Point", "coordinates": [ 118.8710396, 31.7328813 ] } },
{ "type": "Feature", "properties": { "facility_id": "F000070", "osm_id": "13482244385", "osm_object_type": "node", "name": "", "facility_type": "tourist_info", "source_layer": "gis_osm_pois_free", "verification_status": "unverified", "operational_status": null, "landing_capable": null, "assembly_capable": null, "source_date": "2026-09-20", "processed_at": "2026-09-21T10:36:24+00:00", "longitude": 118.8710563, "latitude": 31.7328867 }, "geometry": { "type": "Point", "coordinates": [ 118.8710563, 31.7328867 ] } },
{ "type": "Feature", "properties": { "facility_id": "F000071", "osm_id": "13482244384", "osm_object_type": "node", "name": "", "facility_type": "tourist_info", "source_layer": "gis_osm_pois_free", "verification_status": "unverified", "operational_status": null, "landing_capable": null, "assembly_capable": null, "source_date": "2026-09-20", "processed_at": "2026-09-21T10:36:24+00:00", "longitude": 118.8710808, "latitude": 31.7328949 }, "geometry": { "type": "Point", "coordinates": [ 118.8710808, 31.7328949 ] } },
{ "type": "Feature", "properties": { "facility_id": "F000072", "osm_id": "13482244383", "osm_object_type": "node", "name": "", "facility_type": "tourist_info", "source_layer": "gis_osm_pois_free", "verification_status": "unverified", "operational_status": null, "landing_capable": null, "assembly_capable": null, "source_date": "2026-09-20", "processed_at": "2026-09-21T10:36:24+00:00", "longitude": 118.8710964, "latitude": 31.7329008 }, "geometry": { "type": "Point", "coordinates": [ 118.8710964, 31.7329008 ] } },
{ "type": "Feature", "properties": { "facility_id": "F000073", "osm_id": "13482244382", "osm_object_type": "node", "name": "", "facility_type": "tourist_info", "source_layer": "gis_osm_pois_free", "verification_status": "unverified", "operational_status": null, "landing_capable": null, "assembly_capable": null, "source_date": "2026-09-20", "processed_at": "2026-09-21T10:36:24+00:00", "longitude": 118.871123, "latitude": 31.7329111 }, "geometry": { "type": "Point", "coordinates": [ 118.871123, 31.7329111 ] } },
{ "type": "Feature", "properties": { "facility_id": "F000074", "osm_id": "13482244381", "osm_object_type": "node", "name": "", "facility_type": "tourist_info", "source_layer": "gis_osm_pois_free", "verification_status": "unverified", "operational_status": null, "landing_capable": null, "assembly_capable": null, "source_date": "2026-09-20", "processed_at": "2026-09-21T10:36:24+00:00", "longitude": 118.8711403, "latitude": 31.7329171 }, "geometry": { "type": "Point", "coordinates": [ 118.8711403, 31.7329171 ] } },
{ "type": "Feature", "properties": { "facility_id": "F000075", "osm_id": "13482244380", "osm_object_type": "node", "name": "", "facility_type": "tourist_info", "source_layer": "gis_osm_pois_free", "verification_status": "unverified", "operational_status": null, "landing_capable": null, "assembly_capable": null, "source_date": "2026-09-20", "processed_at": "2026-09-21T10:36:24+00:00", "longitude": 118.8711729, "latitude": 31.7329314 }, "geometry": { "type": "Point", "coordinates": [ 118.8711729, 31.7329314 ] } },
{ "type": "Feature", "properties": { "facility_id": "F000076", "osm_id": "13482244379", "osm_object_type": "node", "name": "", "facility_type": "tourist_info", "source_layer": "gis_osm_pois_free", "verification_status": "unverified", "operational_status": null, "landing_capable": null, "assembly_capable": null, "source_date": "2026-09-20", "processed_at": "2026-09-21T10:36:24+00:00", "longitude": 118.8711919, "latitude": 31.7329392 }, "geometry": { "type": "Point", "coordinates": [ 118.8711919, 31.7329392 ] } },
{ "type": "Feature", "properties": { "facility_id": "F000077", "osm_id": "13482244378", "osm_object_type": "node", "name": "", "facility_type": "tourist_info", "source_layer": "gis_osm_pois_free", "verification_status": "unverified", "operational_status": null, "landing_capable": null, "assembly_capable": null, "source_date": "2026-09-20", "processed_at": "2026-09-21T10:36:24+00:00", "longitude": 118.8712211, "latitude": 31.7329514 }, "geometry": { "type": "Point", "coordinates": [ 118.8712211, 31.7329514 ] } },
{ "type": "Feature", "properties": { "facility_id": "F000078", "osm_id": "13482244377", "osm_object_type": "node", "name": "", "facility_type": "tourist_info", "source_layer": "gis_osm_pois_free", "verification_status": "unverified", "operational_status": null, "landing_capable": null, "assembly_capable": null, "source_date": "2026-09-20", "processed_at": "2026-09-21T10:36:24+00:00", "longitude": 118.8712365, "latitude": 31.7329579 }, "geometry": { "type": "Point", "coordinates": [ 118.8712365, 31.7329579 ] } },
{ "type": "Feature", "properties": { "facility_id": "F000079", "osm_id": "13482244368", "osm_object_type": "node", "name": "", "facility_type": "tourist_info", "source_layer": "gis_osm_pois_free", "verification_status": "unverified", "operational_status": null, "landing_capable": null, "assembly_capable": null, "source_date": "2026-09-20", "processed_at": "2026-09-21T10:36:24+00:00", "longitude": 118.871474, "latitude": 31.7330674 }, "geometry": { "type": "Point", "coordinates": [ 118.871474, 31.7330674 ] } },
{ "type": "Feature", "properties": { "facility_id": "F000080", "osm_id": "13479580353", "osm_object_type": "node", "name": "中国东方航空自助值机", "facility_type": "tourist_info", "source_layer": "gis_osm_pois_free", "verification_status": "unverified", "operational_status": null, "landing_capable": null, "assembly_capable": null, "source_date": "2026-09-20", "processed_at": "2026-09-21T10:36:24+00:00", "longitude": 118.8713325, "latitude": 31.733069 }, "geometry": { "type": "Point", "coordinates": [ 118.8713325, 31.733069 ] } },
{ "type": "Feature", "properties": { "facility_id": "F000081", "osm_id": "13482244367", "osm_object_type": "node", "name": "", "facility_type": "tourist_info", "source_layer": "gis_osm_pois_free", "verification_status": "unverified", "operational_status": null, "landing_capable": null, "assembly_capable": null, "source_date": "2026-09-20", "processed_at": "2026-09-21T10:36:24+00:00", "longitude": 118.8714907, "latitude": 31.733076 }, "geometry": { "type": "Point", "coordinates": [ 118.8714907, 31.733076 ] } },
{ "type": "Feature", "properties": { "facility_id": "F000082", "osm_id": "13482244366", "osm_object_type": "node", "name": "", "facility_type": "tourist_info", "source_layer": "gis_osm_pois_free", "verification_status": "unverified", "operational_status": null, "landing_capable": null, "assembly_capable": null, "source_date": "2026-09-20", "processed_at": "2026-09-21T10:36:24+00:00", "longitude": 118.8715121, "latitude": 31.7330868 }, "geometry": { "type": "Point", "coordinates": [ 118.8715121, 31.7330868 ] } },
{ "type": "Feature", "properties": { "facility_id": "F000083", "osm_id": "13482244365", "osm_object_type": "node", "name": "", "facility_type": "tourist_info", "source_layer": "gis_osm_pois_free", "verification_status": "unverified", "operational_status": null, "landing_capable": null, "assembly_capable": null, "source_date": "2026-09-20", "processed_at": "2026-09-21T10:36:24+00:00", "longitude": 118.8715222, "latitude": 31.733091 }, "geometry": { "type": "Point", "coordinates": [ 118.8715222, 31.733091 ] } },
{ "type": "Feature", "properties": { "facility_id": "F000084", "osm_id": "13479580354", "osm_object_type": "node", "name": "中国东方航空自助值机", "facility_type": "tourist_info", "source_layer": "gis_osm_pois_free", "verification_status": "unverified", "operational_status": null, "landing_capable": null, "assembly_capable": null, "source_date": "2026-09-20", "processed_at": "2026-09-21T10:36:24+00:00", "longitude": 118.8713992, "latitude": 31.7330994 }, "geometry": { "type": "Point", "coordinates": [ 118.8713992, 31.7330994 ] } },
{ "type": "Feature", "properties": { "facility_id": "F000085", "osm_id": "13482244364", "osm_object_type": "node", "name": "", "facility_type": "tourist_info", "source_layer": "gis_osm_pois_free", "verification_status": "unverified", "operational_status": null, "landing_capable": null, "assembly_capable": null, "source_date": "2026-09-20", "processed_at": "2026-09-21T10:36:24+00:00", "longitude": 118.8715416, "latitude": 31.7331019 }, "geometry": { "type": "Point", "coordinates": [ 118.8715416, 31.7331019 ] } },
{ "type": "Feature", "properties": { "facility_id": "F000086", "osm_id": "13482244363", "osm_object_type": "node", "name": "", "facility_type": "tourist_info", "source_layer": "gis_osm_pois_free", "verification_status": "unverified", "operational_status": null, "landing_capable": null, "assembly_capable": null, "source_date": "2026-09-20", "processed_at": "2026-09-21T10:36:24+00:00", "longitude": 118.8715522, "latitude": 31.7331072 }, "geometry": { "type": "Point", "coordinates": [ 118.8715522, 31.7331072 ] } },
{ "type": "Feature", "properties": { "facility_id": "F000087", "osm_id": "13482244362", "osm_object_type": "node", "name": "", "facility_type": "tourist_info", "source_layer": "gis_osm_pois_free", "verification_status": "unverified", "operational_status": null, "landing_capable": null, "assembly_capable": null, "source_date": "2026-09-20", "processed_at": "2026-09-21T10:36:24+00:00", "longitude": 118.8715737, "latitude": 31.7331186 }, "geometry": { "type": "Point", "coordinates": [ 118.8715737, 31.7331186 ] } },
{ "type": "Feature", "properties": { "facility_id": "F000088", "osm_id": "13482244361", "osm_object_type": "node", "name": "", "facility_type": "tourist_info", "source_layer": "gis_osm_pois_free", "verification_status": "unverified", "operational_status": null, "landing_capable": null, "assembly_capable": null, "source_date": "2026-09-20", "processed_at": "2026-09-21T10:36:24+00:00", "longitude": 118.8715894, "latitude": 31.7331275 }, "geometry": { "type": "Point", "coordinates": [ 118.8715894, 31.7331275 ] } },
{ "type": "Feature", "properties": { "facility_id": "F000089", "osm_id": "13479580355", "osm_object_type": "node", "name": "中国东方航空自助值机", "facility_type": "tourist_info", "source_layer": "gis_osm_pois_free", "verification_status": "unverified", "operational_status": null, "landing_capable": null, "assembly_capable": null, "source_date": "2026-09-20", "processed_at": "2026-09-21T10:36:24+00:00", "longitude": 118.8714562, "latitude": 31.7331318 }, "geometry": { "type": "Point", "coordinates": [ 118.8714562, 31.7331318 ] } },
{ "type": "Feature", "properties": { "facility_id": "F000090", "osm_id": "13482244360", "osm_object_type": "node", "name": "", "facility_type": "tourist_info", "source_layer": "gis_osm_pois_free", "verification_status": "unverified", "operational_status": null, "landing_capable": null, "assembly_capable": null, "source_date": "2026-09-20", "processed_at": "2026-09-21T10:36:24+00:00", "longitude": 118.8716128, "latitude": 31.7331424 }, "geometry": { "type": "Point", "coordinates": [ 118.8716128, 31.7331424 ] } },
{ "type": "Feature", "properties": { "facility_id": "F000091", "osm_id": "13482244359", "osm_object_type": "node", "name": "", "facility_type": "tourist_info", "source_layer": "gis_osm_pois_free", "verification_status": "unverified", "operational_status": null, "landing_capable": null, "assembly_capable": null, "source_date": "2026-09-20", "processed_at": "2026-09-21T10:36:24+00:00", "longitude": 118.871628, "latitude": 31.7331504 }, "geometry": { "type": "Point", "coordinates": [ 118.871628, 31.7331504 ] } },
{ "type": "Feature", "properties": { "facility_id": "F000092", "osm_id": "13479507036", "osm_object_type": "node", "name": "上海航空", "facility_type": "tourist_info", "source_layer": "gis_osm_pois_free", "verification_status": "unverified", "operational_status": null, "landing_capable": null, "assembly_capable": null, "source_date": "2026-09-20", "processed_at": "2026-09-21T10:36:24+00:00", "longitude": 118.8713208, "latitude": 31.7331977 }, "geometry": { "type": "Point", "coordinates": [ 118.8713208, 31.7331977 ] } },
{ "type": "Feature", "properties": { "facility_id": "F000093", "osm_id": "13482033771", "osm_object_type": "node", "name": "深圳航空", "facility_type": "tourist_info", "source_layer": "gis_osm_pois_free", "verification_status": "unverified", "operational_status": null, "landing_capable": null, "assembly_capable": null, "source_date": "2026-09-20", "processed_at": "2026-09-21T10:36:24+00:00", "longitude": 118.8715222, "latitude": 31.733299 }, "geometry": { "type": "Point", "coordinates": [ 118.8715222, 31.733299 ] } },
{ "type": "Feature", "properties": { "facility_id": "F000094", "osm_id": "13482244376", "osm_object_type": "node", "name": "", "facility_type": "tourist_info", "source_layer": "gis_osm_pois_free", "verification_status": "unverified", "operational_status": null, "landing_capable": null, "assembly_capable": null, "source_date": "2026-09-20", "processed_at": "2026-09-21T10:36:24+00:00", "longitude": 118.8712686, "latitude": 31.7329725 }, "geometry": { "type": "Point", "coordinates": [ 118.8712686, 31.7329725 ] } },
{ "type": "Feature", "properties": { "facility_id": "F000095", "osm_id": "13482244375", "osm_object_type": "node", "name": "", "facility_type": "tourist_info", "source_layer": "gis_osm_pois_free", "verification_status": "unverified", "operational_status": null, "landing_capable": null, "assembly_capable": null, "source_date": "2026-09-20", "processed_at": "2026-09-21T10:36:24+00:00", "longitude": 118.8712896, "latitude": 31.7329809 }, "geometry": { "type": "Point", "coordinates": [ 118.8712896, 31.7329809 ] } },
{ "type": "Feature", "properties": { "facility_id": "F000096", "osm_id": "13479507035", "osm_object_type": "node", "name": "中国东方航空", "facility_type": "tourist_info", "source_layer": "gis_osm_pois_free", "verification_status": "unverified", "operational_status": null, "landing_capable": null, "assembly_capable": null, "source_date": "2026-09-20", "processed_at": "2026-09-21T10:36:24+00:00", "longitude": 118.8712637, "latitude": 31.7331769 }, "geometry": { "type": "Point", "coordinates": [ 118.8712637, 31.7331769 ] } },
{ "type": "Feature", "properties": { "facility_id": "F000097", "osm_id": "7143158232", "osm_object_type": "node", "name": "牛马塘驿站", "facility_type": "tourist_info", "source_layer": "gis_osm_pois_free", "verification_status": "unverified", "operational_status": null, "landing_capable": null, "assembly_capable": null, "source_date": "2026-09-20", "processed_at": "2026-09-21T10:36:24+00:00", "longitude": 119.2116433, "latitude": 31.5217441 }, "geometry": { "type": "Point", "coordinates": [ 119.2116433, 31.5217441 ] } },
{ "type": "Feature", "properties": { "facility_id": "F000098", "osm_id": "13330657624", "osm_object_type": "node", "name": "招云亭", "facility_type": "shelter", "source_layer": "gis_osm_pois_free", "verification_status": "unverified", "operational_status": null, "landing_capable": null, "assembly_capable": null, "source_date": "2026-09-20", "processed_at": "2026-09-21T10:36:24+00:00", "longitude": 119.0280219, "latitude": 31.603848 }, "geometry": { "type": "Point", "coordinates": [ 119.0280219, 31.603848 ] } },
{ "type": "Feature", "properties": { "facility_id": "F000099", "osm_id": "12972822559", "osm_object_type": "node", "name": "", "facility_type": "shelter", "source_layer": "gis_osm_pois_free", "verification_status": "unverified", "operational_status": null, "landing_capable": null, "assembly_capable": null, "source_date": "2026-09-20", "processed_at": "2026-09-21T10:36:24+00:00", "longitude": 119.0262414, "latitude": 31.6365775 }, "geometry": { "type": "Point", "coordinates": [ 119.0262414, 31.6365775 ] } },
{ "type": "Feature", "properties": { "facility_id": "F000100", "osm_id": "5752881611", "osm_object_type": "node", "name": "麒麟派出所", "facility_type": "police", "source_layer": "gis_osm_pois_free", "verification_status": "unverified", "operational_status": null, "landing_capable": null, "assembly_capable": null, "source_date": "2026-09-20", "processed_at": "2026-09-21T10:36:24+00:00", "longitude": 118.9210205, "latitude": 32.0526967 }, "geometry": { "type": "Point", "coordinates": [ 118.9210205, 32.0526967 ] } },
{ "type": "Feature", "properties": { "facility_id": "F000101", "osm_id": "13509498140", "osm_object_type": "node", "name": "赤山湖湿地公园游客中心", "facility_type": "tourist_info", "source_layer": "gis_osm_pois_free", "verification_status": "unverified", "operational_status": null, "landing_capable": null, "assembly_capable": null, "source_date": "2026-09-20", "processed_at": "2026-09-21T10:36:24+00:00", "longitude": 119.0998024, "latitude": 31.8565032 }, "geometry": { "type": "Point", "coordinates": [ 119.0998024, 31.8565032 ] } },
{ "type": "Feature", "properties": { "facility_id": "F000102", "osm_id": "13478996835", "osm_object_type": "node", "name": "", "facility_type": "tourist_info", "source_layer": "gis_osm_pois_free", "verification_status": "unverified", "operational_status": null, "landing_capable": null, "assembly_capable": null, "source_date": "2026-09-20", "processed_at": "2026-09-21T10:36:24+00:00", "longitude": 118.872063, "latitude": 31.7337011 }, "geometry": { "type": "Point", "coordinates": [ 118.872063, 31.7337011 ] } },
{ "type": "Feature", "properties": { "facility_id": "F000103", "osm_id": "4080934511", "osm_object_type": "node", "name": "南京市江宁区第三人民医院", "facility_type": "hospital", "source_layer": "gis_osm_pois_free", "verification_status": "unverified", "operational_status": null, "landing_capable": null, "assembly_capable": null, "source_date": "2026-09-20", "processed_at": "2026-09-21T10:36:24+00:00", "longitude": 118.8516662, "latitude": 31.7811861 }, "geometry": { "type": "Point", "coordinates": [ 118.8516662, 31.7811861 ] } },
{ "type": "Feature", "properties": { "facility_id": "F000104", "osm_id": "11462196914", "osm_object_type": "node", "name": "", "facility_type": "tourist_info", "source_layer": "gis_osm_pois_free", "verification_status": "unverified", "operational_status": null, "landing_capable": null, "assembly_capable": null, "source_date": "2026-09-20", "processed_at": "2026-09-21T10:36:24+00:00", "longitude": 118.8461376, "latitude": 31.8537674 }, "geometry": { "type": "Point", "coordinates": [ 118.8461376, 31.8537674 ] } },
{ "type": "Feature", "properties": { "facility_id": "F000105", "osm_id": "13953251525", "osm_object_type": "node", "name": "校园导览", "facility_type": "tourist_info", "source_layer": "gis_osm_pois_free", "verification_status": "unverified", "operational_status": null, "landing_capable": null, "assembly_capable": null, "source_date": "2026-09-20", "processed_at": "2026-09-21T10:36:24+00:00", "longitude": 118.9028128, "latitude": 31.9179773 }, "geometry": { "type": "Point", "coordinates": [ 118.9028128, 31.9179773 ] } },
{ "type": "Feature", "properties": { "facility_id": "F000106", "osm_id": "13987379171", "osm_object_type": "node", "name": "船锚", "facility_type": "tourist_info", "source_layer": "gis_osm_pois_free", "verification_status": "unverified", "operational_status": null, "landing_capable": null, "assembly_capable": null, "source_date": "2026-09-20", "processed_at": "2026-09-21T10:36:24+00:00", "longitude": 118.9004777, "latitude": 31.9185373 }, "geometry": { "type": "Point", "coordinates": [ 118.9004777, 31.9185373 ] } },
{ "type": "Feature", "properties": { "facility_id": "F000107", "osm_id": "11047902080", "osm_object_type": "node", "name": "莱茵东郡东门", "facility_type": "shelter", "source_layer": "gis_osm_pois_free", "verification_status": "unverified", "operational_status": null, "landing_capable": null, "assembly_capable": null, "source_date": "2026-09-20", "processed_at": "2026-09-21T10:36:24+00:00", "longitude": 118.8610991, "latitude": 31.9366297 }, "geometry": { "type": "Point", "coordinates": [ 118.8610991, 31.9366297 ] } },
{ "type": "Feature", "properties": { "facility_id": "F000108", "osm_id": "13953251452", "osm_object_type": "node", "name": "校园警务室", "facility_type": "police", "source_layer": "gis_osm_pois_free", "verification_status": "unverified", "operational_status": null, "landing_capable": null, "assembly_capable": null, "source_date": "2026-09-20", "processed_at": "2026-09-21T10:36:24+00:00", "longitude": 118.8988101, "latitude": 31.9207991 }, "geometry": { "type": "Point", "coordinates": [ 118.8988101, 31.9207991 ] } },
{ "type": "Feature", "properties": { "facility_id": "F000109", "osm_id": "10781185682", "osm_object_type": "node", "name": "", "facility_type": "shelter", "source_layer": "gis_osm_pois_free", "verification_status": "unverified", "operational_status": null, "landing_capable": null, "assembly_capable": null, "source_date": "2026-09-20", "processed_at": "2026-09-21T10:36:24+00:00", "longitude": 119.0305289, "latitude": 32.0509792 }, "geometry": { "type": "Point", "coordinates": [ 119.0305289, 32.0509792 ] } },
{ "type": "Feature", "properties": { "facility_id": "F000110", "osm_id": "8842337693", "osm_object_type": "node", "name": "仙人桥停车场", "facility_type": "tourist_info", "source_layer": "gis_osm_pois_free", "verification_status": "unverified", "operational_status": null, "landing_capable": null, "assembly_capable": null, "source_date": "2026-09-20", "processed_at": "2026-09-21T10:36:24+00:00", "longitude": 119.0924286, "latitude": 32.0681195 }, "geometry": { "type": "Point", "coordinates": [ 119.0924286, 32.0681195 ] } },
{ "type": "Feature", "properties": { "facility_id": "F000111", "osm_id": "8842376074", "osm_object_type": "node", "name": "仙人桥上山点", "facility_type": "tourist_info", "source_layer": "gis_osm_pois_free", "verification_status": "unverified", "operational_status": null, "landing_capable": null, "assembly_capable": null, "source_date": "2026-09-20", "processed_at": "2026-09-21T10:36:24+00:00", "longitude": 119.092809, "latitude": 32.068794 }, "geometry": { "type": "Point", "coordinates": [ 119.092809, 32.068794 ] } },
{ "type": "Feature", "properties": { "facility_id": "F000112", "osm_id": "8842376075", "osm_object_type": "node", "name": "小木亭", "facility_type": "tourist_info", "source_layer": "gis_osm_pois_free", "verification_status": "unverified", "operational_status": null, "landing_capable": null, "assembly_capable": null, "source_date": "2026-09-20", "processed_at": "2026-09-21T10:36:24+00:00", "longitude": 119.0933146, "latitude": 32.0696977 }, "geometry": { "type": "Point", "coordinates": [ 119.0933146, 32.0696977 ] } },
{ "type": "Feature", "properties": { "facility_id": "F000113", "osm_id": "8641988239", "osm_object_type": "node", "name": "1号口游客服务中心", "facility_type": "tourist_info", "source_layer": "gis_osm_pois_free", "verification_status": "unverified", "operational_status": null, "landing_capable": null, "assembly_capable": null, "source_date": "2026-09-20", "processed_at": "2026-09-21T10:36:24+00:00", "longitude": 118.9920697, "latitude": 32.0753474 }, "geometry": { "type": "Point", "coordinates": [ 118.9920697, 32.0753474 ] } },
{ "type": "Feature", "properties": { "facility_id": "F000114", "osm_id": "8641988124", "osm_object_type": "node", "name": "城市展园游客服务中心", "facility_type": "tourist_info", "source_layer": "gis_osm_pois_free", "verification_status": "unverified", "operational_status": null, "landing_capable": null, "assembly_capable": null, "source_date": "2026-09-20", "processed_at": "2026-09-21T10:36:24+00:00", "longitude": 119.0020421, "latitude": 32.0760724 }, "geometry": { "type": "Point", "coordinates": [ 119.0020421, 32.0760724 ] } },
{ "type": "Feature", "properties": { "facility_id": "F000115", "osm_id": "8018689163", "osm_object_type": "node", "name": "", "facility_type": "tourist_info", "source_layer": "gis_osm_pois_free", "verification_status": "unverified", "operational_status": null, "landing_capable": null, "assembly_capable": null, "source_date": "2026-09-20", "processed_at": "2026-09-21T10:36:24+00:00", "longitude": 118.9395155, "latitude": 32.0790461 }, "geometry": { "type": "Point", "coordinates": [ 118.9395155, 32.0790461 ] } },
{ "type": "Feature", "properties": { "facility_id": "F000116", "osm_id": "5577963568", "osm_object_type": "node", "name": "泰康仙林鼓楼医院", "facility_type": "hospital", "source_layer": "gis_osm_pois_free", "verification_status": "unverified", "operational_status": null, "landing_capable": null, "assembly_capable": null, "source_date": "2026-09-20", "processed_at": "2026-09-21T10:36:24+00:00", "longitude": 118.932021, "latitude": 32.0977977 }, "geometry": { "type": "Point", "coordinates": [ 118.932021, 32.0977977 ] } },
{ "type": "Feature", "properties": { "facility_id": "F000117", "osm_id": "11601342612", "osm_object_type": "node", "name": "南京赐康诊所", "facility_type": "clinic", "source_layer": "gis_osm_pois_free", "verification_status": "unverified", "operational_status": null, "landing_capable": null, "assembly_capable": null, "source_date": "2026-09-20", "processed_at": "2026-09-21T10:36:24+00:00", "longitude": 118.8701803, "latitude": 31.9456803 }, "geometry": { "type": "Point", "coordinates": [ 118.8701803, 31.9456803 ] } },
{ "type": "Feature", "properties": { "facility_id": "F000118", "osm_id": "13953242924", "osm_object_type": "node", "name": "医务室", "facility_type": "hospital", "source_layer": "gis_osm_pois_free", "verification_status": "unverified", "operational_status": null, "landing_capable": null, "assembly_capable": null, "source_date": "2026-09-20", "processed_at": "2026-09-21T10:36:24+00:00", "longitude": 118.9005458, "latitude": 31.9238125 }, "geometry": { "type": "Point", "coordinates": [ 118.9005458, 31.9238125 ] } },
{ "type": "Feature", "properties": { "facility_id": "F000119", "osm_id": "5255317820", "osm_object_type": "node", "name": "逸夫医院", "facility_type": "hospital", "source_layer": "gis_osm_pois_free", "verification_status": "unverified", "operational_status": null, "landing_capable": null, "assembly_capable": null, "source_date": "2026-09-20", "processed_at": "2026-09-21T10:36:24+00:00", "longitude": 118.8890748, "latitude": 31.9338627 }, "geometry": { "type": "Point", "coordinates": [ 118.8890748, 31.9338627 ] } },
{ "type": "Feature", "properties": { "facility_id": "F000120", "osm_id": "11786153214", "osm_object_type": "node", "name": "江宁区林业和草原局森林警察大队", "facility_type": "police", "source_layer": "gis_osm_pois_free", "verification_status": "unverified", "operational_status": null, "landing_capable": null, "assembly_capable": null, "source_date": "2026-09-20", "processed_at": "2026-09-21T10:36:24+00:00", "longitude": 118.8410948, "latitude": 31.9801914 }, "geometry": { "type": "Point", "coordinates": [ 118.8410948, 31.9801914 ] } },
{ "type": "Feature", "properties": { "facility_id": "F000121", "osm_id": "11786153215", "osm_object_type": "node", "name": "东山派出所城北警务室", "facility_type": "police", "source_layer": "gis_osm_pois_free", "verification_status": "unverified", "operational_status": null, "landing_capable": null, "assembly_capable": null, "source_date": "2026-09-20", "processed_at": "2026-09-21T10:36:24+00:00", "longitude": 118.8428836, "latitude": 31.9802466 }, "geometry": { "type": "Point", "coordinates": [ 118.8428836, 31.9802466 ] } },
{ "type": "Feature", "properties": { "facility_id": "F000122", "osm_id": "1717968912", "osm_object_type": "node", "name": "光华门派出所", "facility_type": "police", "source_layer": "gis_osm_pois_free", "verification_status": "unverified", "operational_status": null, "landing_capable": null, "assembly_capable": null, "source_date": "2026-09-20", "processed_at": "2026-09-21T10:36:24+00:00", "longitude": 118.8505238, "latitude": 32.0199576 }, "geometry": { "type": "Point", "coordinates": [ 118.8505238, 32.0199576 ] } },
{ "type": "Feature", "properties": { "facility_id": "F000123", "osm_id": "2696060923", "osm_object_type": "node", "name": "", "facility_type": "hospital", "source_layer": "gis_osm_pois_free", "verification_status": "unverified", "operational_status": null, "landing_capable": null, "assembly_capable": null, "source_date": "2026-09-20", "processed_at": "2026-09-21T10:36:24+00:00", "longitude": 118.855745, "latitude": 32.0222044 }, "geometry": { "type": "Point", "coordinates": [ 118.855745, 32.0222044 ] } },
{ "type": "Feature", "properties": { "facility_id": "F000124", "osm_id": "11915761399", "osm_object_type": "node", "name": "", "facility_type": "shelter", "source_layer": "gis_osm_pois_free", "verification_status": "unverified", "operational_status": null, "landing_capable": null, "assembly_capable": null, "source_date": "2026-09-20", "processed_at": "2026-09-21T10:36:24+00:00", "longitude": 118.8593457, "latitude": 32.0526652 }, "geometry": { "type": "Point", "coordinates": [ 118.8593457, 32.0526652 ] } },
{ "type": "Feature", "properties": { "facility_id": "F000125", "osm_id": "5752850194", "osm_object_type": "node", "name": "花港社区卫生服务站", "facility_type": "hospital", "source_layer": "gis_osm_pois_free", "verification_status": "unverified", "operational_status": null, "landing_capable": null, "assembly_capable": null, "source_date": "2026-09-20", "processed_at": "2026-09-21T10:36:24+00:00", "longitude": 118.8982851, "latitude": 32.0359061 }, "geometry": { "type": "Point", "coordinates": [ 118.8982851, 32.0359061 ] } },
{ "type": "Feature", "properties": { "facility_id": "F000126", "osm_id": "5754198828", "osm_object_type": "node", "name": "文天祥诗碑亭", "facility_type": "shelter", "source_layer": "gis_osm_pois_free", "verification_status": "unverified", "operational_status": null, "landing_capable": null, "assembly_capable": null, "source_date": "2026-09-20", "processed_at": "2026-09-21T10:36:24+00:00", "longitude": 118.9036298, "latitude": 32.0418895 }, "geometry": { "type": "Point", "coordinates": [ 118.9036298, 32.0418895 ] } },
{ "type": "Feature", "properties": { "facility_id": "F000127", "osm_id": "13857091932", "osm_object_type": "node", "name": "", "facility_type": "tourist_info", "source_layer": "gis_osm_pois_free", "verification_status": "unverified", "operational_status": null, "landing_capable": null, "assembly_capable": null, "source_date": "2026-09-20", "processed_at": "2026-09-21T10:36:24+00:00", "longitude": 118.8830946, "latitude": 32.062259 }, "geometry": { "type": "Point", "coordinates": [ 118.8830946, 32.062259 ] } },
{ "type": "Feature", "properties": { "facility_id": "F000128", "osm_id": "5750575678", "osm_object_type": "node", "name": "仰止亭", "facility_type": "shelter", "source_layer": "gis_osm_pois_free", "verification_status": "unverified", "operational_status": null, "landing_capable": null, "assembly_capable": null, "source_date": "2026-09-20", "processed_at": "2026-09-21T10:36:24+00:00", "longitude": 118.8546855, "latitude": 32.0580249 }, "geometry": { "type": "Point", "coordinates": [ 118.8546855, 32.0580249 ] } },
{ "type": "Feature", "properties": { "facility_id": "F000129", "osm_id": "11886580907", "osm_object_type": "node", "name": "行健亭", "facility_type": "shelter", "source_layer": "gis_osm_pois_free", "verification_status": "unverified", "operational_status": null, "landing_capable": null, "assembly_capable": null, "source_date": "2026-09-20", "processed_at": "2026-09-21T10:36:24+00:00", "longitude": 118.8443437, "latitude": 32.0572211 }, "geometry": { "type": "Point", "coordinates": [ 118.8443437, 32.0572211 ] } },
{ "type": "Feature", "properties": { "facility_id": "F000130", "osm_id": "13056017008", "osm_object_type": "node", "name": "江苏省公安厅交通警察总队", "facility_type": "police", "source_layer": "gis_osm_pois_free", "verification_status": "unverified", "operational_status": null, "landing_capable": null, "assembly_capable": null, "source_date": "2026-09-20", "processed_at": "2026-09-21T10:36:24+00:00", "longitude": 118.8906231, "latitude": 32.067256 }, "geometry": { "type": "Point", "coordinates": [ 118.8906231, 32.067256 ] } },
{ "type": "Feature", "properties": { "facility_id": "F000131", "osm_id": "13056017007", "osm_object_type": "node", "name": "江苏省公安厅交通管理局", "facility_type": "police", "source_layer": "gis_osm_pois_free", "verification_status": "unverified", "operational_status": null, "landing_capable": null, "assembly_capable": null, "source_date": "2026-09-20", "processed_at": "2026-09-21T10:36:24+00:00", "longitude": 118.8887483, "latitude": 32.067972 }, "geometry": { "type": "Point", "coordinates": [ 118.8887483, 32.067972 ] } },
{ "type": "Feature", "properties": { "facility_id": "F000132", "osm_id": "11871552431", "osm_object_type": "node", "name": "中马腰", "facility_type": "shelter", "source_layer": "gis_osm_pois_free", "verification_status": "unverified", "operational_status": null, "landing_capable": null, "assembly_capable": null, "source_date": "2026-09-20", "processed_at": "2026-09-21T10:36:24+00:00", "longitude": 118.8458702, "latitude": 32.0706979 }, "geometry": { "type": "Point", "coordinates": [ 118.8458702, 32.0706979 ] } },
{ "type": "Feature", "properties": { "facility_id": "F000133", "osm_id": "8592131252", "osm_object_type": "node", "name": "", "facility_type": "shelter", "source_layer": "gis_osm_pois_free", "verification_status": "unverified", "operational_status": null, "landing_capable": null, "assembly_capable": null, "source_date": "2026-09-20", "processed_at": "2026-09-21T10:36:24+00:00", "longitude": 118.877027, "latitude": 32.0837962 }, "geometry": { "type": "Point", "coordinates": [ 118.877027, 32.0837962 ] } },
{ "type": "Feature", "properties": { "facility_id": "F000134", "osm_id": "2600810869", "osm_object_type": "node", "name": "拥翠亭", "facility_type": "shelter", "source_layer": "gis_osm_pois_free", "verification_status": "unverified", "operational_status": null, "landing_capable": null, "assembly_capable": null, "source_date": "2026-09-20", "processed_at": "2026-09-21T10:36:24+00:00", "longitude": 118.8703041, "latitude": 32.0644715 }, "geometry": { "type": "Point", "coordinates": [ 118.8703041, 32.0644715 ] } },
{ "type": "Feature", "properties": { "facility_id": "F000135", "osm_id": "5755478765", "osm_object_type": "node", "name": "应潮井(应潮亭)", "facility_type": "shelter", "source_layer": "gis_osm_pois_free", "verification_status": "unverified", "operational_status": null, "landing_capable": null, "assembly_capable": null, "source_date": "2026-09-20", "processed_at": "2026-09-21T10:36:24+00:00", "longitude": 118.8546745, "latitude": 32.0681946 }, "geometry": { "type": "Point", "coordinates": [ 118.8546745, 32.0681946 ] } },
{ "type": "Feature", "properties": { "facility_id": "F000136", "osm_id": "1678027172", "osm_object_type": "node", "name": "仙林派出所", "facility_type": "police", "source_layer": "gis_osm_pois_free", "verification_status": "unverified", "operational_status": null, "landing_capable": null, "assembly_capable": null, "source_date": "2026-09-20", "processed_at": "2026-09-21T10:36:24+00:00", "longitude": 118.9122427, "latitude": 32.1010762 }, "geometry": { "type": "Point", "coordinates": [ 118.9122427, 32.1010762 ] } },
{ "type": "Feature", "properties": { "facility_id": "F000137", "osm_id": "8904177117", "osm_object_type": "node", "name": "轩德堂中医门诊", "facility_type": "clinic", "source_layer": "gis_osm_pois_free", "verification_status": "unverified", "operational_status": null, "landing_capable": null, "assembly_capable": null, "source_date": "2026-09-20", "processed_at": "2026-09-21T10:36:24+00:00", "longitude": 118.9151905, "latitude": 32.1015195 }, "geometry": { "type": "Point", "coordinates": [ 118.9151905, 32.1015195 ] } },
{ "type": "Feature", "properties": { "facility_id": "F000138", "osm_id": "8641988123", "osm_object_type": "node", "name": "3号口游客服务中心", "facility_type": "tourist_info", "source_layer": "gis_osm_pois_free", "verification_status": "unverified", "operational_status": null, "landing_capable": null, "assembly_capable": null, "source_date": "2026-09-20", "processed_at": "2026-09-21T10:36:24+00:00", "longitude": 119.0201336, "latitude": 32.0828086 }, "geometry": { "type": "Point", "coordinates": [ 119.0201336, 32.0828086 ] } },
{ "type": "Feature", "properties": { "facility_id": "F000139", "osm_id": "1678011831", "osm_object_type": "node", "name": "仙林医院", "facility_type": "hospital", "source_layer": "gis_osm_pois_free", "verification_status": "unverified", "operational_status": null, "landing_capable": null, "assembly_capable": null, "source_date": "2026-09-20", "processed_at": "2026-09-21T10:36:24+00:00", "longitude": 118.9035714, "latitude": 32.0988245 }, "geometry": { "type": "Point", "coordinates": [ 118.9035714, 32.0988245 ] } },
{ "type": "Feature", "properties": { "facility_id": "F000140", "osm_id": "8641988150", "osm_object_type": "node", "name": "2号口游客服务中心", "facility_type": "tourist_info", "source_layer": "gis_osm_pois_free", "verification_status": "unverified", "operational_status": null, "landing_capable": null, "assembly_capable": null, "source_date": "2026-09-20", "processed_at": "2026-09-21T10:36:24+00:00", "longitude": 119.0092117, "latitude": 32.0826655 }, "geometry": { "type": "Point", "coordinates": [ 119.0092117, 32.0826655 ] } },
{ "type": "Feature", "properties": { "facility_id": "F000141", "osm_id": "8223414292", "osm_object_type": "node", "name": "卫生服务点", "facility_type": "hospital", "source_layer": "gis_osm_pois_free", "verification_status": "unverified", "operational_status": null, "landing_capable": null, "assembly_capable": null, "source_date": "2026-09-20", "processed_at": "2026-09-21T10:36:24+00:00", "longitude": 119.0838619, "latitude": 32.102508 }, "geometry": { "type": "Point", "coordinates": [ 119.0838619, 32.102508 ] } },
{ "type": "Feature", "properties": { "facility_id": "F000142", "osm_id": "8223414291", "osm_object_type": "node", "name": "华山社区卫生服务站", "facility_type": "hospital", "source_layer": "gis_osm_pois_free", "verification_status": "unverified", "operational_status": null, "landing_capable": null, "assembly_capable": null, "source_date": "2026-09-20", "processed_at": "2026-09-21T10:36:24+00:00", "longitude": 119.1170874, "latitude": 32.1035392 }, "geometry": { "type": "Point", "coordinates": [ 119.1170874, 32.1035392 ] } },
{ "type": "Feature", "properties": { "facility_id": "F000143", "osm_id": "9664983806", "osm_object_type": "node", "name": "南京工业职业技术大学（南门）", "facility_type": "shelter", "source_layer": "gis_osm_pois_free", "verification_status": "unverified", "operational_status": null, "landing_capable": null, "assembly_capable": null, "source_date": "2026-09-20", "processed_at": "2026-09-21T10:36:24+00:00", "longitude": 118.9361056, "latitude": 32.119224 }, "geometry": { "type": "Point", "coordinates": [ 118.9361056, 32.119224 ] } },
{ "type": "Feature", "properties": { "facility_id": "F000144", "osm_id": "12694740912", "osm_object_type": "node", "name": "南京市公安局交通事故管理局第七大队事故中队", "facility_type": "police", "source_layer": "gis_osm_pois_free", "verification_status": "unverified", "operational_status": null, "landing_capable": null, "assembly_capable": null, "source_date": "2026-09-20", "processed_at": "2026-09-21T10:36:24+00:00", "longitude": 118.9174747, "latitude": 32.1269452 }, "geometry": { "type": "Point", "coordinates": [ 118.9174747, 32.1269452 ] } },
{ "type": "Feature", "properties": { "facility_id": "F000145", "osm_id": "1678028889", "osm_object_type": "node", "name": "交警支队", "facility_type": "police", "source_layer": "gis_osm_pois_free", "verification_status": "unverified", "operational_status": null, "landing_capable": null, "assembly_capable": null, "source_date": "2026-09-20", "processed_at": "2026-09-21T10:36:24+00:00", "longitude": 118.9178234, "latitude": 32.1270519 }, "geometry": { "type": "Point", "coordinates": [ 118.9178234, 32.1270519 ] } },
{ "type": "Feature", "properties": { "facility_id": "F000146", "osm_id": "9664983805", "osm_object_type": "node", "name": "南京工业职业技术大学（东门）", "facility_type": "shelter", "source_layer": "gis_osm_pois_free", "verification_status": "unverified", "operational_status": null, "landing_capable": null, "assembly_capable": null, "source_date": "2026-09-20", "processed_at": "2026-09-21T10:36:24+00:00", "longitude": 118.9401118, "latitude": 32.12443 }, "geometry": { "type": "Point", "coordinates": [ 118.9401118, 32.12443 ] } },
{ "type": "Feature", "properties": { "facility_id": "F000147", "osm_id": "4696544290", "osm_object_type": "node", "name": "校医院", "facility_type": "hospital", "source_layer": "gis_osm_pois_free", "verification_status": "unverified", "operational_status": null, "landing_capable": null, "assembly_capable": null, "source_date": "2026-09-20", "processed_at": "2026-09-21T10:36:24+00:00", "longitude": 118.9032636, "latitude": 32.1045726 }, "geometry": { "type": "Point", "coordinates": [ 118.9032636, 32.1045726 ] } },
{ "type": "Feature", "properties": { "facility_id": "F000148", "osm_id": "4705110272", "osm_object_type": "node", "name": "厚生亭", "facility_type": "shelter", "source_layer": "gis_osm_pois_free", "verification_status": "unverified", "operational_status": null, "landing_capable": null, "assembly_capable": null, "source_date": "2026-09-20", "processed_at": "2026-09-21T10:36:24+00:00", "longitude": 118.9074202, "latitude": 32.1088869 }, "geometry": { "type": "Point", "coordinates": [ 118.9074202, 32.1088869 ] } },
{ "type": "Feature", "properties": { "facility_id": "F000149", "osm_id": "8592131140", "osm_object_type": "node", "name": "", "facility_type": "shelter", "source_layer": "gis_osm_pois_free", "verification_status": "unverified", "operational_status": null, "landing_capable": null, "assembly_capable": null, "source_date": "2026-09-20", "processed_at": "2026-09-21T10:36:24+00:00", "longitude": 118.8744295, "latitude": 32.0976267 }, "geometry": { "type": "Point", "coordinates": [ 118.8744295, 32.0976267 ] } },
{ "type": "Feature", "properties": { "facility_id": "F000150", "osm_id": "8659520110", "osm_object_type": "node", "name": "金陵石化消防支队三大队", "facility_type": "fire_station", "source_layer": "gis_osm_pois_free", "verification_status": "unverified", "operational_status": null, "landing_capable": null, "assembly_capable": null, "source_date": "2026-09-20", "processed_at": "2026-09-21T10:36:24+00:00", "longitude": 118.9157447, "latitude": 32.145272 }, "geometry": { "type": "Point", "coordinates": [ 118.9157447, 32.145272 ] } },
{ "type": "Feature", "properties": { "facility_id": "F000151", "osm_id": "12128989184", "osm_object_type": "node", "name": "媒亭", "facility_type": "shelter", "source_layer": "gis_osm_pois_free", "verification_status": "unverified", "operational_status": null, "landing_capable": null, "assembly_capable": null, "source_date": "2026-09-20", "processed_at": "2026-09-21T10:36:24+00:00", "longitude": 118.7014328, "latitude": 31.7977785 }, "geometry": { "type": "Point", "coordinates": [ 118.7014328, 31.7977785 ] } },
{ "type": "Feature", "properties": { "facility_id": "F000152", "osm_id": "12126391642", "osm_object_type": "node", "name": "飞瀑双亭", "facility_type": "shelter", "source_layer": "gis_osm_pois_free", "verification_status": "unverified", "operational_status": null, "landing_capable": null, "assembly_capable": null, "source_date": "2026-09-20", "processed_at": "2026-09-21T10:36:24+00:00", "longitude": 118.7070791, "latitude": 31.8038927 }, "geometry": { "type": "Point", "coordinates": [ 118.7070791, 31.8038927 ] } },
{ "type": "Feature", "properties": { "facility_id": "F000153", "osm_id": "10050877870", "osm_object_type": "node", "name": "", "facility_type": "shelter", "source_layer": "gis_osm_pois_free", "verification_status": "unverified", "operational_status": null, "landing_capable": null, "assembly_capable": null, "source_date": "2026-09-20", "processed_at": "2026-09-21T10:36:24+00:00", "longitude": 118.6007567, "latitude": 31.9239286 }, "geometry": { "type": "Point", "coordinates": [ 118.6007567, 31.9239286 ] } },
{ "type": "Feature", "properties": { "facility_id": "F000154", "osm_id": "12131253022", "osm_object_type": "node", "name": "公塘头游客服务中心", "facility_type": "tourist_info", "source_layer": "gis_osm_pois_free", "verification_status": "unverified", "operational_status": null, "landing_capable": null, "assembly_capable": null, "source_date": "2026-09-20", "processed_at": "2026-09-21T10:36:24+00:00", "longitude": 118.7014741, "latitude": 31.8124934 }, "geometry": { "type": "Point", "coordinates": [ 118.7014741, 31.8124934 ] } },
{ "type": "Feature", "properties": { "facility_id": "F000155", "osm_id": "12126359840", "osm_object_type": "node", "name": "游客服务中心", "facility_type": "tourist_info", "source_layer": "gis_osm_pois_free", "verification_status": "unverified", "operational_status": null, "landing_capable": null, "assembly_capable": null, "source_date": "2026-09-20", "processed_at": "2026-09-21T10:36:24+00:00", "longitude": 118.70999, "latitude": 31.8078718 }, "geometry": { "type": "Point", "coordinates": [ 118.70999, 31.8078718 ] } },
{ "type": "Feature", "properties": { "facility_id": "F000156", "osm_id": "12121663594", "osm_object_type": "node", "name": "莲花派出所", "facility_type": "police", "source_layer": "gis_osm_pois_free", "verification_status": "unverified", "operational_status": null, "landing_capable": null, "assembly_capable": null, "source_date": "2026-09-20", "processed_at": "2026-09-21T10:36:24+00:00", "longitude": 118.7104204, "latitude": 31.9623492 }, "geometry": { "type": "Point", "coordinates": [ 118.7104204, 31.9623492 ] } },
{ "type": "Feature", "properties": { "facility_id": "F000157", "osm_id": "11878713066", "osm_object_type": "node", "name": "铁心桥派出所", "facility_type": "police", "source_layer": "gis_osm_pois_free", "verification_status": "unverified", "operational_status": null, "landing_capable": null, "assembly_capable": null, "source_date": "2026-09-20", "processed_at": "2026-09-21T10:36:24+00:00", "longitude": 118.7568222, "latitude": 31.9641512 }, "geometry": { "type": "Point", "coordinates": [ 118.7568222, 31.9641512 ] } },
{ "type": "Feature", "properties": { "facility_id": "F000158", "osm_id": "13797852191", "osm_object_type": "node", "name": "", "facility_type": "tourist_info", "source_layer": "gis_osm_pois_free", "verification_status": "unverified", "operational_status": null, "landing_capable": null, "assembly_capable": null, "source_date": "2026-09-20", "processed_at": "2026-09-21T10:36:24+00:00", "longitude": 118.7683873, "latitude": 31.9225624 }, "geometry": { "type": "Point", "coordinates": [ 118.7683873, 31.9225624 ] } },
{ "type": "Feature", "properties": { "facility_id": "F000159", "osm_id": "13797852192", "osm_object_type": "node", "name": "", "facility_type": "tourist_info", "source_layer": "gis_osm_pois_free", "verification_status": "unverified", "operational_status": null, "landing_capable": null, "assembly_capable": null, "source_date": "2026-09-20", "processed_at": "2026-09-21T10:36:24+00:00", "longitude": 118.7669481, "latitude": 31.9233768 }, "geometry": { "type": "Point", "coordinates": [ 118.7669481, 31.9233768 ] } },
{ "type": "Feature", "properties": { "facility_id": "F000160", "osm_id": "13797852196", "osm_object_type": "node", "name": "", "facility_type": "tourist_info", "source_layer": "gis_osm_pois_free", "verification_status": "unverified", "operational_status": null, "landing_capable": null, "assembly_capable": null, "source_date": "2026-09-20", "processed_at": "2026-09-21T10:36:24+00:00", "longitude": 118.7657935, "latitude": 31.9234009 }, "geometry": { "type": "Point", "coordinates": [ 118.7657935, 31.9234009 ] } },
{ "type": "Feature", "properties": { "facility_id": "F000161", "osm_id": "13797852193", "osm_object_type": "node", "name": "", "facility_type": "tourist_info", "source_layer": "gis_osm_pois_free", "verification_status": "unverified", "operational_status": null, "landing_capable": null, "assembly_capable": null, "source_date": "2026-09-20", "processed_at": "2026-09-21T10:36:24+00:00", "longitude": 118.7681759, "latitude": 31.9246535 }, "geometry": { "type": "Point", "coordinates": [ 118.7681759, 31.9246535 ] } },
{ "type": "Feature", "properties": { "facility_id": "F000162", "osm_id": "13797852195", "osm_object_type": "node", "name": "", "facility_type": "tourist_info", "source_layer": "gis_osm_pois_free", "verification_status": "unverified", "operational_status": null, "landing_capable": null, "assembly_capable": null, "source_date": "2026-09-20", "processed_at": "2026-09-21T10:36:24+00:00", "longitude": 118.7675417, "latitude": 31.9254161 }, "geometry": { "type": "Point", "coordinates": [ 118.7675417, 31.9254161 ] } },
{ "type": "Feature", "properties": { "facility_id": "F000163", "osm_id": "13797852194", "osm_object_type": "node", "name": "", "facility_type": "tourist_info", "source_layer": "gis_osm_pois_free", "verification_status": "unverified", "operational_status": null, "landing_capable": null, "assembly_capable": null, "source_date": "2026-09-20", "processed_at": "2026-09-21T10:36:24+00:00", "longitude": 118.7684076, "latitude": 31.9255575 }, "geometry": { "type": "Point", "coordinates": [ 118.7684076, 31.9255575 ] } },
{ "type": "Feature", "properties": { "facility_id": "F000164", "osm_id": "1520777870", "osm_object_type": "node", "name": "治安卡口", "facility_type": "police", "source_layer": "gis_osm_pois_free", "verification_status": "unverified", "operational_status": null, "landing_capable": null, "assembly_capable": null, "source_date": "2026-09-20", "processed_at": "2026-09-21T10:36:24+00:00", "longitude": 118.769183, "latitude": 31.9725557 }, "geometry": { "type": "Point", "coordinates": [ 118.769183, 31.9725557 ] } },
{ "type": "Feature", "properties": { "facility_id": "F000165", "osm_id": "5843771695", "osm_object_type": "node", "name": "", "facility_type": "hospital", "source_layer": "gis_osm_pois_free", "verification_status": "unverified", "operational_status": null, "landing_capable": null, "assembly_capable": null, "source_date": "2026-09-20", "processed_at": "2026-09-21T10:36:24+00:00", "longitude": 118.7270558, "latitude": 31.9824111 }, "geometry": { "type": "Point", "coordinates": [ 118.7270558, 31.9824111 ] } },
{ "type": "Feature", "properties": { "facility_id": "F000166", "osm_id": "13584278662", "osm_object_type": "node", "name": "儿科", "facility_type": "hospital", "source_layer": "gis_osm_pois_free", "verification_status": "unverified", "operational_status": null, "landing_capable": null, "assembly_capable": null, "source_date": "2026-09-20", "processed_at": "2026-09-21T10:36:24+00:00", "longitude": 118.7253992, "latitude": 31.9887966 }, "geometry": { "type": "Point", "coordinates": [ 118.7253992, 31.9887966 ] } },
{ "type": "Feature", "properties": { "facility_id": "F000167", "osm_id": "13584278667", "osm_object_type": "node", "name": "专科楼", "facility_type": "hospital", "source_layer": "gis_osm_pois_free", "verification_status": "unverified", "operational_status": null, "landing_capable": null, "assembly_capable": null, "source_date": "2026-09-20", "processed_at": "2026-09-21T10:36:24+00:00", "longitude": 118.7250717, "latitude": 31.9899987 }, "geometry": { "type": "Point", "coordinates": [ 118.7250717, 31.9899987 ] } },
{ "type": "Feature", "properties": { "facility_id": "F000168", "osm_id": "13584278602", "osm_object_type": "node", "name": "东北门", "facility_type": "hospital", "source_layer": "gis_osm_pois_free", "verification_status": "unverified", "operational_status": null, "landing_capable": null, "assembly_capable": null, "source_date": "2026-09-20", "processed_at": "2026-09-21T10:36:24+00:00", "longitude": 118.7265462, "latitude": 31.9900663 }, "geometry": { "type": "Point", "coordinates": [ 118.7265462, 31.9900663 ] } },
{ "type": "Feature", "properties": { "facility_id": "F000169", "osm_id": "13584278627", "osm_object_type": "node", "name": "体检中心", "facility_type": "hospital", "source_layer": "gis_osm_pois_free", "verification_status": "unverified", "operational_status": null, "landing_capable": null, "assembly_capable": null, "source_date": "2026-09-20", "processed_at": "2026-09-21T10:36:24+00:00", "longitude": 118.7253037, "latitude": 31.9902628 }, "geometry": { "type": "Point", "coordinates": [ 118.7253037, 31.9902628 ] } },
{ "type": "Feature", "properties": { "facility_id": "F000170", "osm_id": "13584256391", "osm_object_type": "node", "name": "门诊", "facility_type": "hospital", "source_layer": "gis_osm_pois_free", "verification_status": "unverified", "operational_status": null, "landing_capable": null, "assembly_capable": null, "source_date": "2026-09-20", "processed_at": "2026-09-21T10:36:24+00:00", "longitude": 118.7255121, "latitude": 31.990456 }, "geometry": { "type": "Point", "coordinates": [ 118.7255121, 31.990456 ] } },
{ "type": "Feature", "properties": { "facility_id": "F000171", "osm_id": "13584278630", "osm_object_type": "node", "name": "住院楼", "facility_type": "hospital", "source_layer": "gis_osm_pois_free", "verification_status": "unverified", "operational_status": null, "landing_capable": null, "assembly_capable": null, "source_date": "2026-09-20", "processed_at": "2026-09-21T10:36:24+00:00", "longitude": 118.72399, "latitude": 31.9905558 }, "geometry": { "type": "Point", "coordinates": [ 118.72399, 31.9905558 ] } },
{ "type": "Feature", "properties": { "facility_id": "F000172", "osm_id": "13584278619", "osm_object_type": "node", "name": "急诊", "facility_type": "hospital", "source_layer": "gis_osm_pois_free", "verification_status": "unverified", "operational_status": null, "landing_capable": null, "assembly_capable": null, "source_date": "2026-09-20", "processed_at": "2026-09-21T10:36:24+00:00", "longitude": 118.7246647, "latitude": 31.9909652 }, "geometry": { "type": "Point", "coordinates": [ 118.7246647, 31.9909652 ] } },
{ "type": "Feature", "properties": { "facility_id": "F000173", "osm_id": "13584278625", "osm_object_type": "node", "name": "急诊东北门", "facility_type": "hospital", "source_layer": "gis_osm_pois_free", "verification_status": "unverified", "operational_status": null, "landing_capable": null, "assembly_capable": null, "source_date": "2026-09-20", "processed_at": "2026-09-21T10:36:24+00:00", "longitude": 118.7246315, "latitude": 31.9910352 }, "geometry": { "type": "Point", "coordinates": [ 118.7246315, 31.9910352 ] } },
{ "type": "Feature", "properties": { "facility_id": "F000174", "osm_id": "12760297949", "osm_object_type": "node", "name": "玻璃亭子", "facility_type": "shelter", "source_layer": "gis_osm_pois_free", "verification_status": "unverified", "operational_status": null, "landing_capable": null, "assembly_capable": null, "source_date": "2026-09-20", "processed_at": "2026-09-21T10:36:24+00:00", "longitude": 118.7277555, "latitude": 31.9991835 }, "geometry": { "type": "Point", "coordinates": [ 118.7277555, 31.9991835 ] } },
{ "type": "Feature", "properties": { "facility_id": "F000175", "osm_id": "1512899956", "osm_object_type": "node", "name": "江心洲之旅", "facility_type": "tourist_info", "source_layer": "gis_osm_pois_free", "verification_status": "unverified", "operational_status": null, "landing_capable": null, "assembly_capable": null, "source_date": "2026-09-20", "processed_at": "2026-09-21T10:36:24+00:00", "longitude": 118.6726256, "latitude": 31.9960462 }, "geometry": { "type": "Point", "coordinates": [ 118.6726256, 31.9960462 ] } },
{ "type": "Feature", "properties": { "facility_id": "F000176", "osm_id": "12147756108", "osm_object_type": "node", "name": "赛虹桥派出所", "facility_type": "police", "source_layer": "gis_osm_pois_free", "verification_status": "unverified", "operational_status": null, "landing_capable": null, "assembly_capable": null, "source_date": "2026-09-20", "processed_at": "2026-09-21T10:36:24+00:00", "longitude": 118.7552616, "latitude": 32.0106434 }, "geometry": { "type": "Point", "coordinates": [ 118.7552616, 32.0106434 ] } },
{ "type": "Feature", "properties": { "facility_id": "F000177", "osm_id": "5549283141", "osm_object_type": "node", "name": "江苏省第二中医院", "facility_type": "hospital", "source_layer": "gis_osm_pois_free", "verification_status": "unverified", "operational_status": null, "landing_capable": null, "assembly_capable": null, "source_date": "2026-09-20", "processed_at": "2026-09-21T10:36:24+00:00", "longitude": 118.7490939, "latitude": 32.0247696 }, "geometry": { "type": "Point", "coordinates": [ 118.7490939, 32.0247696 ] } },
{ "type": "Feature", "properties": { "facility_id": "F000178", "osm_id": "4403838612", "osm_object_type": "node", "name": "南京水西门老年护理院", "facility_type": "hospital", "source_layer": "gis_osm_pois_free", "verification_status": "unverified", "operational_status": null, "landing_capable": null, "assembly_capable": null, "source_date": "2026-09-20", "processed_at": "2026-09-21T10:36:24+00:00", "longitude": 118.7660739, "latitude": 32.0294201 }, "geometry": { "type": "Point", "coordinates": [ 118.7660739, 32.0294201 ] } },
{ "type": "Feature", "properties": { "facility_id": "F000179", "osm_id": "9608452608", "osm_object_type": "node", "name": "", "facility_type": "shelter", "source_layer": "gis_osm_pois_free", "verification_status": "unverified", "operational_status": null, "landing_capable": null, "assembly_capable": null, "source_date": "2026-09-20", "processed_at": "2026-09-21T10:36:24+00:00", "longitude": 118.6528578, "latitude": 32.03074 }, "geometry": { "type": "Point", "coordinates": [ 118.6528578, 32.03074 ] } },
{ "type": "Feature", "properties": { "facility_id": "F000180", "osm_id": "1520759706", "osm_object_type": "node", "name": "棉花提渡口", "facility_type": "tourist_info", "source_layer": "gis_osm_pois_free", "verification_status": "unverified", "operational_status": null, "landing_capable": null, "assembly_capable": null, "source_date": "2026-09-20", "processed_at": "2026-09-21T10:36:24+00:00", "longitude": 118.7023619, "latitude": 32.0103165 }, "geometry": { "type": "Point", "coordinates": [ 118.7023619, 32.0103165 ] } },
{ "type": "Feature", "properties": { "facility_id": "F000181", "osm_id": "9894320230", "osm_object_type": "node", "name": "", "facility_type": "shelter", "source_layer": "gis_osm_pois_free", "verification_status": "unverified", "operational_status": null, "landing_capable": null, "assembly_capable": null, "source_date": "2026-09-20", "processed_at": "2026-09-21T10:36:24+00:00", "longitude": 118.7009358, "latitude": 32.0123492 }, "geometry": { "type": "Point", "coordinates": [ 118.7009358, 32.0123492 ] } },
{ "type": "Feature", "properties": { "facility_id": "F000182", "osm_id": "1510034226", "osm_object_type": "node", "name": "江心洲医院", "facility_type": "hospital", "source_layer": "gis_osm_pois_free", "verification_status": "unverified", "operational_status": null, "landing_capable": null, "assembly_capable": null, "source_date": "2026-09-20", "processed_at": "2026-09-21T10:36:24+00:00", "longitude": 118.688774, "latitude": 32.0125211 }, "geometry": { "type": "Point", "coordinates": [ 118.688774, 32.0125211 ] } },
{ "type": "Feature", "properties": { "facility_id": "F000183", "osm_id": "9894368594", "osm_object_type": "node", "name": "", "facility_type": "shelter", "source_layer": "gis_osm_pois_free", "verification_status": "unverified", "operational_status": null, "landing_capable": null, "assembly_capable": null, "source_date": "2026-09-20", "processed_at": "2026-09-21T10:36:24+00:00", "longitude": 118.7022128, "latitude": 32.0213189 }, "geometry": { "type": "Point", "coordinates": [ 118.7022128, 32.0213189 ] } },
{ "type": "Feature", "properties": { "facility_id": "F000184", "osm_id": "9608452607", "osm_object_type": "node", "name": "", "facility_type": "shelter", "source_layer": "gis_osm_pois_free", "verification_status": "unverified", "operational_status": null, "landing_capable": null, "assembly_capable": null, "source_date": "2026-09-20", "processed_at": "2026-09-21T10:36:24+00:00", "longitude": 118.6543039, "latitude": 32.0334979 }, "geometry": { "type": "Point", "coordinates": [ 118.6543039, 32.0334979 ] } },
{ "type": "Feature", "properties": { "facility_id": "F000185", "osm_id": "10183521070", "osm_object_type": "node", "name": "南京江北新区产业技术研创园企业服务中心", "facility_type": "tourist_info", "source_layer": "gis_osm_pois_free", "verification_status": "unverified", "operational_status": null, "landing_capable": null, "assembly_capable": null, "source_date": "2026-09-20", "processed_at": "2026-09-21T10:36:24+00:00", "longitude": 118.6388935, "latitude": 32.0402291 }, "geometry": { "type": "Point", "coordinates": [ 118.6388935, 32.0402291 ] } },
{ "type": "Feature", "properties": { "facility_id": "F000186", "osm_id": "7972925660", "osm_object_type": "node", "name": "游客服务中心", "facility_type": "tourist_info", "source_layer": "gis_osm_pois_free", "verification_status": "unverified", "operational_status": null, "landing_capable": null, "assembly_capable": null, "source_date": "2026-09-20", "processed_at": "2026-09-21T10:36:24+00:00", "longitude": 118.7581859, "latitude": 32.033919 }, "geometry": { "type": "Point", "coordinates": [ 118.7581859, 32.033919 ] } },
{ "type": "Feature", "properties": { "facility_id": "F000187", "osm_id": "6635351320", "osm_object_type": "node", "name": "", "facility_type": "tourist_info", "source_layer": "gis_osm_pois_free", "verification_status": "unverified", "operational_status": null, "landing_capable": null, "assembly_capable": null, "source_date": "2026-09-20", "processed_at": "2026-09-21T10:36:24+00:00", "longitude": 118.7703814, "latitude": 32.0364093 }, "geometry": { "type": "Point", "coordinates": [ 118.7703814, 32.0364093 ] } },
{ "type": "Feature", "properties": { "facility_id": "F000188", "osm_id": "7972925681", "osm_object_type": "node", "name": "白露亭", "facility_type": "shelter", "source_layer": "gis_osm_pois_free", "verification_status": "unverified", "operational_status": null, "landing_capable": null, "assembly_capable": null, "source_date": "2026-09-20", "processed_at": "2026-09-21T10:36:24+00:00", "longitude": 118.758713, "latitude": 32.0353865 }, "geometry": { "type": "Point", "coordinates": [ 118.758713, 32.0353865 ] } },
{ "type": "Feature", "properties": { "facility_id": "F000189", "osm_id": "6635340656", "osm_object_type": "node", "name": "", "facility_type": "shelter", "source_layer": "gis_osm_pois_free", "verification_status": "unverified", "operational_status": null, "landing_capable": null, "assembly_capable": null, "source_date": "2026-09-20", "processed_at": "2026-09-21T10:36:24+00:00", "longitude": 118.7709641, "latitude": 32.0376415 }, "geometry": { "type": "Point", "coordinates": [ 118.7709641, 32.0376415 ] } },
{ "type": "Feature", "properties": { "facility_id": "F000190", "osm_id": "4403656724", "osm_object_type": "node", "name": "", "facility_type": "hospital", "source_layer": "gis_osm_pois_free", "verification_status": "unverified", "operational_status": null, "landing_capable": null, "assembly_capable": null, "source_date": "2026-09-20", "processed_at": "2026-09-21T10:36:24+00:00", "longitude": 118.7710466, "latitude": 32.0427255 }, "geometry": { "type": "Point", "coordinates": [ 118.7710466, 32.0427255 ] } },
{ "type": "Feature", "properties": { "facility_id": "F000191", "osm_id": "772575588", "osm_object_type": "node", "name": "江苏省口腔医院", "facility_type": "hospital", "source_layer": "gis_osm_pois_free", "verification_status": "unverified", "operational_status": null, "landing_capable": null, "assembly_capable": null, "source_date": "2026-09-20", "processed_at": "2026-09-21T10:36:24+00:00", "longitude": 118.7706098, "latitude": 32.0449011 }, "geometry": { "type": "Point", "coordinates": [ 118.7706098, 32.0449011 ] } },
{ "type": "Feature", "properties": { "facility_id": "F000192", "osm_id": "772584568", "osm_object_type": "node", "name": "南京儿童医院", "facility_type": "hospital", "source_layer": "gis_osm_pois_free", "verification_status": "unverified", "operational_status": null, "landing_capable": null, "assembly_capable": null, "source_date": "2026-09-20", "processed_at": "2026-09-21T10:36:24+00:00", "longitude": 118.7739688, "latitude": 32.0525487 }, "geometry": { "type": "Point", "coordinates": [ 118.7739688, 32.0525487 ] } },
{ "type": "Feature", "properties": { "facility_id": "F000193", "osm_id": "9724660795", "osm_object_type": "node", "name": "", "facility_type": "shelter", "source_layer": "gis_osm_pois_free", "verification_status": "unverified", "operational_status": null, "landing_capable": null, "assembly_capable": null, "source_date": "2026-09-20", "processed_at": "2026-09-21T10:36:24+00:00", "longitude": 118.5989433, "latitude": 32.0536443 }, "geometry": { "type": "Point", "coordinates": [ 118.5989433, 32.0536443 ] } },
{ "type": "Feature", "properties": { "facility_id": "F000194", "osm_id": "9623249195", "osm_object_type": "node", "name": "", "facility_type": "shelter", "source_layer": "gis_osm_pois_free", "verification_status": "unverified", "operational_status": null, "landing_capable": null, "assembly_capable": null, "source_date": "2026-09-20", "processed_at": "2026-09-21T10:36:24+00:00", "longitude": 118.6617455, "latitude": 32.0458393 }, "geometry": { "type": "Point", "coordinates": [ 118.6617455, 32.0458393 ] } },
{ "type": "Feature", "properties": { "facility_id": "F000195", "osm_id": "9724660794", "osm_object_type": "node", "name": "", "facility_type": "shelter", "source_layer": "gis_osm_pois_free", "verification_status": "unverified", "operational_status": null, "landing_capable": null, "assembly_capable": null, "source_date": "2026-09-20", "processed_at": "2026-09-21T10:36:24+00:00", "longitude": 118.5991855, "latitude": 32.0537821 }, "geometry": { "type": "Point", "coordinates": [ 118.5991855, 32.0537821 ] } },
{ "type": "Feature", "properties": { "facility_id": "F000196", "osm_id": "9724660790", "osm_object_type": "node", "name": "", "facility_type": "shelter", "source_layer": "gis_osm_pois_free", "verification_status": "unverified", "operational_status": null, "landing_capable": null, "assembly_capable": null, "source_date": "2026-09-20", "processed_at": "2026-09-21T10:36:24+00:00", "longitude": 118.599066, "latitude": 32.0538763 }, "geometry": { "type": "Point", "coordinates": [ 118.599066, 32.0538763 ] } },
{ "type": "Feature", "properties": { "facility_id": "F000197", "osm_id": "9724660791", "osm_object_type": "node", "name": "", "facility_type": "shelter", "source_layer": "gis_osm_pois_free", "verification_status": "unverified", "operational_status": null, "landing_capable": null, "assembly_capable": null, "source_date": "2026-09-20", "processed_at": "2026-09-21T10:36:24+00:00", "longitude": 118.5993032, "latitude": 32.0541111 }, "geometry": { "type": "Point", "coordinates": [ 118.5993032, 32.0541111 ] } },
{ "type": "Feature", "properties": { "facility_id": "F000198", "osm_id": "9724660792", "osm_object_type": "node", "name": "", "facility_type": "shelter", "source_layer": "gis_osm_pois_free", "verification_status": "unverified", "operational_status": null, "landing_capable": null, "assembly_capable": null, "source_date": "2026-09-20", "processed_at": "2026-09-21T10:36:24+00:00", "longitude": 118.599154, "latitude": 32.0541842 }, "geometry": { "type": "Point", "coordinates": [ 118.599154, 32.0541842 ] } },
{ "type": "Feature", "properties": { "facility_id": "F000199", "osm_id": "9724660793", "osm_object_type": "node", "name": "", "facility_type": "shelter", "source_layer": "gis_osm_pois_free", "verification_status": "unverified", "operational_status": null, "landing_capable": null, "assembly_capable": null, "source_date": "2026-09-20", "processed_at": "2026-09-21T10:36:24+00:00", "longitude": 118.5992618, "latitude": 32.0542446 }, "geometry": { "type": "Point", "coordinates": [ 118.5992618, 32.0542446 ] } },
{ "type": "Feature", "properties": { "facility_id": "F000200", "osm_id": "11375804018", "osm_object_type": "node", "name": "", "facility_type": "tourist_info", "source_layer": "gis_osm_pois_free", "verification_status": "unverified", "operational_status": null, "landing_capable": null, "assembly_capable": null, "source_date": "2026-09-20", "processed_at": "2026-09-21T10:36:24+00:00", "longitude": 118.5160887, "latitude": 32.0649085 }, "geometry": { "type": "Point", "coordinates": [ 118.5160887, 32.0649085 ] } },
{ "type": "Feature", "properties": { "facility_id": "F000201", "osm_id": "11375804017", "osm_object_type": "node", "name": "", "facility_type": "tourist_info", "source_layer": "gis_osm_pois_free", "verification_status": "unverified", "operational_status": null, "landing_capable": null, "assembly_capable": null, "source_date": "2026-09-20", "processed_at": "2026-09-21T10:36:24+00:00", "longitude": 118.5159425, "latitude": 32.0650414 }, "geometry": { "type": "Point", "coordinates": [ 118.5159425, 32.0650414 ] } },
{ "type": "Feature", "properties": { "facility_id": "F000202", "osm_id": "11375804016", "osm_object_type": "node", "name": "", "facility_type": "tourist_info", "source_layer": "gis_osm_pois_free", "verification_status": "unverified", "operational_status": null, "landing_capable": null, "assembly_capable": null, "source_date": "2026-09-20", "processed_at": "2026-09-21T10:36:24+00:00", "longitude": 118.5158486, "latitude": 32.0651585 }, "geometry": { "type": "Point", "coordinates": [ 118.5158486, 32.0651585 ] } },
{ "type": "Feature", "properties": { "facility_id": "F000203", "osm_id": "11375804010", "osm_object_type": "node", "name": "", "facility_type": "tourist_info", "source_layer": "gis_osm_pois_free", "verification_status": "unverified", "operational_status": null, "landing_capable": null, "assembly_capable": null, "source_date": "2026-09-20", "processed_at": "2026-09-21T10:36:24+00:00", "longitude": 118.5152056, "latitude": 32.0660507 }, "geometry": { "type": "Point", "coordinates": [ 118.5152056, 32.0660507 ] } },
{ "type": "Feature", "properties": { "facility_id": "F000204", "osm_id": "2699660773", "osm_object_type": "node", "name": "南京市浦口区中医院", "facility_type": "hospital", "source_layer": "gis_osm_pois_free", "verification_status": "unverified", "operational_status": null, "landing_capable": null, "assembly_capable": null, "source_date": "2026-09-20", "processed_at": "2026-09-21T10:36:24+00:00", "longitude": 118.623863, "latitude": 32.0660825 }, "geometry": { "type": "Point", "coordinates": [ 118.623863, 32.0660825 ] } },
{ "type": "Feature", "properties": { "facility_id": "F000205", "osm_id": "11236008316", "osm_object_type": "node", "name": "明心驿站", "facility_type": "shelter", "source_layer": "gis_osm_pois_free", "verification_status": "unverified", "operational_status": null, "landing_capable": null, "assembly_capable": null, "source_date": "2026-09-20", "processed_at": "2026-09-21T10:36:24+00:00", "longitude": 118.6444599, "latitude": 32.0670109 }, "geometry": { "type": "Point", "coordinates": [ 118.6444599, 32.0670109 ] } },
{ "type": "Feature", "properties": { "facility_id": "F000206", "osm_id": "9628511780", "osm_object_type": "node", "name": "", "facility_type": "shelter", "source_layer": "gis_osm_pois_free", "verification_status": "unverified", "operational_status": null, "landing_capable": null, "assembly_capable": null, "source_date": "2026-09-20", "processed_at": "2026-09-21T10:36:24+00:00", "longitude": 118.6812502, "latitude": 32.065255 }, "geometry": { "type": "Point", "coordinates": [ 118.6812502, 32.065255 ] } },
{ "type": "Feature", "properties": { "facility_id": "F000207", "osm_id": "9633723624", "osm_object_type": "node", "name": "翠叶亭", "facility_type": "shelter", "source_layer": "gis_osm_pois_free", "verification_status": "unverified", "operational_status": null, "landing_capable": null, "assembly_capable": null, "source_date": "2026-09-20", "processed_at": "2026-09-21T10:36:24+00:00", "longitude": 118.6760453, "latitude": 32.0740156 }, "geometry": { "type": "Point", "coordinates": [ 118.6760453, 32.0740156 ] } },
{ "type": "Feature", "properties": { "facility_id": "F000208", "osm_id": "11375803992", "osm_object_type": "node", "name": "", "facility_type": "tourist_info", "source_layer": "gis_osm_pois_free", "verification_status": "unverified", "operational_status": null, "landing_capable": null, "assembly_capable": null, "source_date": "2026-09-20", "processed_at": "2026-09-21T10:36:24+00:00", "longitude": 118.5153618, "latitude": 32.0670587 }, "geometry": { "type": "Point", "coordinates": [ 118.5153618, 32.0670587 ] } },
{ "type": "Feature", "properties": { "facility_id": "F000209", "osm_id": "11375803995", "osm_object_type": "node", "name": "", "facility_type": "tourist_info", "source_layer": "gis_osm_pois_free", "verification_status": "unverified", "operational_status": null, "landing_capable": null, "assembly_capable": null, "source_date": "2026-09-20", "processed_at": "2026-09-21T10:36:24+00:00", "longitude": 118.5150064, "latitude": 32.0671258 }, "geometry": { "type": "Point", "coordinates": [ 118.5150064, 32.0671258 ] } },
{ "type": "Feature", "properties": { "facility_id": "F000210", "osm_id": "11375803982", "osm_object_type": "node", "name": "", "facility_type": "tourist_info", "source_layer": "gis_osm_pois_free", "verification_status": "unverified", "operational_status": null, "landing_capable": null, "assembly_capable": null, "source_date": "2026-09-20", "processed_at": "2026-09-21T10:36:24+00:00", "longitude": 118.5154818, "latitude": 32.0678599 }, "geometry": { "type": "Point", "coordinates": [ 118.5154818, 32.0678599 ] } },
{ "type": "Feature", "properties": { "facility_id": "F000211", "osm_id": "11364305666", "osm_object_type": "node", "name": "", "facility_type": "tourist_info", "source_layer": "gis_osm_pois_free", "verification_status": "unverified", "operational_status": null, "landing_capable": null, "assembly_capable": null, "source_date": "2026-09-20", "processed_at": "2026-09-21T10:36:24+00:00", "longitude": 118.505253, "latitude": 32.0744453 }, "geometry": { "type": "Point", "coordinates": [ 118.505253, 32.0744453 ] } },
{ "type": "Feature", "properties": { "facility_id": "F000212", "osm_id": "7992465408", "osm_object_type": "node", "name": "新街口派出所", "facility_type": "police", "source_layer": "gis_osm_pois_free", "verification_status": "unverified", "operational_status": null, "landing_capable": null, "assembly_capable": null, "source_date": "2026-09-20", "processed_at": "2026-09-21T10:36:24+00:00", "longitude": 118.7815756, "latitude": 32.055434 }, "geometry": { "type": "Point", "coordinates": [ 118.7815756, 32.055434 ] } },
{ "type": "Feature", "properties": { "facility_id": "F000213", "osm_id": "5251808322", "osm_object_type": "node", "name": "江苏省肿瘤医院", "facility_type": "hospital", "source_layer": "gis_osm_pois_free", "verification_status": "unverified", "operational_status": null, "landing_capable": null, "assembly_capable": null, "source_date": "2026-09-20", "processed_at": "2026-09-21T10:36:24+00:00", "longitude": 118.7815085, "latitude": 32.0707995 }, "geometry": { "type": "Point", "coordinates": [ 118.7815085, 32.0707995 ] } },
{ "type": "Feature", "properties": { "facility_id": "F000214", "osm_id": "6418702719", "osm_object_type": "node", "name": "", "facility_type": "shelter", "source_layer": "gis_osm_pois_free", "verification_status": "unverified", "operational_status": null, "landing_capable": null, "assembly_capable": null, "source_date": "2026-09-20", "processed_at": "2026-09-21T10:36:24+00:00", "longitude": 118.7823268, "latitude": 32.0739531 }, "geometry": { "type": "Point", "coordinates": [ 118.7823268, 32.0739531 ] } },
{ "type": "Feature", "properties": { "facility_id": "F000215", "osm_id": "6418698198", "osm_object_type": "node", "name": "", "facility_type": "shelter", "source_layer": "gis_osm_pois_free", "verification_status": "unverified", "operational_status": null, "landing_capable": null, "assembly_capable": null, "source_date": "2026-09-20", "processed_at": "2026-09-21T10:36:24+00:00", "longitude": 118.7816509, "latitude": 32.083212 }, "geometry": { "type": "Point", "coordinates": [ 118.7816509, 32.083212 ] } },
{ "type": "Feature", "properties": { "facility_id": "F000216", "osm_id": "6499254756", "osm_object_type": "node", "name": "", "facility_type": "shelter", "source_layer": "gis_osm_pois_free", "verification_status": "unverified", "operational_status": null, "landing_capable": null, "assembly_capable": null, "source_date": "2026-09-20", "processed_at": "2026-09-21T10:36:24+00:00", "longitude": 118.7785378, "latitude": 32.0799545 }, "geometry": { "type": "Point", "coordinates": [ 118.7785378, 32.0799545 ] } },
{ "type": "Feature", "properties": { "facility_id": "F000217", "osm_id": "13263988089", "osm_object_type": "node", "name": "", "facility_type": "fire_station", "source_layer": "gis_osm_pois_free", "verification_status": "unverified", "operational_status": null, "landing_capable": null, "assembly_capable": null, "source_date": "2026-09-20", "processed_at": "2026-09-21T10:36:24+00:00", "longitude": 118.7876838, "latitude": 32.0629926 }, "geometry": { "type": "Point", "coordinates": [ 118.7876838, 32.0629926 ] } },
{ "type": "Feature", "properties": { "facility_id": "F000218", "osm_id": "5572525787", "osm_object_type": "node", "name": "", "facility_type": "shelter", "source_layer": "gis_osm_pois_free", "verification_status": "unverified", "operational_status": null, "landing_capable": null, "assembly_capable": null, "source_date": "2026-09-20", "processed_at": "2026-09-21T10:36:24+00:00", "longitude": 118.7846548, "latitude": 32.0682606 }, "geometry": { "type": "Point", "coordinates": [ 118.7846548, 32.0682606 ] } },
{ "type": "Feature", "properties": { "facility_id": "F000219", "osm_id": "6418703797", "osm_object_type": "node", "name": "", "facility_type": "tourist_info", "source_layer": "gis_osm_pois_free", "verification_status": "unverified", "operational_status": null, "landing_capable": null, "assembly_capable": null, "source_date": "2026-09-20", "processed_at": "2026-09-21T10:36:24+00:00", "longitude": 118.7904914, "latitude": 32.0621928 }, "geometry": { "type": "Point", "coordinates": [ 118.7904914, 32.0621928 ] } },
{ "type": "Feature", "properties": { "facility_id": "F000220", "osm_id": "6635347293", "osm_object_type": "node", "name": "解放门", "facility_type": "tourist_info", "source_layer": "gis_osm_pois_free", "verification_status": "unverified", "operational_status": null, "landing_capable": null, "assembly_capable": null, "source_date": "2026-09-20", "processed_at": "2026-09-21T10:36:24+00:00", "longitude": 118.7915211, "latitude": 32.0642217 }, "geometry": { "type": "Point", "coordinates": [ 118.7915211, 32.0642217 ] } },
{ "type": "Feature", "properties": { "facility_id": "F000221", "osm_id": "6261280002", "osm_object_type": "node", "name": "", "facility_type": "shelter", "source_layer": "gis_osm_pois_free", "verification_status": "unverified", "operational_status": null, "landing_capable": null, "assembly_capable": null, "source_date": "2026-09-20", "processed_at": "2026-09-21T10:36:24+00:00", "longitude": 118.7928127, "latitude": 32.0679787 }, "geometry": { "type": "Point", "coordinates": [ 118.7928127, 32.0679787 ] } },
{ "type": "Feature", "properties": { "facility_id": "F000222", "osm_id": "6418702354", "osm_object_type": "node", "name": "", "facility_type": "shelter", "source_layer": "gis_osm_pois_free", "verification_status": "unverified", "operational_status": null, "landing_capable": null, "assembly_capable": null, "source_date": "2026-09-20", "processed_at": "2026-09-21T10:36:24+00:00", "longitude": 118.7989618, "latitude": 32.0633839 }, "geometry": { "type": "Point", "coordinates": [ 118.7989618, 32.0633839 ] } },
{ "type": "Feature", "properties": { "facility_id": "F000223", "osm_id": "5572525823", "osm_object_type": "node", "name": "", "facility_type": "shelter", "source_layer": "gis_osm_pois_free", "verification_status": "unverified", "operational_status": null, "landing_capable": null, "assembly_capable": null, "source_date": "2026-09-20", "processed_at": "2026-09-21T10:36:24+00:00", "longitude": 118.798844, "latitude": 32.0637239 }, "geometry": { "type": "Point", "coordinates": [ 118.798844, 32.0637239 ] } },
{ "type": "Feature", "properties": { "facility_id": "F000224", "osm_id": "5572525839", "osm_object_type": "node", "name": "", "facility_type": "shelter", "source_layer": "gis_osm_pois_free", "verification_status": "unverified", "operational_status": null, "landing_capable": null, "assembly_capable": null, "source_date": "2026-09-20", "processed_at": "2026-09-21T10:36:24+00:00", "longitude": 118.801895, "latitude": 32.0739324 }, "geometry": { "type": "Point", "coordinates": [ 118.801895, 32.0739324 ] } },
{ "type": "Feature", "properties": { "facility_id": "F000225", "osm_id": "5572525824", "osm_object_type": "node", "name": "", "facility_type": "shelter", "source_layer": "gis_osm_pois_free", "verification_status": "unverified", "operational_status": null, "landing_capable": null, "assembly_capable": null, "source_date": "2026-09-20", "processed_at": "2026-09-21T10:36:24+00:00", "longitude": 118.7999115, "latitude": 32.0763203 }, "geometry": { "type": "Point", "coordinates": [ 118.7999115, 32.0763203 ] } },
{ "type": "Feature", "properties": { "facility_id": "F000226", "osm_id": "5572525795", "osm_object_type": "node", "name": "", "facility_type": "shelter", "source_layer": "gis_osm_pois_free", "verification_status": "unverified", "operational_status": null, "landing_capable": null, "assembly_capable": null, "source_date": "2026-09-20", "processed_at": "2026-09-21T10:36:24+00:00", "longitude": 118.7847889, "latitude": 32.0688061 }, "geometry": { "type": "Point", "coordinates": [ 118.7847889, 32.0688061 ] } },
{ "type": "Feature", "properties": { "facility_id": "F000227", "osm_id": "6418702718", "osm_object_type": "node", "name": "", "facility_type": "shelter", "source_layer": "gis_osm_pois_free", "verification_status": "unverified", "operational_status": null, "landing_capable": null, "assembly_capable": null, "source_date": "2026-09-20", "processed_at": "2026-09-21T10:36:24+00:00", "longitude": 118.7833728, "latitude": 32.0701347 }, "geometry": { "type": "Point", "coordinates": [ 118.7833728, 32.0701347 ] } },
{ "type": "Feature", "properties": { "facility_id": "F000228", "osm_id": "6261279991", "osm_object_type": "node", "name": "台菱花架", "facility_type": "shelter", "source_layer": "gis_osm_pois_free", "verification_status": "unverified", "operational_status": null, "landing_capable": null, "assembly_capable": null, "source_date": "2026-09-20", "processed_at": "2026-09-21T10:36:24+00:00", "longitude": 118.7934053, "latitude": 32.0680424 }, "geometry": { "type": "Point", "coordinates": [ 118.7934053, 32.0680424 ] } },
{ "type": "Feature", "properties": { "facility_id": "F000229", "osm_id": "13253569560", "osm_object_type": "node", "name": "", "facility_type": "shelter", "source_layer": "gis_osm_pois_free", "verification_status": "unverified", "operational_status": null, "landing_capable": null, "assembly_capable": null, "source_date": "2026-09-20", "processed_at": "2026-09-21T10:36:24+00:00", "longitude": 118.7933798, "latitude": 32.0780521 }, "geometry": { "type": "Point", "coordinates": [ 118.7933798, 32.0780521 ] } },
{ "type": "Feature", "properties": { "facility_id": "F000230", "osm_id": "6348688896", "osm_object_type": "node", "name": "综合门诊部", "facility_type": "hospital", "source_layer": "gis_osm_pois_free", "verification_status": "unverified", "operational_status": null, "landing_capable": null, "assembly_capable": null, "source_date": "2026-09-20", "processed_at": "2026-09-21T10:36:24+00:00", "longitude": 118.8116747, "latitude": 32.0788678 }, "geometry": { "type": "Point", "coordinates": [ 118.8116747, 32.0788678 ] } },
{ "type": "Feature", "properties": { "facility_id": "F000231", "osm_id": "5572525818", "osm_object_type": "node", "name": "", "facility_type": "shelter", "source_layer": "gis_osm_pois_free", "verification_status": "unverified", "operational_status": null, "landing_capable": null, "assembly_capable": null, "source_date": "2026-09-20", "processed_at": "2026-09-21T10:36:24+00:00", "longitude": 118.7860123, "latitude": 32.0871016 }, "geometry": { "type": "Point", "coordinates": [ 118.7860123, 32.0871016 ] } },
{ "type": "Feature", "properties": { "facility_id": "F000232", "osm_id": "5500139643", "osm_object_type": "node", "name": "地铁垂直电梯（1号口）", "facility_type": "tourist_info", "source_layer": "gis_osm_pois_free", "verification_status": "unverified", "operational_status": null, "landing_capable": null, "assembly_capable": null, "source_date": "2026-09-20", "processed_at": "2026-09-21T10:36:24+00:00", "longitude": 118.7901874, "latitude": 32.0885923 }, "geometry": { "type": "Point", "coordinates": [ 118.7901874, 32.0885923 ] } },
{ "type": "Feature", "properties": { "facility_id": "F000233", "osm_id": "7985412293", "osm_object_type": "node", "name": "", "facility_type": "tourist_info", "source_layer": "gis_osm_pois_free", "verification_status": "unverified", "operational_status": null, "landing_capable": null, "assembly_capable": null, "source_date": "2026-09-20", "processed_at": "2026-09-21T10:36:24+00:00", "longitude": 118.8346829, "latitude": 32.055229 }, "geometry": { "type": "Point", "coordinates": [ 118.8346829, 32.055229 ] } },
{ "type": "Feature", "properties": { "facility_id": "F000234", "osm_id": "10744555601", "osm_object_type": "node", "name": "听琴亭", "facility_type": "shelter", "source_layer": "gis_osm_pois_free", "verification_status": "unverified", "operational_status": null, "landing_capable": null, "assembly_capable": null, "source_date": "2026-09-20", "processed_at": "2026-09-21T10:36:24+00:00", "longitude": 118.8356095, "latitude": 32.0716962 }, "geometry": { "type": "Point", "coordinates": [ 118.8356095, 32.0716962 ] } },
{ "type": "Feature", "properties": { "facility_id": "F000235", "osm_id": "7985413885", "osm_object_type": "node", "name": "", "facility_type": "shelter", "source_layer": "gis_osm_pois_free", "verification_status": "unverified", "operational_status": null, "landing_capable": null, "assembly_capable": null, "source_date": "2026-09-20", "processed_at": "2026-09-21T10:36:24+00:00", "longitude": 118.8341846, "latitude": 32.0572077 }, "geometry": { "type": "Point", "coordinates": [ 118.8341846, 32.0572077 ] } },
{ "type": "Feature", "properties": { "facility_id": "F000236", "osm_id": "10744555600", "osm_object_type": "node", "name": "山晓亭", "facility_type": "shelter", "source_layer": "gis_osm_pois_free", "verification_status": "unverified", "operational_status": null, "landing_capable": null, "assembly_capable": null, "source_date": "2026-09-20", "processed_at": "2026-09-21T10:36:24+00:00", "longitude": 118.8314106, "latitude": 32.068657 }, "geometry": { "type": "Point", "coordinates": [ 118.8314106, 32.068657 ] } },
{ "type": "Feature", "properties": { "facility_id": "F000237", "osm_id": "11920190642", "osm_object_type": "node", "name": "野路危险", "facility_type": "tourist_info", "source_layer": "gis_osm_pois_free", "verification_status": "unverified", "operational_status": null, "landing_capable": null, "assembly_capable": null, "source_date": "2026-09-20", "processed_at": "2026-09-21T10:36:24+00:00", "longitude": 118.8377059, "latitude": 32.0733783 }, "geometry": { "type": "Point", "coordinates": [ 118.8377059, 32.0733783 ] } },
{ "type": "Feature", "properties": { "facility_id": "F000238", "osm_id": "12336803807", "osm_object_type": "node", "name": "奋斗社区卫生服务站", "facility_type": "hospital", "source_layer": "gis_osm_pois_free", "verification_status": "unverified", "operational_status": null, "landing_capable": null, "assembly_capable": null, "source_date": "2026-09-20", "processed_at": "2026-09-21T10:36:24+00:00", "longitude": 118.8266042, "latitude": 32.1165162 }, "geometry": { "type": "Point", "coordinates": [ 118.8266042, 32.1165162 ] } },
{ "type": "Feature", "properties": { "facility_id": "F000239", "osm_id": "12336803804", "osm_object_type": "node", "name": "迈化路消防救援站", "facility_type": "fire_station", "source_layer": "gis_osm_pois_free", "verification_status": "unverified", "operational_status": null, "landing_capable": null, "assembly_capable": null, "source_date": "2026-09-20", "processed_at": "2026-09-21T10:36:24+00:00", "longitude": 118.8263494, "latitude": 32.1172977 }, "geometry": { "type": "Point", "coordinates": [ 118.8263494, 32.1172977 ] } },
{ "type": "Feature", "properties": { "facility_id": "F000240", "osm_id": "5536911663", "osm_object_type": "node", "name": "", "facility_type": "hospital", "source_layer": "gis_osm_pois_free", "verification_status": "unverified", "operational_status": null, "landing_capable": null, "assembly_capable": null, "source_date": "2026-09-20", "processed_at": "2026-09-21T10:36:24+00:00", "longitude": 118.8222197, "latitude": 32.0825425 }, "geometry": { "type": "Point", "coordinates": [ 118.8222197, 32.0825425 ] } },
{ "type": "Feature", "properties": { "facility_id": "F000241", "osm_id": "3189512478", "osm_object_type": "node", "name": "社区民警", "facility_type": "police", "source_layer": "gis_osm_pois_free", "verification_status": "unverified", "operational_status": null, "landing_capable": null, "assembly_capable": null, "source_date": "2026-09-20", "processed_at": "2026-09-21T10:36:24+00:00", "longitude": 118.7920334, "latitude": 32.0967498 }, "geometry": { "type": "Point", "coordinates": [ 118.7920334, 32.0967498 ] } },
{ "type": "Feature", "properties": { "facility_id": "F000242", "osm_id": "3611882408", "osm_object_type": "node", "name": "", "facility_type": "police", "source_layer": "gis_osm_pois_free", "verification_status": "unverified", "operational_status": null, "landing_capable": null, "assembly_capable": null, "source_date": "2026-09-20", "processed_at": "2026-09-21T10:36:24+00:00", "longitude": 118.7944134, "latitude": 32.1118426 }, "geometry": { "type": "Point", "coordinates": [ 118.7944134, 32.1118426 ] } },
{ "type": "Feature", "properties": { "facility_id": "F000243", "osm_id": "12151359812", "osm_object_type": "node", "name": "春树诊所", "facility_type": "clinic", "source_layer": "gis_osm_pois_free", "verification_status": "unverified", "operational_status": null, "landing_capable": null, "assembly_capable": null, "source_date": "2026-09-20", "processed_at": "2026-09-21T10:36:24+00:00", "longitude": 118.8445012, "latitude": 32.1333233 }, "geometry": { "type": "Point", "coordinates": [ 118.8445012, 32.1333233 ] } },
{ "type": "Feature", "properties": { "facility_id": "F000244", "osm_id": "12151881118", "osm_object_type": "node", "name": "南京栖霞寿富诊所", "facility_type": "clinic", "source_layer": "gis_osm_pois_free", "verification_status": "unverified", "operational_status": null, "landing_capable": null, "assembly_capable": null, "source_date": "2026-09-20", "processed_at": "2026-09-21T10:36:24+00:00", "longitude": 118.8437971, "latitude": 32.1346816 }, "geometry": { "type": "Point", "coordinates": [ 118.8437971, 32.1346816 ] } },
{ "type": "Feature", "properties": { "facility_id": "F000245", "osm_id": "12154103942", "osm_object_type": "node", "name": "江苏省高速公路交通运输执法总队南京支队二大队", "facility_type": "police", "source_layer": "gis_osm_pois_free", "verification_status": "unverified", "operational_status": null, "landing_capable": null, "assembly_capable": null, "source_date": "2026-09-20", "processed_at": "2026-09-21T10:36:24+00:00", "longitude": 118.8461548, "latitude": 32.1384632 }, "geometry": { "type": "Point", "coordinates": [ 118.8461548, 32.1384632 ] } },
{ "type": "Feature", "properties": { "facility_id": "F000246", "osm_id": "6282381750", "osm_object_type": "node", "name": "", "facility_type": "shelter", "source_layer": "gis_osm_pois_free", "verification_status": "unverified", "operational_status": null, "landing_capable": null, "assembly_capable": null, "source_date": "2026-09-20", "processed_at": "2026-09-21T10:36:24+00:00", "longitude": 118.8239315, "latitude": 32.3140934 }, "geometry": { "type": "Point", "coordinates": [ 118.8239315, 32.3140934 ] } },
{ "type": "Feature", "properties": { "facility_id": "F000247", "osm_id": "7294425169", "osm_object_type": "node", "name": "", "facility_type": "shelter", "source_layer": "gis_osm_pois_free", "verification_status": "unverified", "operational_status": null, "landing_capable": null, "assembly_capable": null, "source_date": "2026-09-20", "processed_at": "2026-09-21T10:36:24+00:00", "longitude": 118.8351725, "latitude": 32.3188755 }, "geometry": { "type": "Point", "coordinates": [ 118.8351725, 32.3188755 ] } },
{ "type": "Feature", "properties": { "facility_id": "F000248", "osm_id": "5713402690", "osm_object_type": "node", "name": "", "facility_type": "shelter", "source_layer": "gis_osm_pois_free", "verification_status": "unverified", "operational_status": null, "landing_capable": null, "assembly_capable": null, "source_date": "2026-09-20", "processed_at": "2026-09-21T10:36:24+00:00", "longitude": 118.8421354, "latitude": 32.3181396 }, "geometry": { "type": "Point", "coordinates": [ 118.8421354, 32.3181396 ] } },
{ "type": "Feature", "properties": { "facility_id": "F000249", "osm_id": "7787311694", "osm_object_type": "node", "name": "", "facility_type": "police", "source_layer": "gis_osm_pois_free", "verification_status": "unverified", "operational_status": null, "landing_capable": null, "assembly_capable": null, "source_date": "2026-09-20", "processed_at": "2026-09-21T10:36:24+00:00", "longitude": 118.8186852, "latitude": 32.3140189 }, "geometry": { "type": "Point", "coordinates": [ 118.8186852, 32.3140189 ] } },
{ "type": "Feature", "properties": { "facility_id": "F000250", "osm_id": "10744565117", "osm_object_type": "node", "name": "", "facility_type": "shelter", "source_layer": "gis_osm_pois_free", "verification_status": "unverified", "operational_status": null, "landing_capable": null, "assembly_capable": null, "source_date": "2026-09-20", "processed_at": "2026-09-21T10:36:24+00:00", "longitude": 118.82306, "latitude": 32.3140582 }, "geometry": { "type": "Point", "coordinates": [ 118.82306, 32.3140582 ] } },
{ "type": "Feature", "properties": { "facility_id": "F000251", "osm_id": "6282381749", "osm_object_type": "node", "name": "", "facility_type": "shelter", "source_layer": "gis_osm_pois_free", "verification_status": "unverified", "operational_status": null, "landing_capable": null, "assembly_capable": null, "source_date": "2026-09-20", "processed_at": "2026-09-21T10:36:24+00:00", "longitude": 118.8223005, "latitude": 32.3150092 }, "geometry": { "type": "Point", "coordinates": [ 118.8223005, 32.3150092 ] } },
{ "type": "Feature", "properties": { "facility_id": "F000252", "osm_id": "4142084665", "osm_object_type": "node", "name": "六合区中医院", "facility_type": "hospital", "source_layer": "gis_osm_pois_free", "verification_status": "unverified", "operational_status": null, "landing_capable": null, "assembly_capable": null, "source_date": "2026-09-20", "processed_at": "2026-09-21T10:36:24+00:00", "longitude": 118.8330826, "latitude": 32.3183003 }, "geometry": { "type": "Point", "coordinates": [ 118.8330826, 32.3183003 ] } },
{ "type": "Feature", "properties": { "facility_id": "F000253", "osm_id": "5753847586", "osm_object_type": "node", "name": "", "facility_type": "police", "source_layer": "gis_osm_pois_free", "verification_status": "unverified", "operational_status": null, "landing_capable": null, "assembly_capable": null, "source_date": "2026-09-20", "processed_at": "2026-09-21T10:36:24+00:00", "longitude": 118.7869856, "latitude": 32.3200896 }, "geometry": { "type": "Point", "coordinates": [ 118.7869856, 32.3200896 ] } },
{ "type": "Feature", "properties": { "facility_id": "F000254", "osm_id": "8920805742", "osm_object_type": "node", "name": "", "facility_type": "tourist_info", "source_layer": "gis_osm_pois_free", "verification_status": "unverified", "operational_status": null, "landing_capable": null, "assembly_capable": null, "source_date": "2026-09-20", "processed_at": "2026-09-21T10:36:24+00:00", "longitude": 118.8013531, "latitude": 32.3723733 }, "geometry": { "type": "Point", "coordinates": [ 118.8013531, 32.3723733 ] } },
{ "type": "Feature", "properties": { "facility_id": "F000255", "osm_id": "5500127458", "osm_object_type": "node", "name": "垂直电梯（地铁）", "facility_type": "tourist_info", "source_layer": "gis_osm_pois_free", "verification_status": "unverified", "operational_status": null, "landing_capable": null, "assembly_capable": null, "source_date": "2026-09-20", "processed_at": "2026-09-21T10:36:24+00:00", "longitude": 118.814924, "latitude": 32.3207301 }, "geometry": { "type": "Point", "coordinates": [ 118.814924, 32.3207301 ] } },
{ "type": "Feature", "properties": { "facility_id": "F000256", "osm_id": "6418688113", "osm_object_type": "node", "name": "", "facility_type": "shelter", "source_layer": "gis_osm_pois_free", "verification_status": "unverified", "operational_status": null, "landing_capable": null, "assembly_capable": null, "source_date": "2026-09-20", "processed_at": "2026-09-21T10:36:24+00:00", "longitude": 118.8345011, "latitude": 32.3238461 }, "geometry": { "type": "Point", "coordinates": [ 118.8345011, 32.3238461 ] } },
{ "type": "Feature", "properties": { "facility_id": "F000257", "osm_id": "4142084660", "osm_object_type": "node", "name": "", "facility_type": "police", "source_layer": "gis_osm_pois_free", "verification_status": "unverified", "operational_status": null, "landing_capable": null, "assembly_capable": null, "source_date": "2026-09-20", "processed_at": "2026-09-21T10:36:24+00:00", "longitude": 118.8178436, "latitude": 32.3228508 }, "geometry": { "type": "Point", "coordinates": [ 118.8178436, 32.3228508 ] } },
{ "type": "Feature", "properties": { "facility_id": "F000258", "osm_id": "6418689688", "osm_object_type": "node", "name": "", "facility_type": "shelter", "source_layer": "gis_osm_pois_free", "verification_status": "unverified", "operational_status": null, "landing_capable": null, "assembly_capable": null, "source_date": "2026-09-20", "processed_at": "2026-09-21T10:36:24+00:00", "longitude": 118.8087251, "latitude": 32.3242178 }, "geometry": { "type": "Point", "coordinates": [ 118.8087251, 32.3242178 ] } },
{ "type": "Feature", "properties": { "facility_id": "F000259", "osm_id": "5630488043", "osm_object_type": "node", "name": "", "facility_type": "shelter", "source_layer": "gis_osm_pois_free", "verification_status": "unverified", "operational_status": null, "landing_capable": null, "assembly_capable": null, "source_date": "2026-09-20", "processed_at": "2026-09-21T10:36:24+00:00", "longitude": 118.8408695, "latitude": 32.3217849 }, "geometry": { "type": "Point", "coordinates": [ 118.8408695, 32.3217849 ] } },
{ "type": "Feature", "properties": { "facility_id": "F000260", "osm_id": "5565875400", "osm_object_type": "node", "name": "", "facility_type": "shelter", "source_layer": "gis_osm_pois_free", "verification_status": "unverified", "operational_status": null, "landing_capable": null, "assembly_capable": null, "source_date": "2026-09-20", "processed_at": "2026-09-21T10:36:24+00:00", "longitude": 118.841664, "latitude": 32.3303526 }, "geometry": { "type": "Point", "coordinates": [ 118.841664, 32.3303526 ] } },
{ "type": "Feature", "properties": { "facility_id": "F000261", "osm_id": "5713402702", "osm_object_type": "node", "name": "", "facility_type": "shelter", "source_layer": "gis_osm_pois_free", "verification_status": "unverified", "operational_status": null, "landing_capable": null, "assembly_capable": null, "source_date": "2026-09-20", "processed_at": "2026-09-21T10:36:24+00:00", "longitude": 118.8356928, "latitude": 32.327224 }, "geometry": { "type": "Point", "coordinates": [ 118.8356928, 32.327224 ] } },
{ "type": "Feature", "properties": { "facility_id": "F000262", "osm_id": "5713402706", "osm_object_type": "node", "name": "", "facility_type": "shelter", "source_layer": "gis_osm_pois_free", "verification_status": "unverified", "operational_status": null, "landing_capable": null, "assembly_capable": null, "source_date": "2026-09-20", "processed_at": "2026-09-21T10:36:24+00:00", "longitude": 118.8353387, "latitude": 32.3272718 }, "geometry": { "type": "Point", "coordinates": [ 118.8353387, 32.3272718 ] } },
{ "type": "Feature", "properties": { "facility_id": "F000263", "osm_id": "5565875374", "osm_object_type": "node", "name": "", "facility_type": "shelter", "source_layer": "gis_osm_pois_free", "verification_status": "unverified", "operational_status": null, "landing_capable": null, "assembly_capable": null, "source_date": "2026-09-20", "processed_at": "2026-09-21T10:36:24+00:00", "longitude": 118.8386036, "latitude": 32.327753 }, "geometry": { "type": "Point", "coordinates": [ 118.8386036, 32.327753 ] } },
{ "type": "Feature", "properties": { "facility_id": "F000264", "osm_id": "6780898598", "osm_object_type": "node", "name": "亭子", "facility_type": "shelter", "source_layer": "gis_osm_pois_free", "verification_status": "unverified", "operational_status": null, "landing_capable": null, "assembly_capable": null, "source_date": "2026-09-20", "processed_at": "2026-09-21T10:36:24+00:00", "longitude": 118.8261744, "latitude": 32.3326434 }, "geometry": { "type": "Point", "coordinates": [ 118.8261744, 32.3326434 ] } },
{ "type": "Feature", "properties": { "facility_id": "F000265", "osm_id": "5535589766", "osm_object_type": "node", "name": "新城派出所", "facility_type": "police", "source_layer": "gis_osm_pois_free", "verification_status": "unverified", "operational_status": null, "landing_capable": null, "assembly_capable": null, "source_date": "2026-09-20", "processed_at": "2026-09-21T10:36:24+00:00", "longitude": 118.8346137, "latitude": 32.333214 }, "geometry": { "type": "Point", "coordinates": [ 118.8346137, 32.333214 ] } },
{ "type": "Feature", "properties": { "facility_id": "F000266", "osm_id": "5565875380", "osm_object_type": "node", "name": "", "facility_type": "shelter", "source_layer": "gis_osm_pois_free", "verification_status": "unverified", "operational_status": null, "landing_capable": null, "assembly_capable": null, "source_date": "2026-09-20", "processed_at": "2026-09-21T10:36:24+00:00", "longitude": 118.8428656, "latitude": 32.3314858 }, "geometry": { "type": "Point", "coordinates": [ 118.8428656, 32.3314858 ] } },
{ "type": "Feature", "properties": { "facility_id": "F000267", "osm_id": "5565876423", "osm_object_type": "node", "name": "", "facility_type": "shelter", "source_layer": "gis_osm_pois_free", "verification_status": "unverified", "operational_status": null, "landing_capable": null, "assembly_capable": null, "source_date": "2026-09-20", "processed_at": "2026-09-21T10:36:24+00:00", "longitude": 118.8448076, "latitude": 32.3325578 }, "geometry": { "type": "Point", "coordinates": [ 118.8448076, 32.3325578 ] } },
{ "type": "Feature", "properties": { "facility_id": "F000268", "osm_id": "5500127447", "osm_object_type": "node", "name": "垂直电梯（地铁2号口南）", "facility_type": "tourist_info", "source_layer": "gis_osm_pois_free", "verification_status": "unverified", "operational_status": null, "landing_capable": null, "assembly_capable": null, "source_date": "2026-09-20", "processed_at": "2026-09-21T10:36:24+00:00", "longitude": 118.832041, "latitude": 32.3363859 }, "geometry": { "type": "Point", "coordinates": [ 118.832041, 32.3363859 ] } },
{ "type": "Feature", "properties": { "facility_id": "F000269", "osm_id": "6418688195", "osm_object_type": "node", "name": "", "facility_type": "shelter", "source_layer": "gis_osm_pois_free", "verification_status": "unverified", "operational_status": null, "landing_capable": null, "assembly_capable": null, "source_date": "2026-09-20", "processed_at": "2026-09-21T10:36:24+00:00", "longitude": 118.8472309, "latitude": 32.3373448 }, "geometry": { "type": "Point", "coordinates": [ 118.8472309, 32.3373448 ] } },
{ "type": "Feature", "properties": { "facility_id": "F000270", "osm_id": "6418686747", "osm_object_type": "node", "name": "", "facility_type": "shelter", "source_layer": "gis_osm_pois_free", "verification_status": "unverified", "operational_status": null, "landing_capable": null, "assembly_capable": null, "source_date": "2026-09-20", "processed_at": "2026-09-21T10:36:24+00:00", "longitude": 118.8447954, "latitude": 32.3386048 }, "geometry": { "type": "Point", "coordinates": [ 118.8447954, 32.3386048 ] } },
{ "type": "Feature", "properties": { "facility_id": "F000271", "osm_id": "3240693689", "osm_object_type": "node", "name": "医务室", "facility_type": "hospital", "source_layer": "gis_osm_pois_free", "verification_status": "unverified", "operational_status": null, "landing_capable": null, "assembly_capable": null, "source_date": "2026-09-20", "processed_at": "2026-09-21T10:36:24+00:00", "longitude": 118.9341816, "latitude": 32.1329351 }, "geometry": { "type": "Point", "coordinates": [ 118.9341816, 32.1329351 ] } },
{ "type": "Feature", "properties": { "facility_id": "F000272", "osm_id": "8958950259", "osm_object_type": "node", "name": "", "facility_type": "tourist_info", "source_layer": "gis_osm_pois_free", "verification_status": "unverified", "operational_status": null, "landing_capable": null, "assembly_capable": null, "source_date": "2026-09-20", "processed_at": "2026-09-21T10:36:24+00:00", "longitude": 118.9927939, "latitude": 32.1670736 }, "geometry": { "type": "Point", "coordinates": [ 118.9927939, 32.1670736 ] } },
{ "type": "Feature", "properties": { "facility_id": "F000273", "osm_id": "8958949556", "osm_object_type": "node", "name": "", "facility_type": "tourist_info", "source_layer": "gis_osm_pois_free", "verification_status": "unverified", "operational_status": null, "landing_capable": null, "assembly_capable": null, "source_date": "2026-09-20", "processed_at": "2026-09-21T10:36:24+00:00", "longitude": 118.9948189, "latitude": 32.1676026 }, "geometry": { "type": "Point", "coordinates": [ 118.9948189, 32.1676026 ] } },
{ "type": "Feature", "properties": { "facility_id": "F000274", "osm_id": "13050177724", "osm_object_type": "node", "name": "醉乐亭", "facility_type": "shelter", "source_layer": "gis_osm_pois_free", "verification_status": "unverified", "operational_status": null, "landing_capable": null, "assembly_capable": null, "source_date": "2026-09-20", "processed_at": "2026-09-21T10:36:24+00:00", "longitude": 118.8942264, "latitude": 32.2526609 }, "geometry": { "type": "Point", "coordinates": [ 118.8942264, 32.2526609 ] } },
{ "type": "Feature", "properties": { "facility_id": "F000275", "osm_id": "13050177725", "osm_object_type": "node", "name": "望江亭", "facility_type": "shelter", "source_layer": "gis_osm_pois_free", "verification_status": "unverified", "operational_status": null, "landing_capable": null, "assembly_capable": null, "source_date": "2026-09-20", "processed_at": "2026-09-21T10:36:24+00:00", "longitude": 118.891711, "latitude": 32.253361 }, "geometry": { "type": "Point", "coordinates": [ 118.891711, 32.253361 ] } },
{ "type": "Feature", "properties": { "facility_id": "F000276", "osm_id": "11559766179", "osm_object_type": "node", "name": "", "facility_type": "clinic", "source_layer": "gis_osm_pois_free", "verification_status": "unverified", "operational_status": null, "landing_capable": null, "assembly_capable": null, "source_date": "2026-09-20", "processed_at": "2026-09-21T10:36:24+00:00", "longitude": 119.0702708, "latitude": 32.1757918 }, "geometry": { "type": "Point", "coordinates": [ 119.0702708, 32.1757918 ] } },
{ "type": "Feature", "properties": { "facility_id": "F000277", "osm_id": "12190149251", "osm_object_type": "node", "name": "长江航运公安局南京分局沿江派出所", "facility_type": "police", "source_layer": "gis_osm_pois_free", "verification_status": "unverified", "operational_status": null, "landing_capable": null, "assembly_capable": null, "source_date": "2026-09-20", "processed_at": "2026-09-21T10:36:24+00:00", "longitude": 119.0652671, "latitude": 32.1995335 }, "geometry": { "type": "Point", "coordinates": [ 119.0652671, 32.1995335 ] } },
{ "type": "Feature", "properties": { "facility_id": "F000278", "osm_id": "5753847490", "osm_object_type": "node", "name": "", "facility_type": "police", "source_layer": "gis_osm_pois_free", "verification_status": "unverified", "operational_status": null, "landing_capable": null, "assembly_capable": null, "source_date": "2026-09-20", "processed_at": "2026-09-21T10:36:24+00:00", "longitude": 118.8429043, "latitude": 32.352547 }, "geometry": { "type": "Point", "coordinates": [ 118.8429043, 32.352547 ] } },
{ "type": "Feature", "properties": { "facility_id": "F000279", "osm_id": "13827315436", "osm_object_type": "node", "name": "鼓楼旅游咨询服务中心", "facility_type": "tourist_info", "source_layer": "gis_osm_pois_free", "verification_status": "unverified", "operational_status": null, "landing_capable": null, "assembly_capable": null, "source_date": "2026-09-20", "processed_at": "2026-09-21T10:36:24+00:00", "longitude": 118.7638659, "latitude": 32.0673224 }, "geometry": { "type": "Point", "coordinates": [ 118.7638659, 32.0673224 ] } },
{ "type": "Feature", "properties": { "facility_id": "F000280", "osm_id": "2776540948", "osm_object_type": "node", "name": "南京艺术学院卫生所", "facility_type": "hospital", "source_layer": "gis_osm_pois_free", "verification_status": "unverified", "operational_status": null, "landing_capable": null, "assembly_capable": null, "source_date": "2026-09-20", "processed_at": "2026-09-21T10:36:24+00:00", "longitude": 118.7474057, "latitude": 32.0665418 }, "geometry": { "type": "Point", "coordinates": [ 118.7474057, 32.0665418 ] } },
{ "type": "Feature", "properties": { "facility_id": "F000281", "osm_id": "6017684006", "osm_object_type": "node", "name": "", "facility_type": "shelter", "source_layer": "gis_osm_pois_free", "verification_status": "unverified", "operational_status": null, "landing_capable": null, "assembly_capable": null, "source_date": "2026-09-20", "processed_at": "2026-09-21T10:36:24+00:00", "longitude": 118.7459636, "latitude": 32.0682438 }, "geometry": { "type": "Point", "coordinates": [ 118.7459636, 32.0682438 ] } },
{ "type": "Feature", "properties": { "facility_id": "F000282", "osm_id": "5314427222", "osm_object_type": "node", "name": "中大医院", "facility_type": "hospital", "source_layer": "gis_osm_pois_free", "verification_status": "unverified", "operational_status": null, "landing_capable": null, "assembly_capable": null, "source_date": "2026-09-20", "processed_at": "2026-09-21T10:36:24+00:00", "longitude": 118.7717142, "latitude": 32.0731683 }, "geometry": { "type": "Point", "coordinates": [ 118.7717142, 32.0731683 ] } },
{ "type": "Feature", "properties": { "facility_id": "F000283", "osm_id": "10845893225", "osm_object_type": "node", "name": "孔雀园", "facility_type": "shelter", "source_layer": "gis_osm_pois_free", "verification_status": "unverified", "operational_status": null, "landing_capable": null, "assembly_capable": null, "source_date": "2026-09-20", "processed_at": "2026-09-21T10:36:24+00:00", "longitude": 118.6352316, "latitude": 32.0781891 }, "geometry": { "type": "Point", "coordinates": [ 118.6352316, 32.0781891 ] } },
{ "type": "Feature", "properties": { "facility_id": "F000284", "osm_id": "9671375385", "osm_object_type": "node", "name": "", "facility_type": "shelter", "source_layer": "gis_osm_pois_free", "verification_status": "unverified", "operational_status": null, "landing_capable": null, "assembly_capable": null, "source_date": "2026-09-20", "processed_at": "2026-09-21T10:36:24+00:00", "longitude": 118.5732727, "latitude": 32.0848547 }, "geometry": { "type": "Point", "coordinates": [ 118.5732727, 32.0848547 ] } },
{ "type": "Feature", "properties": { "facility_id": "F000285", "osm_id": "11236009701", "osm_object_type": "node", "name": "议事亭", "facility_type": "shelter", "source_layer": "gis_osm_pois_free", "verification_status": "unverified", "operational_status": null, "landing_capable": null, "assembly_capable": null, "source_date": "2026-09-20", "processed_at": "2026-09-21T10:36:24+00:00", "longitude": 118.5076132, "latitude": 32.0924902 }, "geometry": { "type": "Point", "coordinates": [ 118.5076132, 32.0924902 ] } },
{ "type": "Feature", "properties": { "facility_id": "F000286", "osm_id": "11386220031", "osm_object_type": "node", "name": "", "facility_type": "shelter", "source_layer": "gis_osm_pois_free", "verification_status": "unverified", "operational_status": null, "landing_capable": null, "assembly_capable": null, "source_date": "2026-09-20", "processed_at": "2026-09-21T10:36:24+00:00", "longitude": 118.5152394, "latitude": 32.0926342 }, "geometry": { "type": "Point", "coordinates": [ 118.5152394, 32.0926342 ] } },
{ "type": "Feature", "properties": { "facility_id": "F000287", "osm_id": "9613414291", "osm_object_type": "node", "name": "", "facility_type": "shelter", "source_layer": "gis_osm_pois_free", "verification_status": "unverified", "operational_status": null, "landing_capable": null, "assembly_capable": null, "source_date": "2026-09-20", "processed_at": "2026-09-21T10:36:24+00:00", "longitude": 118.6440074, "latitude": 32.0942859 }, "geometry": { "type": "Point", "coordinates": [ 118.6440074, 32.0942859 ] } },
{ "type": "Feature", "properties": { "facility_id": "F000288", "osm_id": "3278352023", "osm_object_type": "node", "name": "", "facility_type": "police", "source_layer": "gis_osm_pois_free", "verification_status": "unverified", "operational_status": null, "landing_capable": null, "assembly_capable": null, "source_date": "2026-09-20", "processed_at": "2026-09-21T10:36:24+00:00", "longitude": 118.7163088, "latitude": 32.0975625 }, "geometry": { "type": "Point", "coordinates": [ 118.7163088, 32.0975625 ] } },
{ "type": "Feature", "properties": { "facility_id": "F000289", "osm_id": "9633347695", "osm_object_type": "node", "name": "", "facility_type": "shelter", "source_layer": "gis_osm_pois_free", "verification_status": "unverified", "operational_status": null, "landing_capable": null, "assembly_capable": null, "source_date": "2026-09-20", "processed_at": "2026-09-21T10:36:24+00:00", "longitude": 118.6767948, "latitude": 32.0809186 }, "geometry": { "type": "Point", "coordinates": [ 118.6767948, 32.0809186 ] } },
{ "type": "Feature", "properties": { "facility_id": "F000290", "osm_id": "8714749492", "osm_object_type": "node", "name": "", "facility_type": "fire_station", "source_layer": "gis_osm_pois_free", "verification_status": "unverified", "operational_status": null, "landing_capable": null, "assembly_capable": null, "source_date": "2026-09-20", "processed_at": "2026-09-21T10:36:24+00:00", "longitude": 118.7641119, "latitude": 32.0830228 }, "geometry": { "type": "Point", "coordinates": [ 118.7641119, 32.0830228 ] } },
{ "type": "Feature", "properties": { "facility_id": "F000291", "osm_id": "5522511355", "osm_object_type": "node", "name": "山上亭子", "facility_type": "shelter", "source_layer": "gis_osm_pois_free", "verification_status": "unverified", "operational_status": null, "landing_capable": null, "assembly_capable": null, "source_date": "2026-09-20", "processed_at": "2026-09-21T10:36:24+00:00", "longitude": 118.7651423, "latitude": 32.0832215 }, "geometry": { "type": "Point", "coordinates": [ 118.7651423, 32.0832215 ] } },
{ "type": "Feature", "properties": { "facility_id": "F000292", "osm_id": "8516261442", "osm_object_type": "node", "name": "南京儿童医院", "facility_type": "hospital", "source_layer": "gis_osm_pois_free", "verification_status": "unverified", "operational_status": null, "landing_capable": null, "assembly_capable": null, "source_date": "2026-09-20", "processed_at": "2026-09-21T10:36:24+00:00", "longitude": 118.751028, "latitude": 32.0847097 }, "geometry": { "type": "Point", "coordinates": [ 118.751028, 32.0847097 ] } },
{ "type": "Feature", "properties": { "facility_id": "F000293", "osm_id": "8516261445", "osm_object_type": "node", "name": "", "facility_type": "hospital", "source_layer": "gis_osm_pois_free", "verification_status": "unverified", "operational_status": null, "landing_capable": null, "assembly_capable": null, "source_date": "2026-09-20", "processed_at": "2026-09-21T10:36:24+00:00", "longitude": 118.7516011, "latitude": 32.0851269 }, "geometry": { "type": "Point", "coordinates": [ 118.7516011, 32.0851269 ] } },
{ "type": "Feature", "properties": { "facility_id": "F000294", "osm_id": "5522511479", "osm_object_type": "node", "name": "学校门诊", "facility_type": "clinic", "source_layer": "gis_osm_pois_free", "verification_status": "unverified", "operational_status": null, "landing_capable": null, "assembly_capable": null, "source_date": "2026-09-20", "processed_at": "2026-09-21T10:36:24+00:00", "longitude": 118.7670555, "latitude": 32.0836934 }, "geometry": { "type": "Point", "coordinates": [ 118.7670555, 32.0836934 ] } },
{ "type": "Feature", "properties": { "facility_id": "F000295", "osm_id": "5522216835", "osm_object_type": "node", "name": "三好亭", "facility_type": "shelter", "source_layer": "gis_osm_pois_free", "verification_status": "unverified", "operational_status": null, "landing_capable": null, "assembly_capable": null, "source_date": "2026-09-20", "processed_at": "2026-09-21T10:36:24+00:00", "longitude": 118.7653194, "latitude": 32.0838942 }, "geometry": { "type": "Point", "coordinates": [ 118.7653194, 32.0838942 ] } },
{ "type": "Feature", "properties": { "facility_id": "F000296", "osm_id": "7981558508", "osm_object_type": "node", "name": "", "facility_type": "tourist_info", "source_layer": "gis_osm_pois_free", "verification_status": "unverified", "operational_status": null, "landing_capable": null, "assembly_capable": null, "source_date": "2026-09-20", "processed_at": "2026-09-21T10:36:24+00:00", "longitude": 118.7428548, "latitude": 32.0938352 }, "geometry": { "type": "Point", "coordinates": [ 118.7428548, 32.0938352 ] } },
{ "type": "Feature", "properties": { "facility_id": "F000297", "osm_id": "7981574521", "osm_object_type": "node", "name": "", "facility_type": "tourist_info", "source_layer": "gis_osm_pois_free", "verification_status": "unverified", "operational_status": null, "landing_capable": null, "assembly_capable": null, "source_date": "2026-09-20", "processed_at": "2026-09-21T10:36:24+00:00", "longitude": 118.7408407, "latitude": 32.0960676 }, "geometry": { "type": "Point", "coordinates": [ 118.7408407, 32.0960676 ] } },
{ "type": "Feature", "properties": { "facility_id": "F000298", "osm_id": "7981581876", "osm_object_type": "node", "name": "", "facility_type": "tourist_info", "source_layer": "gis_osm_pois_free", "verification_status": "unverified", "operational_status": null, "landing_capable": null, "assembly_capable": null, "source_date": "2026-09-20", "processed_at": "2026-09-21T10:36:24+00:00", "longitude": 118.7431061, "latitude": 32.0967575 }, "geometry": { "type": "Point", "coordinates": [ 118.7431061, 32.0967575 ] } },
{ "type": "Feature", "properties": { "facility_id": "F000299", "osm_id": "9704994760", "osm_object_type": "node", "name": "望江亭", "facility_type": "shelter", "source_layer": "gis_osm_pois_free", "verification_status": "unverified", "operational_status": null, "landing_capable": null, "assembly_capable": null, "source_date": "2026-09-20", "processed_at": "2026-09-21T10:36:24+00:00", "longitude": 118.7435057, "latitude": 32.111707 }, "geometry": { "type": "Point", "coordinates": [ 118.7435057, 32.111707 ] } },
{ "type": "Feature", "properties": { "facility_id": "F000300", "osm_id": "6418693886", "osm_object_type": "node", "name": "", "facility_type": "shelter", "source_layer": "gis_osm_pois_free", "verification_status": "unverified", "operational_status": null, "landing_capable": null, "assembly_capable": null, "source_date": "2026-09-20", "processed_at": "2026-09-21T10:36:24+00:00", "longitude": 118.7346156, "latitude": 32.1227372 }, "geometry": { "type": "Point", "coordinates": [ 118.7346156, 32.1227372 ] } },
{ "type": "Feature", "properties": { "facility_id": "F000301", "osm_id": "6418693885", "osm_object_type": "node", "name": "", "facility_type": "shelter", "source_layer": "gis_osm_pois_free", "verification_status": "unverified", "operational_status": null, "landing_capable": null, "assembly_capable": null, "source_date": "2026-09-20", "processed_at": "2026-09-21T10:36:24+00:00", "longitude": 118.7385585, "latitude": 32.126726 }, "geometry": { "type": "Point", "coordinates": [ 118.7385585, 32.126726 ] } },
{ "type": "Feature", "properties": { "facility_id": "F000302", "osm_id": "5565901949", "osm_object_type": "node", "name": "", "facility_type": "tourist_info", "source_layer": "gis_osm_pois_free", "verification_status": "unverified", "operational_status": null, "landing_capable": null, "assembly_capable": null, "source_date": "2026-09-20", "processed_at": "2026-09-21T10:36:24+00:00", "longitude": 118.7406681, "latitude": 32.1422634 }, "geometry": { "type": "Point", "coordinates": [ 118.7406681, 32.1422634 ] } },
{ "type": "Feature", "properties": { "facility_id": "F000303", "osm_id": "11524440034", "osm_object_type": "node", "name": "卫生所", "facility_type": "clinic", "source_layer": "gis_osm_pois_free", "verification_status": "unverified", "operational_status": null, "landing_capable": null, "assembly_capable": null, "source_date": "2026-09-20", "processed_at": "2026-09-21T10:36:24+00:00", "longitude": 118.6960475, "latitude": 32.1359873 }, "geometry": { "type": "Point", "coordinates": [ 118.6960475, 32.1359873 ] } },
{ "type": "Feature", "properties": { "facility_id": "F000304", "osm_id": "9705025623", "osm_object_type": "node", "name": "泰山新村派出所", "facility_type": "police", "source_layer": "gis_osm_pois_free", "verification_status": "unverified", "operational_status": null, "landing_capable": null, "assembly_capable": null, "source_date": "2026-09-20", "processed_at": "2026-09-21T10:36:24+00:00", "longitude": 118.7130095, "latitude": 32.1536799 }, "geometry": { "type": "Point", "coordinates": [ 118.7130095, 32.1536799 ] } },
{ "type": "Feature", "properties": { "facility_id": "F000305", "osm_id": "3259459961", "osm_object_type": "node", "name": "南京长海医院", "facility_type": "hospital", "source_layer": "gis_osm_pois_free", "verification_status": "unverified", "operational_status": null, "landing_capable": null, "assembly_capable": null, "source_date": "2026-09-20", "processed_at": "2026-09-21T10:36:24+00:00", "longitude": 118.708356, "latitude": 32.1546399 }, "geometry": { "type": "Point", "coordinates": [ 118.708356, 32.1546399 ] } },
{ "type": "Feature", "properties": { "facility_id": "F000306", "osm_id": "1040539397", "osm_object_type": "node", "name": "南京市高新区公安消防大队", "facility_type": "fire_station", "source_layer": "gis_osm_pois_free", "verification_status": "unverified", "operational_status": null, "landing_capable": null, "assembly_capable": null, "source_date": "2026-09-20", "processed_at": "2026-09-21T10:36:24+00:00", "longitude": 118.7084046, "latitude": 32.166258 }, "geometry": { "type": "Point", "coordinates": [ 118.7084046, 32.166258 ] } },
{ "type": "Feature", "properties": { "facility_id": "F000307", "osm_id": "3659829032", "osm_object_type": "node", "name": "高新区医院", "facility_type": "hospital", "source_layer": "gis_osm_pois_free", "verification_status": "unverified", "operational_status": null, "landing_capable": null, "assembly_capable": null, "source_date": "2026-09-20", "processed_at": "2026-09-21T10:36:24+00:00", "longitude": 118.711982, "latitude": 32.1740887 }, "geometry": { "type": "Point", "coordinates": [ 118.711982, 32.1740887 ] } },
{ "type": "Feature", "properties": { "facility_id": "F000308", "osm_id": "1040569769", "osm_object_type": "node", "name": "南京市公安局江北新区分局", "facility_type": "police", "source_layer": "gis_osm_pois_free", "verification_status": "unverified", "operational_status": null, "landing_capable": null, "assembly_capable": null, "source_date": "2026-09-20", "processed_at": "2026-09-21T10:36:24+00:00", "longitude": 118.7074369, "latitude": 32.1664124 }, "geometry": { "type": "Point", "coordinates": [ 118.7074369, 32.1664124 ] } },
{ "type": "Feature", "properties": { "facility_id": "F000309", "osm_id": "6420322167", "osm_object_type": "node", "name": "花旗医院", "facility_type": "hospital", "source_layer": "gis_osm_pois_free", "verification_status": "unverified", "operational_status": null, "landing_capable": null, "assembly_capable": null, "source_date": "2026-09-20", "processed_at": "2026-09-21T10:36:24+00:00", "longitude": 118.6675011, "latitude": 32.1768801 }, "geometry": { "type": "Point", "coordinates": [ 118.6675011, 32.1768801 ] } },
{ "type": "Feature", "properties": { "facility_id": "F000310", "osm_id": "13290689873", "osm_object_type": "node", "name": "沿江街道派出所", "facility_type": "police", "source_layer": "gis_osm_pois_free", "verification_status": "unverified", "operational_status": null, "landing_capable": null, "assembly_capable": null, "source_date": "2026-09-20", "processed_at": "2026-09-21T10:36:24+00:00", "longitude": 118.7357388, "latitude": 32.1533722 }, "geometry": { "type": "Point", "coordinates": [ 118.7357388, 32.1533722 ] } },
{ "type": "Feature", "properties": { "facility_id": "F000311", "osm_id": "3438503791", "osm_object_type": "node", "name": "", "facility_type": "police", "source_layer": "gis_osm_pois_free", "verification_status": "unverified", "operational_status": null, "landing_capable": null, "assembly_capable": null, "source_date": "2026-09-20", "processed_at": "2026-09-21T10:36:24+00:00", "longitude": 118.752192, "latitude": 32.140893 }, "geometry": { "type": "Point", "coordinates": [ 118.752192, 32.140893 ] } },
{ "type": "Feature", "properties": { "facility_id": "F000312", "osm_id": "12189967254", "osm_object_type": "node", "name": "", "facility_type": "shelter", "source_layer": "gis_osm_pois_free", "verification_status": "unverified", "operational_status": null, "landing_capable": null, "assembly_capable": null, "source_date": "2026-09-20", "processed_at": "2026-09-21T10:36:24+00:00", "longitude": 118.7821842, "latitude": 32.0858818 }, "geometry": { "type": "Point", "coordinates": [ 118.7821842, 32.0858818 ] } },
{ "type": "Feature", "properties": { "facility_id": "F000313", "osm_id": "4415977749", "osm_object_type": "node", "name": "小市社区卫生服务中心", "facility_type": "hospital", "source_layer": "gis_osm_pois_free", "verification_status": "unverified", "operational_status": null, "landing_capable": null, "assembly_capable": null, "source_date": "2026-09-20", "processed_at": "2026-09-21T10:36:24+00:00", "longitude": 118.7806268, "latitude": 32.0958828 }, "geometry": { "type": "Point", "coordinates": [ 118.7806268, 32.0958828 ] } },
{ "type": "Feature", "properties": { "facility_id": "F000314", "osm_id": "4415977761", "osm_object_type": "node", "name": "新华诊所", "facility_type": "clinic", "source_layer": "gis_osm_pois_free", "verification_status": "unverified", "operational_status": null, "landing_capable": null, "assembly_capable": null, "source_date": "2026-09-20", "processed_at": "2026-09-21T10:36:24+00:00", "longitude": 118.7817117, "latitude": 32.0965669 }, "geometry": { "type": "Point", "coordinates": [ 118.7817117, 32.0965669 ] } },
{ "type": "Feature", "properties": { "facility_id": "F000315", "osm_id": "5502446666", "osm_object_type": "node", "name": "地铁垂直电梯", "facility_type": "tourist_info", "source_layer": "gis_osm_pois_free", "verification_status": "unverified", "operational_status": null, "landing_capable": null, "assembly_capable": null, "source_date": "2026-09-20", "processed_at": "2026-09-21T10:36:24+00:00", "longitude": 118.780027, "latitude": 32.0974558 }, "geometry": { "type": "Point", "coordinates": [ 118.780027, 32.0974558 ] } },
{ "type": "Feature", "properties": { "facility_id": "F000316", "osm_id": "5785769720", "osm_object_type": "node", "name": "交警大队", "facility_type": "police", "source_layer": "gis_osm_pois_free", "verification_status": "unverified", "operational_status": null, "landing_capable": null, "assembly_capable": null, "source_date": "2026-09-20", "processed_at": "2026-09-21T10:36:24+00:00", "longitude": 118.7786913, "latitude": 32.3023047 }, "geometry": { "type": "Point", "coordinates": [ 118.7786913, 32.3023047 ] } },
{ "type": "Feature", "properties": { "facility_id": "F000317", "osm_id": "3659825067", "osm_object_type": "node", "name": "", "facility_type": "hospital", "source_layer": "gis_osm_pois_free", "verification_status": "unverified", "operational_status": null, "landing_capable": null, "assembly_capable": null, "source_date": "2026-09-20", "processed_at": "2026-09-21T10:36:24+00:00", "longitude": 118.6971982, "latitude": 32.1808631 }, "geometry": { "type": "Point", "coordinates": [ 118.6971982, 32.1808631 ] } },
{ "type": "Feature", "properties": { "facility_id": "F000318", "osm_id": "1289309525", "osm_object_type": "way", "name": "砖墙中心卫生院", "facility_type": "hospital", "source_layer": "gis_osm_pois_a_free", "verification_status": "unverified", "operational_status": null, "landing_capable": null, "assembly_capable": null, "source_date": "2026-09-20", "processed_at": "2026-09-21T10:36:24+00:00", "longitude": 118.82650325893701, "latitude": 31.26810315 }, "geometry": { "type": "Point", "coordinates": [ 118.826503258937009, 31.26810315 ] } },
{ "type": "Feature", "properties": { "facility_id": "F000319", "osm_id": "138685067", "osm_object_type": "way", "name": "禄口派出所", "facility_type": "police", "source_layer": "gis_osm_pois_a_free", "verification_status": "unverified", "operational_status": null, "landing_capable": null, "assembly_capable": null, "source_date": "2026-09-20", "processed_at": "2026-09-21T10:36:24+00:00", "longitude": 118.84989135803114, "latitude": 31.779963 }, "geometry": { "type": "Point", "coordinates": [ 118.849891358031144, 31.779963 ] } },
{ "type": "Feature", "properties": { "facility_id": "F000320", "osm_id": "1498125779", "osm_object_type": "way", "name": "南京市公安局江宁分局交巡警大队高新区中队", "facility_type": "police", "source_layer": "gis_osm_pois_a_free", "verification_status": "unverified", "operational_status": null, "landing_capable": null, "assembly_capable": null, "source_date": "2026-09-20", "processed_at": "2026-09-21T10:36:24+00:00", "longitude": 118.83832939180976, "latitude": 31.923218 }, "geometry": { "type": "Point", "coordinates": [ 118.838329391809765, 31.923218 ] } },
{ "type": "Feature", "properties": { "facility_id": "F000321", "osm_id": "1254246278", "osm_object_type": "way", "name": "南京鼓楼医院集团享悦医院", "facility_type": "hospital", "source_layer": "gis_osm_pois_a_free", "verification_status": "unverified", "operational_status": null, "landing_capable": null, "assembly_capable": null, "source_date": "2026-09-20", "processed_at": "2026-09-21T10:36:24+00:00", "longitude": 118.84318524827776, "latitude": 31.93272955 }, "geometry": { "type": "Point", "coordinates": [ 118.843185248277763, 31.93272955 ] } },
{ "type": "Feature", "properties": { "facility_id": "F000322", "osm_id": "1254246235", "osm_object_type": "way", "name": "东山派出所", "facility_type": "police", "source_layer": "gis_osm_pois_a_free", "verification_status": "unverified", "operational_status": null, "landing_capable": null, "assembly_capable": null, "source_date": "2026-09-20", "processed_at": "2026-09-21T10:36:24+00:00", "longitude": 118.84273362694825, "latitude": 31.93794135 }, "geometry": { "type": "Point", "coordinates": [ 118.842733626948245, 31.93794135 ] } },
{ "type": "Feature", "properties": { "facility_id": "F000323", "osm_id": "1289309523", "osm_object_type": "way", "name": "阳江镇卫生院", "facility_type": "hospital", "source_layer": "gis_osm_pois_a_free", "verification_status": "unverified", "operational_status": null, "landing_capable": null, "assembly_capable": null, "source_date": "2026-09-20", "processed_at": "2026-09-21T10:36:24+00:00", "longitude": 118.8177452302323, "latitude": 31.33378545 }, "geometry": { "type": "Point", "coordinates": [ 118.817745230232305, 31.33378545 ] } },
{ "type": "Feature", "properties": { "facility_id": "F000324", "osm_id": "934913057", "osm_object_type": "way", "name": "", "facility_type": "shelter", "source_layer": "gis_osm_pois_a_free", "verification_status": "unverified", "operational_status": null, "landing_capable": null, "assembly_capable": null, "source_date": "2026-09-20", "processed_at": "2026-09-21T10:36:24+00:00", "longitude": 118.81615101820302, "latitude": 31.88930325 }, "geometry": { "type": "Point", "coordinates": [ 118.816151018203016, 31.88930325 ] } },
{ "type": "Feature", "properties": { "facility_id": "F000325", "osm_id": "300020027", "osm_object_type": "way", "name": "东南大学校医院", "facility_type": "hospital", "source_layer": "gis_osm_pois_a_free", "verification_status": "unverified", "operational_status": null, "landing_capable": null, "assembly_capable": null, "source_date": "2026-09-20", "processed_at": "2026-09-21T10:36:24+00:00", "longitude": 118.81928179071991, "latitude": 31.89494065 }, "geometry": { "type": "Point", "coordinates": [ 118.819281790719913, 31.89494065 ] } },
{ "type": "Feature", "properties": { "facility_id": "F000326", "osm_id": "1254063829", "osm_object_type": "way", "name": "南京同仁医院", "facility_type": "hospital", "source_layer": "gis_osm_pois_a_free", "verification_status": "unverified", "operational_status": null, "landing_capable": null, "assembly_capable": null, "source_date": "2026-09-20", "processed_at": "2026-09-21T10:36:24+00:00", "longitude": 118.82206259261376, "latitude": 31.89855765 }, "geometry": { "type": "Point", "coordinates": [ 118.822062592613761, 31.89855765 ] } },
{ "type": "Feature", "properties": { "facility_id": "F000327", "osm_id": "1245441126", "osm_object_type": "way", "name": "江宁区消防救援大队百家湖站", "facility_type": "fire_station", "source_layer": "gis_osm_pois_a_free", "verification_status": "unverified", "operational_status": null, "landing_capable": null, "assembly_capable": null, "source_date": "2026-09-20", "processed_at": "2026-09-21T10:36:24+00:00", "longitude": 118.79737330601301, "latitude": 31.93294185 }, "geometry": { "type": "Point", "coordinates": [ 118.797373306013014, 31.93294185 ] } },
{ "type": "Feature", "properties": { "facility_id": "F000328", "osm_id": "1245441130", "osm_object_type": "way", "name": "开发区派出所", "facility_type": "police", "source_layer": "gis_osm_pois_a_free", "verification_status": "unverified", "operational_status": null, "landing_capable": null, "assembly_capable": null, "source_date": "2026-09-20", "processed_at": "2026-09-21T10:36:24+00:00", "longitude": 118.79797195923976, "latitude": 31.9347791 }, "geometry": { "type": "Point", "coordinates": [ 118.79797195923976, 31.9347791 ] } },
{ "type": "Feature", "properties": { "facility_id": "F000329", "osm_id": "1245441134", "osm_object_type": "way", "name": "江宁区开发区交警中队综合服务中心", "facility_type": "police", "source_layer": "gis_osm_pois_a_free", "verification_status": "unverified", "operational_status": null, "landing_capable": null, "assembly_capable": null, "source_date": "2026-09-20", "processed_at": "2026-09-21T10:36:24+00:00", "longitude": 118.79730417460378, "latitude": 31.9365153 }, "geometry": { "type": "Point", "coordinates": [ 118.797304174603781, 31.9365153 ] } },
{ "type": "Feature", "properties": { "facility_id": "F000330", "osm_id": "1245441120", "osm_object_type": "way", "name": "江宁医院", "facility_type": "hospital", "source_layer": "gis_osm_pois_a_free", "verification_status": "unverified", "operational_status": null, "landing_capable": null, "assembly_capable": null, "source_date": "2026-09-20", "processed_at": "2026-09-21T10:36:24+00:00", "longitude": 118.79699819585349, "latitude": 31.9336359 }, "geometry": { "type": "Point", "coordinates": [ 118.79699819585349, 31.9336359 ] } },
{ "type": "Feature", "properties": { "facility_id": "F000331", "osm_id": "1302223903", "osm_object_type": "way", "name": "警卫室", "facility_type": "shelter", "source_layer": "gis_osm_pois_a_free", "verification_status": "unverified", "operational_status": null, "landing_capable": null, "assembly_capable": null, "source_date": "2026-09-20", "processed_at": "2026-09-21T10:36:24+00:00", "longitude": 118.8289077278022, "latitude": 31.9339316 }, "geometry": { "type": "Point", "coordinates": [ 118.828907727802203, 31.9339316 ] } },
{ "type": "Feature", "properties": { "facility_id": "F000332", "osm_id": "1245441168", "osm_object_type": "way", "name": "南京胜泰医院", "facility_type": "hospital", "source_layer": "gis_osm_pois_a_free", "verification_status": "unverified", "operational_status": null, "landing_capable": null, "assembly_capable": null, "source_date": "2026-09-20", "processed_at": "2026-09-21T10:36:24+00:00", "longitude": 118.82256747498089, "latitude": 31.93966845 }, "geometry": { "type": "Point", "coordinates": [ 118.822567474980886, 31.93966845 ] } },
{ "type": "Feature", "properties": { "facility_id": "F000333", "osm_id": "1245441179", "osm_object_type": "way", "name": "南京江宁友爱医院", "facility_type": "hospital", "source_layer": "gis_osm_pois_a_free", "verification_status": "unverified", "operational_status": null, "landing_capable": null, "assembly_capable": null, "source_date": "2026-09-20", "processed_at": "2026-09-21T10:36:24+00:00", "longitude": 118.81593229079107, "latitude": 31.9442735 }, "geometry": { "type": "Point", "coordinates": [ 118.815932290791068, 31.9442735 ] } },
{ "type": "Feature", "properties": { "facility_id": "F000334", "osm_id": "1245441147", "osm_object_type": "way", "name": "开发区派出所胜太警务室", "facility_type": "police", "source_layer": "gis_osm_pois_a_free", "verification_status": "unverified", "operational_status": null, "landing_capable": null, "assembly_capable": null, "source_date": "2026-09-20", "processed_at": "2026-09-21T10:36:24+00:00", "longitude": 118.8198405271328, "latitude": 31.9486796 }, "geometry": { "type": "Point", "coordinates": [ 118.819840527132797, 31.9486796 ] } },
{ "type": "Feature", "properties": { "facility_id": "F000335", "osm_id": "1245465648", "osm_object_type": "way", "name": "苏王医疗美容医院", "facility_type": "hospital", "source_layer": "gis_osm_pois_a_free", "verification_status": "unverified", "operational_status": null, "landing_capable": null, "assembly_capable": null, "source_date": "2026-09-20", "processed_at": "2026-09-21T10:36:24+00:00", "longitude": 118.84601707524865, "latitude": 31.9521194 }, "geometry": { "type": "Point", "coordinates": [ 118.846017075248653, 31.9521194 ] } },
{ "type": "Feature", "properties": { "facility_id": "F000336", "osm_id": "1245465653", "osm_object_type": "way", "name": "南京市江宁医院", "facility_type": "hospital", "source_layer": "gis_osm_pois_a_free", "verification_status": "unverified", "operational_status": null, "landing_capable": null, "assembly_capable": null, "source_date": "2026-09-20", "processed_at": "2026-09-21T10:36:24+00:00", "longitude": 118.8440529922524, "latitude": 31.9527513 }, "geometry": { "type": "Point", "coordinates": [ 118.844052992252401, 31.9527513 ] } },
{ "type": "Feature", "properties": { "facility_id": "F000337", "osm_id": "1268939634", "osm_object_type": "way", "name": "南京市公安局江宁分局特巡警大队", "facility_type": "police", "source_layer": "gis_osm_pois_a_free", "verification_status": "unverified", "operational_status": null, "landing_capable": null, "assembly_capable": null, "source_date": "2026-09-20", "processed_at": "2026-09-21T10:36:24+00:00", "longitude": 118.83816505902512, "latitude": 31.9728117 }, "geometry": { "type": "Point", "coordinates": [ 118.838165059025116, 31.9728117 ] } },
{ "type": "Feature", "properties": { "facility_id": "F000338", "osm_id": "1052923927", "osm_object_type": "way", "name": "东区候车室", "facility_type": "shelter", "source_layer": "gis_osm_pois_a_free", "verification_status": "unverified", "operational_status": null, "landing_capable": null, "assembly_capable": null, "source_date": "2026-09-20", "processed_at": "2026-09-21T10:36:24+00:00", "longitude": 118.79000675666784, "latitude": 31.9404643 }, "geometry": { "type": "Point", "coordinates": [ 118.790006756667836, 31.9404643 ] } },
{ "type": "Feature", "properties": { "facility_id": "F000339", "osm_id": "1245449729", "osm_object_type": "way", "name": "南京江宁医宁中医医院", "facility_type": "hospital", "source_layer": "gis_osm_pois_a_free", "verification_status": "unverified", "operational_status": null, "landing_capable": null, "assembly_capable": null, "source_date": "2026-09-20", "processed_at": "2026-09-21T10:36:24+00:00", "longitude": 118.80730019033817, "latitude": 31.9478837 }, "geometry": { "type": "Point", "coordinates": [ 118.807300190338168, 31.9478837 ] } },
{ "type": "Feature", "properties": { "facility_id": "F000340", "osm_id": "1265420832", "osm_object_type": "way", "name": "岔路派出所", "facility_type": "police", "source_layer": "gis_osm_pois_a_free", "verification_status": "unverified", "operational_status": null, "landing_capable": null, "assembly_capable": null, "source_date": "2026-09-20", "processed_at": "2026-09-21T10:36:24+00:00", "longitude": 118.81108908139589, "latitude": 31.9661433 }, "geometry": { "type": "Point", "coordinates": [ 118.811089081395892, 31.9661433 ] } },
{ "type": "Feature", "properties": { "facility_id": "F000341", "osm_id": "1265420813", "osm_object_type": "way", "name": "东山街道社区卫生服务中心", "facility_type": "hospital", "source_layer": "gis_osm_pois_a_free", "verification_status": "unverified", "operational_status": null, "landing_capable": null, "assembly_capable": null, "source_date": "2026-09-20", "processed_at": "2026-09-21T10:36:24+00:00", "longitude": 118.8201440745427, "latitude": 31.96580155 }, "geometry": { "type": "Point", "coordinates": [ 118.820144074542696, 31.96580155 ] } },
{ "type": "Feature", "properties": { "facility_id": "F000342", "osm_id": "668609379", "osm_object_type": "way", "name": "南京市中医院", "facility_type": "hospital", "source_layer": "gis_osm_pois_a_free", "verification_status": "unverified", "operational_status": null, "landing_capable": null, "assembly_capable": null, "source_date": "2026-09-20", "processed_at": "2026-09-21T10:36:24+00:00", "longitude": 118.80255894281109, "latitude": 31.9979727 }, "geometry": { "type": "Point", "coordinates": [ 118.802558942811089, 31.9979727 ] } },
{ "type": "Feature", "properties": { "facility_id": "F000343", "osm_id": "1265420808", "osm_object_type": "way", "name": "南京公安局江宁分局交通警察大队南站中队", "facility_type": "police", "source_layer": "gis_osm_pois_a_free", "verification_status": "unverified", "operational_status": null, "landing_capable": null, "assembly_capable": null, "source_date": "2026-09-20", "processed_at": "2026-09-21T10:36:24+00:00", "longitude": 118.82008476299356, "latitude": 31.9688649 }, "geometry": { "type": "Point", "coordinates": [ 118.820084762993559, 31.9688649 ] } },
{ "type": "Feature", "properties": { "facility_id": "F000344", "osm_id": "1247994079", "osm_object_type": "way", "name": "南京市江宁医院", "facility_type": "hospital", "source_layer": "gis_osm_pois_a_free", "verification_status": "unverified", "operational_status": null, "landing_capable": null, "assembly_capable": null, "source_date": "2026-09-20", "processed_at": "2026-09-21T10:36:24+00:00", "longitude": 118.86462393782247, "latitude": 31.95777275 }, "geometry": { "type": "Point", "coordinates": [ 118.864623937822472, 31.95777275 ] } },
{ "type": "Feature", "properties": { "facility_id": "F000345", "osm_id": "1247994083", "osm_object_type": "way", "name": "高新区交警中队江宁公安分局", "facility_type": "police", "source_layer": "gis_osm_pois_a_free", "verification_status": "unverified", "operational_status": null, "landing_capable": null, "assembly_capable": null, "source_date": "2026-09-20", "processed_at": "2026-09-21T10:36:24+00:00", "longitude": 118.87218309084565, "latitude": 31.9584733 }, "geometry": { "type": "Point", "coordinates": [ 118.872183090845652, 31.9584733 ] } },
{ "type": "Feature", "properties": { "facility_id": "F000346", "osm_id": "1245475762", "osm_object_type": "way", "name": "南京市江宁区消防大队", "facility_type": "fire_station", "source_layer": "gis_osm_pois_a_free", "verification_status": "unverified", "operational_status": null, "landing_capable": null, "assembly_capable": null, "source_date": "2026-09-20", "processed_at": "2026-09-21T10:36:24+00:00", "longitude": 118.85475955231946, "latitude": 31.96547175 }, "geometry": { "type": "Point", "coordinates": [ 118.854759552319464, 31.96547175 ] } },
{ "type": "Feature", "properties": { "facility_id": "F000347", "osm_id": "917423159", "osm_object_type": "way", "name": "南京一民医院", "facility_type": "hospital", "source_layer": "gis_osm_pois_a_free", "verification_status": "unverified", "operational_status": null, "landing_capable": null, "assembly_capable": null, "source_date": "2026-09-20", "processed_at": "2026-09-21T10:36:24+00:00", "longitude": 118.87287022224378, "latitude": 31.9765434 }, "geometry": { "type": "Point", "coordinates": [ 118.872870222243776, 31.9765434 ] } },
{ "type": "Feature", "properties": { "facility_id": "F000348", "osm_id": "1246306647", "osm_object_type": "way", "name": "南京市江宁区中医院", "facility_type": "hospital", "source_layer": "gis_osm_pois_a_free", "verification_status": "unverified", "operational_status": null, "landing_capable": null, "assembly_capable": null, "source_date": "2026-09-20", "processed_at": "2026-09-21T10:36:24+00:00", "longitude": 118.85409064249055, "latitude": 31.96731375 }, "geometry": { "type": "Point", "coordinates": [ 118.854090642490547, 31.96731375 ] } },
{ "type": "Feature", "properties": { "facility_id": "F000349", "osm_id": "1313899336", "osm_object_type": "way", "name": "上坊社区卫生服务中心", "facility_type": "clinic", "source_layer": "gis_osm_pois_a_free", "verification_status": "unverified", "operational_status": null, "landing_capable": null, "assembly_capable": null, "source_date": "2026-09-20", "processed_at": "2026-09-21T10:36:24+00:00", "longitude": 118.87310566619837, "latitude": 31.99752545 }, "geometry": { "type": "Point", "coordinates": [ 118.87310566619837, 31.99752545 ] } },
{ "type": "Feature", "properties": { "facility_id": "F000350", "osm_id": "1364011508", "osm_object_type": "way", "name": "", "facility_type": "shelter", "source_layer": "gis_osm_pois_a_free", "verification_status": "unverified", "operational_status": null, "landing_capable": null, "assembly_capable": null, "source_date": "2026-09-20", "processed_at": "2026-09-21T10:36:24+00:00", "longitude": 118.78191710187778, "latitude": 31.99682555 }, "geometry": { "type": "Point", "coordinates": [ 118.781917101877781, 31.99682555 ] } },
{ "type": "Feature", "properties": { "facility_id": "F000351", "osm_id": "1364011513", "osm_object_type": "way", "name": "八角亭", "facility_type": "shelter", "source_layer": "gis_osm_pois_a_free", "verification_status": "unverified", "operational_status": null, "landing_capable": null, "assembly_capable": null, "source_date": "2026-09-20", "processed_at": "2026-09-21T10:36:24+00:00", "longitude": 118.77832419242424, "latitude": 31.9987025 }, "geometry": { "type": "Point", "coordinates": [ 118.778324192424236, 31.9987025 ] } },
{ "type": "Feature", "properties": { "facility_id": "F000352", "osm_id": "1283590717", "osm_object_type": "way", "name": "木樨苑", "facility_type": "shelter", "source_layer": "gis_osm_pois_a_free", "verification_status": "unverified", "operational_status": null, "landing_capable": null, "assembly_capable": null, "source_date": "2026-09-20", "processed_at": "2026-09-21T10:36:24+00:00", "longitude": 118.77686375343154, "latitude": 31.99990365 }, "geometry": { "type": "Point", "coordinates": [ 118.776863753431542, 31.99990365 ] } },
{ "type": "Feature", "properties": { "facility_id": "F000353", "osm_id": "1269018603", "osm_object_type": "way", "name": "中华门派出所", "facility_type": "police", "source_layer": "gis_osm_pois_a_free", "verification_status": "unverified", "operational_status": null, "landing_capable": null, "assembly_capable": null, "source_date": "2026-09-20", "processed_at": "2026-09-21T10:36:24+00:00", "longitude": 118.79181379607881, "latitude": 32.00460035 }, "geometry": { "type": "Point", "coordinates": [ 118.791813796078813, 32.00460035 ] } },
{ "type": "Feature", "properties": { "facility_id": "F000354", "osm_id": "1269018598", "osm_object_type": "way", "name": "南京海熙护理院门诊", "facility_type": "clinic", "source_layer": "gis_osm_pois_a_free", "verification_status": "unverified", "operational_status": null, "landing_capable": null, "assembly_capable": null, "source_date": "2026-09-20", "processed_at": "2026-09-21T10:36:24+00:00", "longitude": 118.79033048241106, "latitude": 32.0046548 }, "geometry": { "type": "Point", "coordinates": [ 118.790330482411065, 32.0046548 ] } },
{ "type": "Feature", "properties": { "facility_id": "F000355", "osm_id": "1289583187", "osm_object_type": "way", "name": "秦淮分局刑警大队", "facility_type": "police", "source_layer": "gis_osm_pois_a_free", "verification_status": "unverified", "operational_status": null, "landing_capable": null, "assembly_capable": null, "source_date": "2026-09-20", "processed_at": "2026-09-21T10:36:24+00:00", "longitude": 118.80493666223812, "latitude": 32.00293 }, "geometry": { "type": "Point", "coordinates": [ 118.80493666223812, 32.00293 ] } },
{ "type": "Feature", "properties": { "facility_id": "F000356", "osm_id": "585539096", "osm_object_type": "way", "name": "南京市第一医院", "facility_type": "hospital", "source_layer": "gis_osm_pois_a_free", "verification_status": "unverified", "operational_status": null, "landing_capable": null, "assembly_capable": null, "source_date": "2026-09-20", "processed_at": "2026-09-21T10:36:24+00:00", "longitude": 118.77899979335828, "latitude": 32.01907015 }, "geometry": { "type": "Point", "coordinates": [ 118.778999793358281, 32.01907015 ] } },
{ "type": "Feature", "properties": { "facility_id": "F000357", "osm_id": "606920663", "osm_object_type": "way", "name": "南京龙蟠结石医院", "facility_type": "hospital", "source_layer": "gis_osm_pois_a_free", "verification_status": "unverified", "operational_status": null, "landing_capable": null, "assembly_capable": null, "source_date": "2026-09-20", "processed_at": "2026-09-21T10:36:24+00:00", "longitude": 118.79351231669432, "latitude": 32.0196362 }, "geometry": { "type": "Point", "coordinates": [ 118.793512316694319, 32.0196362 ] } },
{ "type": "Feature", "properties": { "facility_id": "F000358", "osm_id": "606920662", "osm_object_type": "way", "name": "南京马应龙中医医院", "facility_type": "hospital", "source_layer": "gis_osm_pois_a_free", "verification_status": "unverified", "operational_status": null, "landing_capable": null, "assembly_capable": null, "source_date": "2026-09-20", "processed_at": "2026-09-21T10:36:24+00:00", "longitude": 118.79364946416547, "latitude": 32.0201975 }, "geometry": { "type": "Point", "coordinates": [ 118.793649464165469, 32.0201975 ] } },
{ "type": "Feature", "properties": { "facility_id": "F000359", "osm_id": "606582302", "osm_object_type": "way", "name": "四五四医院", "facility_type": "hospital", "source_layer": "gis_osm_pois_a_free", "verification_status": "unverified", "operational_status": null, "landing_capable": null, "assembly_capable": null, "source_date": "2026-09-20", "processed_at": "2026-09-21T10:36:24+00:00", "longitude": 118.79285630608406, "latitude": 32.0312003 }, "geometry": { "type": "Point", "coordinates": [ 118.792856306084062, 32.0312003 ] } },
{ "type": "Feature", "properties": { "facility_id": "F000360", "osm_id": "948576465", "osm_object_type": "way", "name": "", "facility_type": "shelter", "source_layer": "gis_osm_pois_a_free", "verification_status": "unverified", "operational_status": null, "landing_capable": null, "assembly_capable": null, "source_date": "2026-09-20", "processed_at": "2026-09-21T10:36:24+00:00", "longitude": 118.78631341902701, "latitude": 32.01136315 }, "geometry": { "type": "Point", "coordinates": [ 118.78631341902701, 32.01136315 ] } },
{ "type": "Feature", "properties": { "facility_id": "F000361", "osm_id": "1302052041", "osm_object_type": "way", "name": "江苏省第二中医院", "facility_type": "hospital", "source_layer": "gis_osm_pois_a_free", "verification_status": "unverified", "operational_status": null, "landing_capable": null, "assembly_capable": null, "source_date": "2026-09-20", "processed_at": "2026-09-21T10:36:24+00:00", "longitude": 118.75032104132121, "latitude": 32.02408865 }, "geometry": { "type": "Point", "coordinates": [ 118.750321041321214, 32.02408865 ] } },
{ "type": "Feature", "properties": { "facility_id": "F000362", "osm_id": "1026024055", "osm_object_type": "way", "name": "待渡亭", "facility_type": "shelter", "source_layer": "gis_osm_pois_a_free", "verification_status": "unverified", "operational_status": null, "landing_capable": null, "assembly_capable": null, "source_date": "2026-09-20", "processed_at": "2026-09-21T10:36:24+00:00", "longitude": 118.75759471144255, "latitude": 32.0352039 }, "geometry": { "type": "Point", "coordinates": [ 118.75759471144255, 32.0352039 ] } },
{ "type": "Feature", "properties": { "facility_id": "F000363", "osm_id": "88678776", "osm_object_type": "way", "name": "汉中门消防中队", "facility_type": "fire_station", "source_layer": "gis_osm_pois_a_free", "verification_status": "unverified", "operational_status": null, "landing_capable": null, "assembly_capable": null, "source_date": "2026-09-20", "processed_at": "2026-09-21T10:36:24+00:00", "longitude": 118.76227695344575, "latitude": 32.0404822 }, "geometry": { "type": "Point", "coordinates": [ 118.762276953445749, 32.0404822 ] } },
{ "type": "Feature", "properties": { "facility_id": "F000364", "osm_id": "669343108", "osm_object_type": "way", "name": "", "facility_type": "shelter", "source_layer": "gis_osm_pois_a_free", "verification_status": "unverified", "operational_status": null, "landing_capable": null, "assembly_capable": null, "source_date": "2026-09-20", "processed_at": "2026-09-21T10:36:24+00:00", "longitude": 118.75988535, "latitude": 32.04434765 }, "geometry": { "type": "Point", "coordinates": [ 118.75988535, 32.04434765 ] } },
{ "type": "Feature", "properties": { "facility_id": "F000365", "osm_id": "1300565621", "osm_object_type": "way", "name": "主席台", "facility_type": "shelter", "source_layer": "gis_osm_pois_a_free", "verification_status": "unverified", "operational_status": null, "landing_capable": null, "assembly_capable": null, "source_date": "2026-09-20", "processed_at": "2026-09-21T10:36:24+00:00", "longitude": 118.83846707119157, "latitude": 32.03431795 }, "geometry": { "type": "Point", "coordinates": [ 118.838467071191573, 32.03431795 ] } },
{ "type": "Feature", "properties": { "facility_id": "F000366", "osm_id": "159607313", "osm_object_type": "way", "name": "南京农业大学校医院", "facility_type": "hospital", "source_layer": "gis_osm_pois_a_free", "verification_status": "unverified", "operational_status": null, "landing_capable": null, "assembly_capable": null, "source_date": "2026-09-20", "processed_at": "2026-09-21T10:36:24+00:00", "longitude": 118.84234497919357, "latitude": 32.0356349 }, "geometry": { "type": "Point", "coordinates": [ 118.84234497919357, 32.0356349 ] } },
{ "type": "Feature", "properties": { "facility_id": "F000367", "osm_id": "1300458978", "osm_object_type": "way", "name": "桃李廊", "facility_type": "shelter", "source_layer": "gis_osm_pois_a_free", "verification_status": "unverified", "operational_status": null, "landing_capable": null, "assembly_capable": null, "source_date": "2026-09-20", "processed_at": "2026-09-21T10:36:24+00:00", "longitude": 118.83987203328613, "latitude": 32.03737 }, "geometry": { "type": "Point", "coordinates": [ 118.839872033286127, 32.03737 ] } },
{ "type": "Feature", "properties": { "facility_id": "F000368", "osm_id": "1093710268", "osm_object_type": "way", "name": "中山康复医院", "facility_type": "hospital", "source_layer": "gis_osm_pois_a_free", "verification_status": "unverified", "operational_status": null, "landing_capable": null, "assembly_capable": null, "source_date": "2026-09-20", "processed_at": "2026-09-21T10:36:24+00:00", "longitude": 118.84090448515134, "latitude": 32.0522347 }, "geometry": { "type": "Point", "coordinates": [ 118.840904485151341, 32.0522347 ] } },
{ "type": "Feature", "properties": { "facility_id": "F000369", "osm_id": "318197090", "osm_object_type": "way", "name": "八一医院", "facility_type": "hospital", "source_layer": "gis_osm_pois_a_free", "verification_status": "unverified", "operational_status": null, "landing_capable": null, "assembly_capable": null, "source_date": "2026-09-20", "processed_at": "2026-09-21T10:36:24+00:00", "longitude": 118.78906737032656, "latitude": 32.03664105 }, "geometry": { "type": "Point", "coordinates": [ 118.789067370326563, 32.03664105 ] } },
{ "type": "Feature", "properties": { "facility_id": "F000370", "osm_id": "318173202", "osm_object_type": "way", "name": "", "facility_type": "police", "source_layer": "gis_osm_pois_a_free", "verification_status": "unverified", "operational_status": null, "landing_capable": null, "assembly_capable": null, "source_date": "2026-09-20", "processed_at": "2026-09-21T10:36:24+00:00", "longitude": 118.79430800900212, "latitude": 32.038108 }, "geometry": { "type": "Point", "coordinates": [ 118.794308009002123, 32.038108 ] } },
{ "type": "Feature", "properties": { "facility_id": "F000371", "osm_id": "479005402", "osm_object_type": "way", "name": "", "facility_type": "police", "source_layer": "gis_osm_pois_a_free", "verification_status": "unverified", "operational_status": null, "landing_capable": null, "assembly_capable": null, "source_date": "2026-09-20", "processed_at": "2026-09-21T10:36:24+00:00", "longitude": 118.79418206274721, "latitude": 32.03813275 }, "geometry": { "type": "Point", "coordinates": [ 118.794182062747211, 32.03813275 ] } },
{ "type": "Feature", "properties": { "facility_id": "F000372", "osm_id": "479005403", "osm_object_type": "way", "name": "", "facility_type": "police", "source_layer": "gis_osm_pois_a_free", "verification_status": "unverified", "operational_status": null, "landing_capable": null, "assembly_capable": null, "source_date": "2026-09-20", "processed_at": "2026-09-21T10:36:24+00:00", "longitude": 118.79432840295985, "latitude": 32.03817545 }, "geometry": { "type": "Point", "coordinates": [ 118.794328402959849, 32.03817545 ] } },
{ "type": "Feature", "properties": { "facility_id": "F000373", "osm_id": "479005404", "osm_object_type": "way", "name": "", "facility_type": "police", "source_layer": "gis_osm_pois_a_free", "verification_status": "unverified", "operational_status": null, "landing_capable": null, "assembly_capable": null, "source_date": "2026-09-20", "processed_at": "2026-09-21T10:36:24+00:00", "longitude": 118.79435109596939, "latitude": 32.038247 }, "geometry": { "type": "Point", "coordinates": [ 118.79435109596939, 32.038247 ] } },
{ "type": "Feature", "properties": { "facility_id": "F000374", "osm_id": "992358630", "osm_object_type": "way", "name": "中国人民解放军东部战区总医院", "facility_type": "hospital", "source_layer": "gis_osm_pois_a_free", "verification_status": "unverified", "operational_status": null, "landing_capable": null, "assembly_capable": null, "source_date": "2026-09-20", "processed_at": "2026-09-21T10:36:24+00:00", "longitude": 118.80473875202797, "latitude": 32.04556645 }, "geometry": { "type": "Point", "coordinates": [ 118.804738752027973, 32.04556645 ] } },
{ "type": "Feature", "properties": { "facility_id": "F000375", "osm_id": "237318480", "osm_object_type": "way", "name": "东南大学校医院", "facility_type": "hospital", "source_layer": "gis_osm_pois_a_free", "verification_status": "unverified", "operational_status": null, "landing_capable": null, "assembly_capable": null, "source_date": "2026-09-20", "processed_at": "2026-09-21T10:36:24+00:00", "longitude": 118.79082675497682, "latitude": 32.0539652 }, "geometry": { "type": "Point", "coordinates": [ 118.79082675497682, 32.0539652 ] } },
{ "type": "Feature", "properties": { "facility_id": "F000376", "osm_id": "156050903", "osm_object_type": "way", "name": "南京大学医院", "facility_type": "hospital", "source_layer": "gis_osm_pois_a_free", "verification_status": "unverified", "operational_status": null, "landing_capable": null, "assembly_capable": null, "source_date": "2026-09-20", "processed_at": "2026-09-21T10:36:24+00:00", "longitude": 118.77704835, "latitude": 32.05568115 }, "geometry": { "type": "Point", "coordinates": [ 118.77704835, 32.05568115 ] } },
{ "type": "Feature", "properties": { "facility_id": "F000377", "osm_id": "156209624", "osm_object_type": "way", "name": "鼓楼医院", "facility_type": "hospital", "source_layer": "gis_osm_pois_a_free", "verification_status": "unverified", "operational_status": null, "landing_capable": null, "assembly_capable": null, "source_date": "2026-09-20", "processed_at": "2026-09-21T10:36:24+00:00", "longitude": 118.77783143439716, "latitude": 32.05808765 }, "geometry": { "type": "Point", "coordinates": [ 118.777831434397157, 32.05808765 ] } },
{ "type": "Feature", "properties": { "facility_id": "F000378", "osm_id": "167080739", "osm_object_type": "way", "name": "医院", "facility_type": "hospital", "source_layer": "gis_osm_pois_a_free", "verification_status": "unverified", "operational_status": null, "landing_capable": null, "assembly_capable": null, "source_date": "2026-09-20", "processed_at": "2026-09-21T10:36:24+00:00", "longitude": 118.76096285, "latitude": 32.05592235 }, "geometry": { "type": "Point", "coordinates": [ 118.76096285, 32.05592235 ] } },
{ "type": "Feature", "properties": { "facility_id": "F000379", "osm_id": "1503544366", "osm_object_type": "way", "name": "东南大学附属中大医院", "facility_type": "hospital", "source_layer": "gis_osm_pois_a_free", "verification_status": "unverified", "operational_status": null, "landing_capable": null, "assembly_capable": null, "source_date": "2026-09-20", "processed_at": "2026-09-21T10:36:24+00:00", "longitude": 118.77131644064686, "latitude": 32.0738288 }, "geometry": { "type": "Point", "coordinates": [ 118.771316440646856, 32.0738288 ] } },
{ "type": "Feature", "properties": { "facility_id": "F000380", "osm_id": "857726116", "osm_object_type": "way", "name": "江苏省省级机关医院", "facility_type": "hospital", "source_layer": "gis_osm_pois_a_free", "verification_status": "unverified", "operational_status": null, "landing_capable": null, "assembly_capable": null, "source_date": "2026-09-20", "processed_at": "2026-09-21T10:36:24+00:00", "longitude": 118.76269312821711, "latitude": 32.0680678 }, "geometry": { "type": "Point", "coordinates": [ 118.762693128217109, 32.0680678 ] } },
{ "type": "Feature", "properties": { "facility_id": "F000381", "osm_id": "940999735", "osm_object_type": "way", "name": "西门保安亭", "facility_type": "shelter", "source_layer": "gis_osm_pois_a_free", "verification_status": "unverified", "operational_status": null, "landing_capable": null, "assembly_capable": null, "source_date": "2026-09-20", "processed_at": "2026-09-21T10:36:24+00:00", "longitude": 118.76281076298764, "latitude": 32.08244795 }, "geometry": { "type": "Point", "coordinates": [ 118.762810762987641, 32.08244795 ] } },
{ "type": "Feature", "properties": { "facility_id": "F000382", "osm_id": "1147230997", "osm_object_type": "way", "name": "中大医院北院", "facility_type": "hospital", "source_layer": "gis_osm_pois_a_free", "verification_status": "unverified", "operational_status": null, "landing_capable": null, "assembly_capable": null, "source_date": "2026-09-20", "processed_at": "2026-09-21T10:36:24+00:00", "longitude": 118.77493732365269, "latitude": 32.07916 }, "geometry": { "type": "Point", "coordinates": [ 118.774937323652694, 32.07916 ] } },
{ "type": "Feature", "properties": { "facility_id": "F000383", "osm_id": "575511657", "osm_object_type": "way", "name": "门卫", "facility_type": "shelter", "source_layer": "gis_osm_pois_a_free", "verification_status": "unverified", "operational_status": null, "landing_capable": null, "assembly_capable": null, "source_date": "2026-09-20", "processed_at": "2026-09-21T10:36:24+00:00", "longitude": 118.76534732805176, "latitude": 32.0803493 }, "geometry": { "type": "Point", "coordinates": [ 118.76534732805176, 32.0803493 ] } },
{ "type": "Feature", "properties": { "facility_id": "F000384", "osm_id": "940995754", "osm_object_type": "way", "name": "食堂管理处", "facility_type": "shelter", "source_layer": "gis_osm_pois_a_free", "verification_status": "unverified", "operational_status": null, "landing_capable": null, "assembly_capable": null, "source_date": "2026-09-20", "processed_at": "2026-09-21T10:36:24+00:00", "longitude": 118.76670610750301, "latitude": 32.082808 }, "geometry": { "type": "Point", "coordinates": [ 118.766706107503012, 32.082808 ] } },
{ "type": "Feature", "properties": { "facility_id": "F000385", "osm_id": "575543774", "osm_object_type": "way", "name": "东门门卫", "facility_type": "shelter", "source_layer": "gis_osm_pois_a_free", "verification_status": "unverified", "operational_status": null, "landing_capable": null, "assembly_capable": null, "source_date": "2026-09-20", "processed_at": "2026-09-21T10:36:24+00:00", "longitude": 118.76719954560576, "latitude": 32.0835447 }, "geometry": { "type": "Point", "coordinates": [ 118.767199545605763, 32.0835447 ] } },
{ "type": "Feature", "properties": { "facility_id": "F000386", "osm_id": "575543772", "osm_object_type": "way", "name": "东门保安亭", "facility_type": "shelter", "source_layer": "gis_osm_pois_a_free", "verification_status": "unverified", "operational_status": null, "landing_capable": null, "assembly_capable": null, "source_date": "2026-09-20", "processed_at": "2026-09-21T10:36:24+00:00", "longitude": 118.76714336298764, "latitude": 32.08358555 }, "geometry": { "type": "Point", "coordinates": [ 118.767143362987639, 32.08358555 ] } },
{ "type": "Feature", "properties": { "facility_id": "F000387", "osm_id": "575543748", "osm_object_type": "way", "name": "紫藤长廊", "facility_type": "shelter", "source_layer": "gis_osm_pois_a_free", "verification_status": "unverified", "operational_status": null, "landing_capable": null, "assembly_capable": null, "source_date": "2026-09-20", "processed_at": "2026-09-21T10:36:24+00:00", "longitude": 118.76555390302011, "latitude": 32.08390685000001 }, "geometry": { "type": "Point", "coordinates": [ 118.765553903020106, 32.08390685 ] } },
{ "type": "Feature", "properties": { "facility_id": "F000388", "osm_id": "1454920683", "osm_object_type": "way", "name": "", "facility_type": "shelter", "source_layer": "gis_osm_pois_a_free", "verification_status": "unverified", "operational_status": null, "landing_capable": null, "assembly_capable": null, "source_date": "2026-09-20", "processed_at": "2026-09-21T10:36:24+00:00", "longitude": 118.76859912161142, "latitude": 31.8013997 }, "geometry": { "type": "Point", "coordinates": [ 118.768599121611416, 31.8013997 ] } },
{ "type": "Feature", "properties": { "facility_id": "F000389", "osm_id": "1454920689", "osm_object_type": "way", "name": "", "facility_type": "shelter", "source_layer": "gis_osm_pois_a_free", "verification_status": "unverified", "operational_status": null, "landing_capable": null, "assembly_capable": null, "source_date": "2026-09-20", "processed_at": "2026-09-21T10:36:24+00:00", "longitude": 118.76838497033097, "latitude": 31.802576 }, "geometry": { "type": "Point", "coordinates": [ 118.76838497033097, 31.802576 ] } },
{ "type": "Feature", "properties": { "facility_id": "F000390", "osm_id": "1046119076", "osm_object_type": "way", "name": "", "facility_type": "shelter", "source_layer": "gis_osm_pois_a_free", "verification_status": "unverified", "operational_status": null, "landing_capable": null, "assembly_capable": null, "source_date": "2026-09-20", "processed_at": "2026-09-21T10:36:24+00:00", "longitude": 118.75554695453638, "latitude": 31.80829425 }, "geometry": { "type": "Point", "coordinates": [ 118.755546954536385, 31.80829425 ] } },
{ "type": "Feature", "properties": { "facility_id": "F000391", "osm_id": "1046119074", "osm_object_type": "way", "name": "", "facility_type": "shelter", "source_layer": "gis_osm_pois_a_free", "verification_status": "unverified", "operational_status": null, "landing_capable": null, "assembly_capable": null, "source_date": "2026-09-20", "processed_at": "2026-09-21T10:36:24+00:00", "longitude": 118.7540457509804, "latitude": 31.8144199 }, "geometry": { "type": "Point", "coordinates": [ 118.754045750980396, 31.8144199 ] } },
{ "type": "Feature", "properties": { "facility_id": "F000392", "osm_id": "1160624655", "osm_object_type": "way", "name": "牛首山旅遊區遊客服務中心", "facility_type": "tourist_info", "source_layer": "gis_osm_pois_a_free", "verification_status": "unverified", "operational_status": null, "landing_capable": null, "assembly_capable": null, "source_date": "2026-09-20", "processed_at": "2026-09-21T10:36:24+00:00", "longitude": 118.75231864514376, "latitude": 31.91021745 }, "geometry": { "type": "Point", "coordinates": [ 118.75231864514376, 31.91021745 ] } },
{ "type": "Feature", "properties": { "facility_id": "F000393", "osm_id": "1072285147", "osm_object_type": "way", "name": "南京航空航天大学校医院", "facility_type": "clinic", "source_layer": "gis_osm_pois_a_free", "verification_status": "unverified", "operational_status": null, "landing_capable": null, "assembly_capable": null, "source_date": "2026-09-20", "processed_at": "2026-09-21T10:36:24+00:00", "longitude": 118.7815826043707, "latitude": 31.94438755 }, "geometry": { "type": "Point", "coordinates": [ 118.781582604370698, 31.94438755 ] } },
{ "type": "Feature", "properties": { "facility_id": "F000394", "osm_id": "1044429795", "osm_object_type": "way", "name": "南京市公安局交通管理局第八大队", "facility_type": "police", "source_layer": "gis_osm_pois_a_free", "verification_status": "unverified", "operational_status": null, "landing_capable": null, "assembly_capable": null, "source_date": "2026-09-20", "processed_at": "2026-09-21T10:36:24+00:00", "longitude": 118.75150053044285, "latitude": 31.97424055 }, "geometry": { "type": "Point", "coordinates": [ 118.751500530442854, 31.97424055 ] } },
{ "type": "Feature", "properties": { "facility_id": "F000395", "osm_id": "1278945135", "osm_object_type": "way", "name": "江苏省中医院", "facility_type": "hospital", "source_layer": "gis_osm_pois_a_free", "verification_status": "unverified", "operational_status": null, "landing_capable": null, "assembly_capable": null, "source_date": "2026-09-20", "processed_at": "2026-09-21T10:36:24+00:00", "longitude": 118.7038611283342, "latitude": 31.87861915 }, "geometry": { "type": "Point", "coordinates": [ 118.703861128334196, 31.87861915 ] } },
{ "type": "Feature", "properties": { "facility_id": "F000396", "osm_id": "1308959554", "osm_object_type": "way", "name": "南京市公安局特警巡警支队驻建邺区大队", "facility_type": "police", "source_layer": "gis_osm_pois_a_free", "verification_status": "unverified", "operational_status": null, "landing_capable": null, "assembly_capable": null, "source_date": "2026-09-20", "processed_at": "2026-09-21T10:36:24+00:00", "longitude": 118.70646688833432, "latitude": 31.96319515 }, "geometry": { "type": "Point", "coordinates": [ 118.706466888334319, 31.96319515 ] } },
{ "type": "Feature", "properties": { "facility_id": "F000397", "osm_id": "1217224570", "osm_object_type": "way", "name": "陆郎派出所", "facility_type": "police", "source_layer": "gis_osm_pois_a_free", "verification_status": "unverified", "operational_status": null, "landing_capable": null, "assembly_capable": null, "source_date": "2026-09-20", "processed_at": "2026-09-21T10:36:24+00:00", "longitude": 118.62337970515145, "latitude": 31.7922688 }, "geometry": { "type": "Point", "coordinates": [ 118.62337970515145, 31.7922688 ] } },
{ "type": "Feature", "properties": { "facility_id": "F000398", "osm_id": "1218761919", "osm_object_type": "way", "name": "陆郎消防站", "facility_type": "fire_station", "source_layer": "gis_osm_pois_a_free", "verification_status": "unverified", "operational_status": null, "landing_capable": null, "assembly_capable": null, "source_date": "2026-09-20", "processed_at": "2026-09-21T10:36:24+00:00", "longitude": 118.64768059123242, "latitude": 31.77699025 }, "geometry": { "type": "Point", "coordinates": [ 118.647680591232415, 31.77699025 ] } },
{ "type": "Feature", "properties": { "facility_id": "F000399", "osm_id": "1217224555", "osm_object_type": "way", "name": "陆郎医院", "facility_type": "hospital", "source_layer": "gis_osm_pois_a_free", "verification_status": "unverified", "operational_status": null, "landing_capable": null, "assembly_capable": null, "source_date": "2026-09-20", "processed_at": "2026-09-21T10:36:24+00:00", "longitude": 118.62909821310454, "latitude": 31.78882735 }, "geometry": { "type": "Point", "coordinates": [ 118.629098213104541, 31.78882735 ] } },
{ "type": "Feature", "properties": { "facility_id": "F000400", "osm_id": "1309611914", "osm_object_type": "way", "name": "梅山派出所", "facility_type": "police", "source_layer": "gis_osm_pois_a_free", "verification_status": "unverified", "operational_status": null, "landing_capable": null, "assembly_capable": null, "source_date": "2026-09-20", "processed_at": "2026-09-21T10:36:24+00:00", "longitude": 118.6192141374477, "latitude": 31.89762675 }, "geometry": { "type": "Point", "coordinates": [ 118.619214137447699, 31.89762675 ] } },
{ "type": "Feature", "properties": { "facility_id": "F000401", "osm_id": "1309611913", "osm_object_type": "way", "name": "南京梅山医院", "facility_type": "hospital", "source_layer": "gis_osm_pois_a_free", "verification_status": "unverified", "operational_status": null, "landing_capable": null, "assembly_capable": null, "source_date": "2026-09-20", "processed_at": "2026-09-21T10:36:24+00:00", "longitude": 118.62211395311371, "latitude": 31.89853795 }, "geometry": { "type": "Point", "coordinates": [ 118.622113953113711, 31.89853795 ] } },
{ "type": "Feature", "properties": { "facility_id": "F000402", "osm_id": "1016204654", "osm_object_type": "way", "name": "江北公安局", "facility_type": "police", "source_layer": "gis_osm_pois_a_free", "verification_status": "unverified", "operational_status": null, "landing_capable": null, "assembly_capable": null, "source_date": "2026-09-20", "processed_at": "2026-09-21T10:36:24+00:00", "longitude": 118.48639718072508, "latitude": 31.93981145 }, "geometry": { "type": "Point", "coordinates": [ 118.486397180725078, 31.93981145 ] } },
{ "type": "Feature", "properties": { "facility_id": "F000403", "osm_id": "1026066721", "osm_object_type": "way", "name": "岱山消防救援站", "facility_type": "fire_station", "source_layer": "gis_osm_pois_a_free", "verification_status": "unverified", "operational_status": null, "landing_capable": null, "assembly_capable": null, "source_date": "2026-09-20", "processed_at": "2026-09-21T10:36:24+00:00", "longitude": 118.68446613736933, "latitude": 31.94132185 }, "geometry": { "type": "Point", "coordinates": [ 118.684466137369327, 31.94132185 ] } },
{ "type": "Feature", "properties": { "facility_id": "F000404", "osm_id": "1026010818", "osm_object_type": "way", "name": "岱山社区医院", "facility_type": "hospital", "source_layer": "gis_osm_pois_a_free", "verification_status": "unverified", "operational_status": null, "landing_capable": null, "assembly_capable": null, "source_date": "2026-09-20", "processed_at": "2026-09-21T10:36:24+00:00", "longitude": 118.68793977695994, "latitude": 31.9479302 }, "geometry": { "type": "Point", "coordinates": [ 118.687939776959936, 31.9479302 ] } },
{ "type": "Feature", "properties": { "facility_id": "F000405", "osm_id": "1026010819", "osm_object_type": "way", "name": "岱善派出所", "facility_type": "police", "source_layer": "gis_osm_pois_a_free", "verification_status": "unverified", "operational_status": null, "landing_capable": null, "assembly_capable": null, "source_date": "2026-09-20", "processed_at": "2026-09-21T10:36:24+00:00", "longitude": 118.687586648958, "latitude": 31.94849865 }, "geometry": { "type": "Point", "coordinates": [ 118.687586648958003, 31.94849865 ] } },
{ "type": "Feature", "properties": { "facility_id": "F000406", "osm_id": "1312426028", "osm_object_type": "way", "name": "南京市公安局特警巡警支队", "facility_type": "police", "source_layer": "gis_osm_pois_a_free", "verification_status": "unverified", "operational_status": null, "landing_capable": null, "assembly_capable": null, "source_date": "2026-09-20", "processed_at": "2026-09-21T10:36:24+00:00", "longitude": 118.70495915785463, "latitude": 31.968907 }, "geometry": { "type": "Point", "coordinates": [ 118.704959157854631, 31.968907 ] } },
{ "type": "Feature", "properties": { "facility_id": "F000407", "osm_id": "388622327", "osm_object_type": "way", "name": "南京儿童医院河西院区", "facility_type": "hospital", "source_layer": "gis_osm_pois_a_free", "verification_status": "unverified", "operational_status": null, "landing_capable": null, "assembly_capable": null, "source_date": "2026-09-20", "processed_at": "2026-09-21T10:36:24+00:00", "longitude": 118.70229981800665, "latitude": 31.98500915 }, "geometry": { "type": "Point", "coordinates": [ 118.702299818006651, 31.98500915 ] } },
{ "type": "Feature", "properties": { "facility_id": "F000408", "osm_id": "1396182720", "osm_object_type": "way", "name": "南京大学医学院附属南京国际医院", "facility_type": "hospital", "source_layer": "gis_osm_pois_a_free", "verification_status": "unverified", "operational_status": null, "landing_capable": null, "assembly_capable": null, "source_date": "2026-09-20", "processed_at": "2026-09-21T10:36:24+00:00", "longitude": 118.70304598640386, "latitude": 31.985805 }, "geometry": { "type": "Point", "coordinates": [ 118.703045986403865, 31.985805 ] } },
{ "type": "Feature", "properties": { "facility_id": "F000409", "osm_id": "138674373", "osm_object_type": "way", "name": "明基医院", "facility_type": "hospital", "source_layer": "gis_osm_pois_a_free", "verification_status": "unverified", "operational_status": null, "landing_capable": null, "assembly_capable": null, "source_date": "2026-09-20", "processed_at": "2026-09-21T10:36:24+00:00", "longitude": 118.7249044831858, "latitude": 31.9903462 }, "geometry": { "type": "Point", "coordinates": [ 118.724904483185796, 31.9903462 ] } },
{ "type": "Feature", "properties": { "facility_id": "F000410", "osm_id": "1054340204", "osm_object_type": "way", "name": "南京市公安局地铁分局", "facility_type": "police", "source_layer": "gis_osm_pois_a_free", "verification_status": "unverified", "operational_status": null, "landing_capable": null, "assembly_capable": null, "source_date": "2026-09-20", "processed_at": "2026-09-21T10:36:24+00:00", "longitude": 118.73489283679419, "latitude": 31.9802532 }, "geometry": { "type": "Point", "coordinates": [ 118.734892836794188, 31.9802532 ] } },
{ "type": "Feature", "properties": { "facility_id": "F000411", "osm_id": "139633800", "osm_object_type": "way", "name": "雨花台派出所", "facility_type": "police", "source_layer": "gis_osm_pois_a_free", "verification_status": "unverified", "operational_status": null, "landing_capable": null, "assembly_capable": null, "source_date": "2026-09-20", "processed_at": "2026-09-21T10:36:24+00:00", "longitude": 118.77863226530179, "latitude": 31.9779492 }, "geometry": { "type": "Point", "coordinates": [ 118.778632265301795, 31.9779492 ] } },
{ "type": "Feature", "properties": { "facility_id": "F000412", "osm_id": "1253853213", "osm_object_type": "way", "name": "", "facility_type": "police", "source_layer": "gis_osm_pois_a_free", "verification_status": "unverified", "operational_status": null, "landing_capable": null, "assembly_capable": null, "source_date": "2026-09-20", "processed_at": "2026-09-21T10:36:24+00:00", "longitude": 118.76994747464842, "latitude": 31.99305885 }, "geometry": { "type": "Point", "coordinates": [ 118.769947474648419, 31.99305885 ] } },
{ "type": "Feature", "properties": { "facility_id": "F000413", "osm_id": "1253853210", "osm_object_type": "way", "name": "", "facility_type": "police", "source_layer": "gis_osm_pois_a_free", "verification_status": "unverified", "operational_status": null, "landing_capable": null, "assembly_capable": null, "source_date": "2026-09-20", "processed_at": "2026-09-21T10:36:24+00:00", "longitude": 118.77094042008008, "latitude": 31.99334285 }, "geometry": { "type": "Point", "coordinates": [ 118.77094042008008, 31.99334285 ] } },
{ "type": "Feature", "properties": { "facility_id": "F000414", "osm_id": "1253853209", "osm_object_type": "way", "name": "南京市公安局雨花台分局", "facility_type": "police", "source_layer": "gis_osm_pois_a_free", "verification_status": "unverified", "operational_status": null, "landing_capable": null, "assembly_capable": null, "source_date": "2026-09-20", "processed_at": "2026-09-21T10:36:24+00:00", "longitude": 118.77015014981038, "latitude": 31.9933852 }, "geometry": { "type": "Point", "coordinates": [ 118.770150149810377, 31.9933852 ] } },
{ "type": "Feature", "properties": { "facility_id": "F000415", "osm_id": "1249063593", "osm_object_type": "way", "name": "忠魂亭", "facility_type": "shelter", "source_layer": "gis_osm_pois_a_free", "verification_status": "unverified", "operational_status": null, "landing_capable": null, "assembly_capable": null, "source_date": "2026-09-20", "processed_at": "2026-09-21T10:36:24+00:00", "longitude": 118.77565435, "latitude": 31.9976741 }, "geometry": { "type": "Point", "coordinates": [ 118.77565435, 31.9976741 ] } },
{ "type": "Feature", "properties": { "facility_id": "F000416", "osm_id": "1283590715", "osm_object_type": "way", "name": "环流亭", "facility_type": "shelter", "source_layer": "gis_osm_pois_a_free", "verification_status": "unverified", "operational_status": null, "landing_capable": null, "assembly_capable": null, "source_date": "2026-09-20", "processed_at": "2026-09-21T10:36:24+00:00", "longitude": 118.7764167852319, "latitude": 32.00001245 }, "geometry": { "type": "Point", "coordinates": [ 118.776416785231902, 32.00001245 ] } },
{ "type": "Feature", "properties": { "facility_id": "F000417", "osm_id": "1234049976", "osm_object_type": "way", "name": "", "facility_type": "police", "source_layer": "gis_osm_pois_a_free", "verification_status": "unverified", "operational_status": null, "landing_capable": null, "assembly_capable": null, "source_date": "2026-09-20", "processed_at": "2026-09-21T10:36:24+00:00", "longitude": 118.76948209961941, "latitude": 32.00013955 }, "geometry": { "type": "Point", "coordinates": [ 118.76948209961941, 32.00013955 ] } },
{ "type": "Feature", "properties": { "facility_id": "F000418", "osm_id": "1277826273", "osm_object_type": "way", "name": "古甘露井", "facility_type": "shelter", "source_layer": "gis_osm_pois_a_free", "verification_status": "unverified", "operational_status": null, "landing_capable": null, "assembly_capable": null, "source_date": "2026-09-20", "processed_at": "2026-09-21T10:36:24+00:00", "longitude": 118.77621487866108, "latitude": 32.00313845 }, "geometry": { "type": "Point", "coordinates": [ 118.776214878661079, 32.00313845 ] } },
{ "type": "Feature", "properties": { "facility_id": "F000419", "osm_id": "1364011522", "osm_object_type": "way", "name": "乾隆御碑亭", "facility_type": "shelter", "source_layer": "gis_osm_pois_a_free", "verification_status": "unverified", "operational_status": null, "landing_capable": null, "assembly_capable": null, "source_date": "2026-09-20", "processed_at": "2026-09-21T10:36:24+00:00", "longitude": 118.77707314086942, "latitude": 32.00299015 }, "geometry": { "type": "Point", "coordinates": [ 118.777073140869419, 32.00299015 ] } },
{ "type": "Feature", "properties": { "facility_id": "F000420", "osm_id": "1283590726", "osm_object_type": "way", "name": "木末亭", "facility_type": "shelter", "source_layer": "gis_osm_pois_a_free", "verification_status": "unverified", "operational_status": null, "landing_capable": null, "assembly_capable": null, "source_date": "2026-09-20", "processed_at": "2026-09-21T10:36:24+00:00", "longitude": 118.77823840513219, "latitude": 32.0046866 }, "geometry": { "type": "Point", "coordinates": [ 118.778238405132186, 32.0046866 ] } },
{ "type": "Feature", "properties": { "facility_id": "F000421", "osm_id": "1283590729", "osm_object_type": "way", "name": "访梅亭", "facility_type": "shelter", "source_layer": "gis_osm_pois_a_free", "verification_status": "unverified", "operational_status": null, "landing_capable": null, "assembly_capable": null, "source_date": "2026-09-20", "processed_at": "2026-09-21T10:36:24+00:00", "longitude": 118.77713191342711, "latitude": 32.0056131 }, "geometry": { "type": "Point", "coordinates": [ 118.777131913427112, 32.0056131 ] } },
{ "type": "Feature", "properties": { "facility_id": "F000422", "osm_id": "779909207", "osm_object_type": "way", "name": "南京市第一医院南院", "facility_type": "hospital", "source_layer": "gis_osm_pois_a_free", "verification_status": "unverified", "operational_status": null, "landing_capable": null, "assembly_capable": null, "source_date": "2026-09-20", "processed_at": "2026-09-21T10:36:24+00:00", "longitude": 118.76933350348645, "latitude": 32.00382575 }, "geometry": { "type": "Point", "coordinates": [ 118.76933350348645, 32.00382575 ] } },
{ "type": "Feature", "properties": { "facility_id": "F000423", "osm_id": "1277823178", "osm_object_type": "way", "name": "雨花台烈士陵园派出所", "facility_type": "police", "source_layer": "gis_osm_pois_a_free", "verification_status": "unverified", "operational_status": null, "landing_capable": null, "assembly_capable": null, "source_date": "2026-09-20", "processed_at": "2026-09-21T10:36:24+00:00", "longitude": 118.7755915169864, "latitude": 32.00475645 }, "geometry": { "type": "Point", "coordinates": [ 118.775591516986395, 32.00475645 ] } },
{ "type": "Feature", "properties": { "facility_id": "F000424", "osm_id": "137977143", "osm_object_type": "way", "name": "交通管理局第四大队 江心洲中队", "facility_type": "police", "source_layer": "gis_osm_pois_a_free", "verification_status": "unverified", "operational_status": null, "landing_capable": null, "assembly_capable": null, "source_date": "2026-09-20", "processed_at": "2026-09-21T10:36:24+00:00", "longitude": 118.67286662380303, "latitude": 31.9959192 }, "geometry": { "type": "Point", "coordinates": [ 118.672866623803031, 31.9959192 ] } },
{ "type": "Feature", "properties": { "facility_id": "F000425", "osm_id": "1312757471", "osm_object_type": "way", "name": "校医院", "facility_type": "hospital", "source_layer": "gis_osm_pois_a_free", "verification_status": "unverified", "operational_status": null, "landing_capable": null, "assembly_capable": null, "source_date": "2026-09-20", "processed_at": "2026-09-21T10:36:24+00:00", "longitude": 118.62517162553736, "latitude": 32.01184675 }, "geometry": { "type": "Point", "coordinates": [ 118.625171625537362, 32.01184675 ] } },
{ "type": "Feature", "properties": { "facility_id": "F000426", "osm_id": "1089005422", "osm_object_type": "way", "name": "南京市浦口区交巡警大队建设中队", "facility_type": "police", "source_layer": "gis_osm_pois_a_free", "verification_status": "unverified", "operational_status": null, "landing_capable": null, "assembly_capable": null, "source_date": "2026-09-20", "processed_at": "2026-09-21T10:36:24+00:00", "longitude": 118.59613810457992, "latitude": 32.0208425 }, "geometry": { "type": "Point", "coordinates": [ 118.596138104579921, 32.0208425 ] } },
{ "type": "Feature", "properties": { "facility_id": "F000427", "osm_id": "959944034", "osm_object_type": "way", "name": "兴隆消防中队", "facility_type": "fire_station", "source_layer": "gis_osm_pois_a_free", "verification_status": "unverified", "operational_status": null, "landing_capable": null, "assembly_capable": null, "source_date": "2026-09-20", "processed_at": "2026-09-21T10:36:24+00:00", "longitude": 118.71745623319077, "latitude": 32.02042295 }, "geometry": { "type": "Point", "coordinates": [ 118.717456233190774, 32.02042295 ] } },
{ "type": "Feature", "properties": { "facility_id": "F000428", "osm_id": "1079959177", "osm_object_type": "way", "name": "江苏省中医院", "facility_type": "hospital", "source_layer": "gis_osm_pois_a_free", "verification_status": "unverified", "operational_status": null, "landing_capable": null, "assembly_capable": null, "source_date": "2026-09-20", "processed_at": "2026-09-21T10:36:24+00:00", "longitude": 118.76718701749434, "latitude": 32.0422429 }, "geometry": { "type": "Point", "coordinates": [ 118.767187017494336, 32.0422429 ] } },
{ "type": "Feature", "properties": { "facility_id": "F000429", "osm_id": "1079959178", "osm_object_type": "way", "name": "江苏省中医院", "facility_type": "hospital", "source_layer": "gis_osm_pois_a_free", "verification_status": "unverified", "operational_status": null, "landing_capable": null, "assembly_capable": null, "source_date": "2026-09-20", "processed_at": "2026-09-21T10:36:24+00:00", "longitude": 118.76964170821616, "latitude": 32.0437131 }, "geometry": { "type": "Point", "coordinates": [ 118.769641708216156, 32.0437131 ] } },
{ "type": "Feature", "properties": { "facility_id": "F000430", "osm_id": "1020499861", "osm_object_type": "way", "name": "江苏省人民医院", "facility_type": "hospital", "source_layer": "gis_osm_pois_a_free", "verification_status": "unverified", "operational_status": null, "landing_capable": null, "assembly_capable": null, "source_date": "2026-09-20", "processed_at": "2026-09-21T10:36:24+00:00", "longitude": 118.76089725173328, "latitude": 32.05166205 }, "geometry": { "type": "Point", "coordinates": [ 118.760897251733283, 32.05166205 ] } },
{ "type": "Feature", "properties": { "facility_id": "F000431", "osm_id": "1020499860", "osm_object_type": "way", "name": "南京脑科医院", "facility_type": "hospital", "source_layer": "gis_osm_pois_a_free", "verification_status": "unverified", "operational_status": null, "landing_capable": null, "assembly_capable": null, "source_date": "2026-09-20", "processed_at": "2026-09-21T10:36:24+00:00", "longitude": 118.76327569464692, "latitude": 32.0521213 }, "geometry": { "type": "Point", "coordinates": [ 118.763275694646921, 32.0521213 ] } },
{ "type": "Feature", "properties": { "facility_id": "F000432", "osm_id": "854854149", "osm_object_type": "way", "name": "毓秀亭", "facility_type": "shelter", "source_layer": "gis_osm_pois_a_free", "verification_status": "unverified", "operational_status": null, "landing_capable": null, "assembly_capable": null, "source_date": "2026-09-20", "processed_at": "2026-09-21T10:36:24+00:00", "longitude": 118.77684151466096, "latitude": 32.05061605 }, "geometry": { "type": "Point", "coordinates": [ 118.776841514660958, 32.05061605 ] } },
{ "type": "Feature", "properties": { "facility_id": "F000433", "osm_id": "1044408070", "osm_object_type": "way", "name": "研创园警务工作服务站", "facility_type": "police", "source_layer": "gis_osm_pois_a_free", "verification_status": "unverified", "operational_status": null, "landing_capable": null, "assembly_capable": null, "source_date": "2026-09-20", "processed_at": "2026-09-21T10:36:24+00:00", "longitude": 118.64365970243271, "latitude": 32.04233325 }, "geometry": { "type": "Point", "coordinates": [ 118.643659702432714, 32.04233325 ] } },
{ "type": "Feature", "properties": { "facility_id": "F000434", "osm_id": "1046076672", "osm_object_type": "way", "name": "物业服务中心", "facility_type": "tourist_info", "source_layer": "gis_osm_pois_a_free", "verification_status": "unverified", "operational_status": null, "landing_capable": null, "assembly_capable": null, "source_date": "2026-09-20", "processed_at": "2026-09-21T10:36:24+00:00", "longitude": 118.6519042461111, "latitude": 32.04310765 }, "geometry": { "type": "Point", "coordinates": [ 118.651904246111101, 32.04310765 ] } },
{ "type": "Feature", "properties": { "facility_id": "F000435", "osm_id": "361530225", "osm_object_type": "way", "name": "南京市浦口区中心医院", "facility_type": "hospital", "source_layer": "gis_osm_pois_a_free", "verification_status": "unverified", "operational_status": null, "landing_capable": null, "assembly_capable": null, "source_date": "2026-09-20", "processed_at": "2026-09-21T10:36:24+00:00", "longitude": 118.63111315772251, "latitude": 32.0511339 }, "geometry": { "type": "Point", "coordinates": [ 118.63111315772251, 32.0511339 ] } },
{ "type": "Feature", "properties": { "facility_id": "F000436", "osm_id": "1092014617", "osm_object_type": "way", "name": "", "facility_type": "shelter", "source_layer": "gis_osm_pois_a_free", "verification_status": "unverified", "operational_status": null, "landing_capable": null, "assembly_capable": null, "source_date": "2026-09-20", "processed_at": "2026-09-21T10:36:24+00:00", "longitude": 118.59350978552632, "latitude": 32.0648442 }, "geometry": { "type": "Point", "coordinates": [ 118.593509785526322, 32.0648442 ] } },
{ "type": "Feature", "properties": { "facility_id": "F000437", "osm_id": "1092014620", "osm_object_type": "way", "name": "", "facility_type": "shelter", "source_layer": "gis_osm_pois_a_free", "verification_status": "unverified", "operational_status": null, "landing_capable": null, "assembly_capable": null, "source_date": "2026-09-20", "processed_at": "2026-09-21T10:36:24+00:00", "longitude": 118.59316603986632, "latitude": 32.06500655 }, "geometry": { "type": "Point", "coordinates": [ 118.593166039866318, 32.06500655 ] } },
{ "type": "Feature", "properties": { "facility_id": "F000438", "osm_id": "1092014618", "osm_object_type": "way", "name": "湖景眺望台", "facility_type": "shelter", "source_layer": "gis_osm_pois_a_free", "verification_status": "unverified", "operational_status": null, "landing_capable": null, "assembly_capable": null, "source_date": "2026-09-20", "processed_at": "2026-09-21T10:36:24+00:00", "longitude": 118.59286325329927, "latitude": 32.06545005 }, "geometry": { "type": "Point", "coordinates": [ 118.592863253299271, 32.06545005 ] } },
{ "type": "Feature", "properties": { "facility_id": "F000439", "osm_id": "1508893827", "osm_object_type": "way", "name": "南京市浦口区中医院", "facility_type": "hospital", "source_layer": "gis_osm_pois_a_free", "verification_status": "unverified", "operational_status": null, "landing_capable": null, "assembly_capable": null, "source_date": "2026-09-20", "processed_at": "2026-09-21T10:36:24+00:00", "longitude": 118.62376977415644, "latitude": 32.06656165 }, "geometry": { "type": "Point", "coordinates": [ 118.623769774156443, 32.06656165 ] } },
{ "type": "Feature", "properties": { "facility_id": "F000440", "osm_id": "1056443900", "osm_object_type": "way", "name": "", "facility_type": "fire_station", "source_layer": "gis_osm_pois_a_free", "verification_status": "unverified", "operational_status": null, "landing_capable": null, "assembly_capable": null, "source_date": "2026-09-20", "processed_at": "2026-09-21T10:36:24+00:00", "longitude": 118.65968923928381, "latitude": 32.0644967 }, "geometry": { "type": "Point", "coordinates": [ 118.659689239283807, 32.0644967 ] } },
{ "type": "Feature", "properties": { "facility_id": "F000441", "osm_id": "1176877604", "osm_object_type": "way", "name": "", "facility_type": "shelter", "source_layer": "gis_osm_pois_a_free", "verification_status": "unverified", "operational_status": null, "landing_capable": null, "assembly_capable": null, "source_date": "2026-09-20", "processed_at": "2026-09-21T10:36:24+00:00", "longitude": 118.68109855, "latitude": 32.06967495 }, "geometry": { "type": "Point", "coordinates": [ 118.68109855, 32.06967495 ] } },
{ "type": "Feature", "properties": { "facility_id": "F000442", "osm_id": "1289309524", "osm_object_type": "way", "name": "固城街道卫生院", "facility_type": "hospital", "source_layer": "gis_osm_pois_a_free", "verification_status": "unverified", "operational_status": null, "landing_capable": null, "assembly_capable": null, "source_date": "2026-09-20", "processed_at": "2026-09-21T10:36:24+00:00", "longitude": 118.96669869454246, "latitude": 31.3123732 }, "geometry": { "type": "Point", "coordinates": [ 118.966698694542458, 31.3123732 ] } },
{ "type": "Feature", "properties": { "facility_id": "F000443", "osm_id": "764615268", "osm_object_type": "way", "name": "曹山游客服务中心", "facility_type": "tourist_info", "source_layer": "gis_osm_pois_a_free", "verification_status": "unverified", "operational_status": null, "landing_capable": null, "assembly_capable": null, "source_date": "2026-09-20", "processed_at": "2026-09-21T10:36:24+00:00", "longitude": 119.21887792935945, "latitude": 31.5325384 }, "geometry": { "type": "Point", "coordinates": [ 119.218877929359451, 31.5325384 ] } },
{ "type": "Feature", "properties": { "facility_id": "F000444", "osm_id": "1422962647", "osm_object_type": "way", "name": "南京市溧水区人民医院(白马院区)", "facility_type": "hospital", "source_layer": "gis_osm_pois_a_free", "verification_status": "unverified", "operational_status": null, "landing_capable": null, "assembly_capable": null, "source_date": "2026-09-20", "processed_at": "2026-09-21T10:36:24+00:00", "longitude": 119.17809281107738, "latitude": 31.5791843 }, "geometry": { "type": "Point", "coordinates": [ 119.178092811077377, 31.5791843 ] } },
{ "type": "Feature", "properties": { "facility_id": "F000445", "osm_id": "1518712289", "osm_object_type": "way", "name": "晶桥卫生院", "facility_type": "hospital", "source_layer": "gis_osm_pois_a_free", "verification_status": "unverified", "operational_status": null, "landing_capable": null, "assembly_capable": null, "source_date": "2026-09-20", "processed_at": "2026-09-21T10:36:24+00:00", "longitude": 119.0610195881635, "latitude": 31.53882905 }, "geometry": { "type": "Point", "coordinates": [ 119.061019588163504, 31.53882905 ] } },
{ "type": "Feature", "properties": { "facility_id": "F000446", "osm_id": "449020137", "osm_object_type": "way", "name": "溧水区人民医院", "facility_type": "hospital", "source_layer": "gis_osm_pois_a_free", "verification_status": "unverified", "operational_status": null, "landing_capable": null, "assembly_capable": null, "source_date": "2026-09-20", "processed_at": "2026-09-21T10:36:24+00:00", "longitude": 119.02896056314373, "latitude": 31.63260965 }, "geometry": { "type": "Point", "coordinates": [ 119.028960563143727, 31.63260965 ] } },
{ "type": "Feature", "properties": { "facility_id": "F000447", "osm_id": "1151112092", "osm_object_type": "way", "name": "南京市公安局溧水分局", "facility_type": "police", "source_layer": "gis_osm_pois_a_free", "verification_status": "unverified", "operational_status": null, "landing_capable": null, "assembly_capable": null, "source_date": "2026-09-20", "processed_at": "2026-09-21T10:36:24+00:00", "longitude": 119.00858586572022, "latitude": 31.6377334 }, "geometry": { "type": "Point", "coordinates": [ 119.008585865720221, 31.6377334 ] } },
{ "type": "Feature", "properties": { "facility_id": "F000448", "osm_id": "1411597745", "osm_object_type": "way", "name": "", "facility_type": "shelter", "source_layer": "gis_osm_pois_a_free", "verification_status": "unverified", "operational_status": null, "landing_capable": null, "assembly_capable": null, "source_date": "2026-09-20", "processed_at": "2026-09-21T10:36:24+00:00", "longitude": 119.01280703483235, "latitude": 31.6401885 }, "geometry": { "type": "Point", "coordinates": [ 119.012807034832349, 31.6401885 ] } },
{ "type": "Feature", "properties": { "facility_id": "F000449", "osm_id": "1408282532", "osm_object_type": "way", "name": "南京市公安局溧水分局交警大队永阳中队", "facility_type": "police", "source_layer": "gis_osm_pois_a_free", "verification_status": "unverified", "operational_status": null, "landing_capable": null, "assembly_capable": null, "source_date": "2026-09-20", "processed_at": "2026-09-21T10:36:24+00:00", "longitude": 119.00815771268282, "latitude": 31.64492065 }, "geometry": { "type": "Point", "coordinates": [ 119.008157712682817, 31.64492065 ] } },
{ "type": "Feature", "properties": { "facility_id": "F000450", "osm_id": "1408282531", "osm_object_type": "way", "name": "南京市溧水区消防救援大队", "facility_type": "fire_station", "source_layer": "gis_osm_pois_a_free", "verification_status": "unverified", "operational_status": null, "landing_capable": null, "assembly_capable": null, "source_date": "2026-09-20", "processed_at": "2026-09-21T10:36:24+00:00", "longitude": 119.01075895613246, "latitude": 31.64477435 }, "geometry": { "type": "Point", "coordinates": [ 119.010758956132463, 31.64477435 ] } },
{ "type": "Feature", "properties": { "facility_id": "F000451", "osm_id": "1289306161", "osm_object_type": "way", "name": "南京市公安局高淳分局刑事侦查大队", "facility_type": "police", "source_layer": "gis_osm_pois_a_free", "verification_status": "unverified", "operational_status": null, "landing_capable": null, "assembly_capable": null, "source_date": "2026-09-20", "processed_at": "2026-09-21T10:36:24+00:00", "longitude": 118.89226130580667, "latitude": 31.332368 }, "geometry": { "type": "Point", "coordinates": [ 118.89226130580667, 31.332368 ] } },
{ "type": "Feature", "properties": { "facility_id": "F000452", "osm_id": "1289306162", "osm_object_type": "way", "name": "南京市公安局高淳分局刑事警察大队", "facility_type": "police", "source_layer": "gis_osm_pois_a_free", "verification_status": "unverified", "operational_status": null, "landing_capable": null, "assembly_capable": null, "source_date": "2026-09-20", "processed_at": "2026-09-21T10:36:24+00:00", "longitude": 118.89300259876133, "latitude": 31.33242345 }, "geometry": { "type": "Point", "coordinates": [ 118.893002598761328, 31.33242345 ] } },
{ "type": "Feature", "properties": { "facility_id": "F000453", "osm_id": "1289086558", "osm_object_type": "way", "name": "淳溪街道卫生院", "facility_type": "hospital", "source_layer": "gis_osm_pois_a_free", "verification_status": "unverified", "operational_status": null, "landing_capable": null, "assembly_capable": null, "source_date": "2026-09-20", "processed_at": "2026-09-21T10:36:24+00:00", "longitude": 118.87383289013377, "latitude": 31.3401047 }, "geometry": { "type": "Point", "coordinates": [ 118.87383289013377, 31.3401047 ] } },
{ "type": "Feature", "properties": { "facility_id": "F000454", "osm_id": "1512497928", "osm_object_type": "way", "name": "", "facility_type": "fire_station", "source_layer": "gis_osm_pois_a_free", "verification_status": "unverified", "operational_status": null, "landing_capable": null, "assembly_capable": null, "source_date": "2026-09-20", "processed_at": "2026-09-21T10:36:24+00:00", "longitude": 118.86268117483584, "latitude": 31.72553735 }, "geometry": { "type": "Point", "coordinates": [ 118.862681174835842, 31.72553735 ] } },
{ "type": "Feature", "properties": { "facility_id": "F000455", "osm_id": "1469534180", "osm_object_type": "way", "name": "地铁客服中心", "facility_type": "tourist_info", "source_layer": "gis_osm_pois_a_free", "verification_status": "unverified", "operational_status": null, "landing_capable": null, "assembly_capable": null, "source_date": "2026-09-20", "processed_at": "2026-09-21T10:36:24+00:00", "longitude": 118.86896574255618, "latitude": 31.73250565 }, "geometry": { "type": "Point", "coordinates": [ 118.868965742556185, 31.73250565 ] } },
{ "type": "Feature", "properties": { "facility_id": "F000456", "osm_id": "1470059852", "osm_object_type": "way", "name": "值机区D01-24", "facility_type": "tourist_info", "source_layer": "gis_osm_pois_a_free", "verification_status": "unverified", "operational_status": null, "landing_capable": null, "assembly_capable": null, "source_date": "2026-09-20", "processed_at": "2026-09-21T10:36:24+00:00", "longitude": 118.87016625089286, "latitude": 31.73258905 }, "geometry": { "type": "Point", "coordinates": [ 118.870166250892865, 31.73258905 ] } },
{ "type": "Feature", "properties": { "facility_id": "F000457", "osm_id": "1469534183", "osm_object_type": "way", "name": "公安", "facility_type": "police", "source_layer": "gis_osm_pois_a_free", "verification_status": "unverified", "operational_status": null, "landing_capable": null, "assembly_capable": null, "source_date": "2026-09-20", "processed_at": "2026-09-21T10:36:24+00:00", "longitude": 118.868933, "latitude": 31.73285415 }, "geometry": { "type": "Point", "coordinates": [ 118.868933, 31.73285415 ] } },
{ "type": "Feature", "properties": { "facility_id": "F000458", "osm_id": "1470081493", "osm_object_type": "way", "name": "值机区C01-32", "facility_type": "tourist_info", "source_layer": "gis_osm_pois_a_free", "verification_status": "unverified", "operational_status": null, "landing_capable": null, "assembly_capable": null, "source_date": "2026-09-20", "processed_at": "2026-09-21T10:36:24+00:00", "longitude": 118.87133713613059, "latitude": 31.73295605 }, "geometry": { "type": "Point", "coordinates": [ 118.871337136130592, 31.73295605 ] } },
{ "type": "Feature", "properties": { "facility_id": "F000459", "osm_id": "1054611693", "osm_object_type": "way", "name": "天印山医院", "facility_type": "hospital", "source_layer": "gis_osm_pois_a_free", "verification_status": "unverified", "operational_status": null, "landing_capable": null, "assembly_capable": null, "source_date": "2026-09-20", "processed_at": "2026-09-21T10:36:24+00:00", "longitude": 118.86967047678792, "latitude": 31.88458645 }, "geometry": { "type": "Point", "coordinates": [ 118.869670476787917, 31.88458645 ] } },
{ "type": "Feature", "properties": { "facility_id": "F000460", "osm_id": "1146165489", "osm_object_type": "way", "name": "高淳区古柏中心卫生院", "facility_type": "hospital", "source_layer": "gis_osm_pois_a_free", "verification_status": "unverified", "operational_status": null, "landing_capable": null, "assembly_capable": null, "source_date": "2026-09-20", "processed_at": "2026-09-21T10:36:24+00:00", "longitude": 118.9238699782552, "latitude": 31.39162985 }, "geometry": { "type": "Point", "coordinates": [ 118.923869978255198, 31.39162985 ] } },
{ "type": "Feature", "properties": { "facility_id": "F000461", "osm_id": "1154329589", "osm_object_type": "way", "name": "石湫派出所", "facility_type": "police", "source_layer": "gis_osm_pois_a_free", "verification_status": "unverified", "operational_status": null, "landing_capable": null, "assembly_capable": null, "source_date": "2026-09-20", "processed_at": "2026-09-21T10:36:24+00:00", "longitude": 118.91186850051724, "latitude": 31.64389905 }, "geometry": { "type": "Point", "coordinates": [ 118.911868500517244, 31.64389905 ] } },
{ "type": "Feature", "properties": { "facility_id": "F000462", "osm_id": "19663817", "osm_object_type": "relation", "name": "溧水分局经济开发区派出所", "facility_type": "police", "source_layer": "gis_osm_pois_a_free", "verification_status": "unverified", "operational_status": null, "landing_capable": null, "assembly_capable": null, "source_date": "2026-09-20", "processed_at": "2026-09-21T10:36:24+00:00", "longitude": 118.94874299534604, "latitude": 31.7319172 }, "geometry": { "type": "Point", "coordinates": [ 118.948742995346038, 31.7319172 ] } },
{ "type": "Feature", "properties": { "facility_id": "F000463", "osm_id": "586769967", "osm_object_type": "way", "name": "龙都镇医院", "facility_type": "hospital", "source_layer": "gis_osm_pois_a_free", "verification_status": "unverified", "operational_status": null, "landing_capable": null, "assembly_capable": null, "source_date": "2026-09-20", "processed_at": "2026-09-21T10:36:24+00:00", "longitude": 118.9269234605519, "latitude": 31.83618795 }, "geometry": { "type": "Point", "coordinates": [ 118.926923460551905, 31.83618795 ] } },
{ "type": "Feature", "properties": { "facility_id": "F000464", "osm_id": "553455385", "osm_object_type": "way", "name": "综合门诊楼", "facility_type": "clinic", "source_layer": "gis_osm_pois_a_free", "verification_status": "unverified", "operational_status": null, "landing_capable": null, "assembly_capable": null, "source_date": "2026-09-20", "processed_at": "2026-09-21T10:36:24+00:00", "longitude": 118.9171056, "latitude": 31.9030831 }, "geometry": { "type": "Point", "coordinates": [ 118.9171056, 31.9030831 ] } },
{ "type": "Feature", "properties": { "facility_id": "F000465", "osm_id": "1423141972", "osm_object_type": "way", "name": "南京市溧水区第三人民医院", "facility_type": "hospital", "source_layer": "gis_osm_pois_a_free", "verification_status": "unverified", "operational_status": null, "landing_capable": null, "assembly_capable": null, "source_date": "2026-09-20", "processed_at": "2026-09-21T10:36:24+00:00", "longitude": 119.01945103587549, "latitude": 31.6539406 }, "geometry": { "type": "Point", "coordinates": [ 119.019451035875491, 31.6539406 ] } },
{ "type": "Feature", "properties": { "facility_id": "F000466", "osm_id": "1408492399", "osm_object_type": "way", "name": "溧水区永阳街道社区卫生服务中心", "facility_type": "clinic", "source_layer": "gis_osm_pois_a_free", "verification_status": "unverified", "operational_status": null, "landing_capable": null, "assembly_capable": null, "source_date": "2026-09-20", "processed_at": "2026-09-21T10:36:24+00:00", "longitude": 119.02683177916697, "latitude": 31.6545248 }, "geometry": { "type": "Point", "coordinates": [ 119.026831779166969, 31.6545248 ] } },
{ "type": "Feature", "properties": { "facility_id": "F000467", "osm_id": "1136620132", "osm_object_type": "way", "name": "溧水区妇幼保健院", "facility_type": "hospital", "source_layer": "gis_osm_pois_a_free", "verification_status": "unverified", "operational_status": null, "landing_capable": null, "assembly_capable": null, "source_date": "2026-09-20", "processed_at": "2026-09-21T10:36:24+00:00", "longitude": 119.04957987147894, "latitude": 31.6625003 }, "geometry": { "type": "Point", "coordinates": [ 119.04957987147894, 31.6625003 ] } },
{ "type": "Feature", "properties": { "facility_id": "F000468", "osm_id": "1434336419", "osm_object_type": "way", "name": "溧水分局经济开发区派出所", "facility_type": "police", "source_layer": "gis_osm_pois_a_free", "verification_status": "unverified", "operational_status": null, "landing_capable": null, "assembly_capable": null, "source_date": "2026-09-20", "processed_at": "2026-09-21T10:36:24+00:00", "longitude": 118.94865283852423, "latitude": 31.731941 }, "geometry": { "type": "Point", "coordinates": [ 118.948652838524225, 31.731941 ] } },
{ "type": "Feature", "properties": { "facility_id": "F000469", "osm_id": "1136620131", "osm_object_type": "way", "name": "溧水中医院", "facility_type": "hospital", "source_layer": "gis_osm_pois_a_free", "verification_status": "unverified", "operational_status": null, "landing_capable": null, "assembly_capable": null, "source_date": "2026-09-20", "processed_at": "2026-09-21T10:36:24+00:00", "longitude": 119.04714843628162, "latitude": 31.66366165 }, "geometry": { "type": "Point", "coordinates": [ 119.047148436281617, 31.66366165 ] } },
{ "type": "Feature", "properties": { "facility_id": "F000470", "osm_id": "1412755425", "osm_object_type": "way", "name": "南京鼓楼医院心脑血管病医院(南部院区)", "facility_type": "hospital", "source_layer": "gis_osm_pois_a_free", "verification_status": "unverified", "operational_status": null, "landing_capable": null, "assembly_capable": null, "source_date": "2026-09-20", "processed_at": "2026-09-21T10:36:24+00:00", "longitude": 119.01088131750916, "latitude": 31.72466035 }, "geometry": { "type": "Point", "coordinates": [ 119.01088131750916, 31.72466035 ] } },
{ "type": "Feature", "properties": { "facility_id": "F000471", "osm_id": "974647303", "osm_object_type": "way", "name": "江苏省人民医院句容分院", "facility_type": "hospital", "source_layer": "gis_osm_pois_a_free", "verification_status": "unverified", "operational_status": null, "landing_capable": null, "assembly_capable": null, "source_date": "2026-09-20", "processed_at": "2026-09-21T10:36:24+00:00", "longitude": 119.15613411652586, "latitude": 31.9283927 }, "geometry": { "type": "Point", "coordinates": [ 119.156134116525863, 31.9283927 ] } },
{ "type": "Feature", "properties": { "facility_id": "F000472", "osm_id": "922450873", "osm_object_type": "way", "name": "南京市佑安医院", "facility_type": "hospital", "source_layer": "gis_osm_pois_a_free", "verification_status": "unverified", "operational_status": null, "landing_capable": null, "assembly_capable": null, "source_date": "2026-09-20", "processed_at": "2026-09-21T10:36:24+00:00", "longitude": 118.97081249109084, "latitude": 31.96500155 }, "geometry": { "type": "Point", "coordinates": [ 118.97081249109084, 31.96500155 ] } },
{ "type": "Feature", "properties": { "facility_id": "F000473", "osm_id": "922450869", "osm_object_type": "way", "name": "南京市青龙山精神病院", "facility_type": "hospital", "source_layer": "gis_osm_pois_a_free", "verification_status": "unverified", "operational_status": null, "landing_capable": null, "assembly_capable": null, "source_date": "2026-09-20", "processed_at": "2026-09-21T10:36:24+00:00", "longitude": 118.97448227472532, "latitude": 31.96610405 }, "geometry": { "type": "Point", "coordinates": [ 118.974482274725318, 31.96610405 ] } },
{ "type": "Feature", "properties": { "facility_id": "F000474", "osm_id": "974647550", "osm_object_type": "way", "name": "句容市消防指挥中心", "facility_type": "fire_station", "source_layer": "gis_osm_pois_a_free", "verification_status": "unverified", "operational_status": null, "landing_capable": null, "assembly_capable": null, "source_date": "2026-09-20", "processed_at": "2026-09-21T10:36:24+00:00", "longitude": 119.14660411704907, "latitude": 31.95497625 }, "geometry": { "type": "Point", "coordinates": [ 119.146604117049066, 31.95497625 ] } },
{ "type": "Feature", "properties": { "facility_id": "F000475", "osm_id": "1254246308", "osm_object_type": "way", "name": "南京市公安局江宁分局", "facility_type": "police", "source_layer": "gis_osm_pois_a_free", "verification_status": "unverified", "operational_status": null, "landing_capable": null, "assembly_capable": null, "source_date": "2026-09-20", "processed_at": "2026-09-21T10:36:24+00:00", "longitude": 118.86278849641849, "latitude": 31.9189824 }, "geometry": { "type": "Point", "coordinates": [ 118.862788496418489, 31.9189824 ] } },
{ "type": "Feature", "properties": { "facility_id": "F000476", "osm_id": "1075828812", "osm_object_type": "way", "name": "江宁刑侦", "facility_type": "police", "source_layer": "gis_osm_pois_a_free", "verification_status": "unverified", "operational_status": null, "landing_capable": null, "assembly_capable": null, "source_date": "2026-09-20", "processed_at": "2026-09-21T10:36:24+00:00", "longitude": 118.86469769578659, "latitude": 31.91928885 }, "geometry": { "type": "Point", "coordinates": [ 118.864697695786589, 31.91928885 ] } },
{ "type": "Feature", "properties": { "facility_id": "F000477", "osm_id": "1247994138", "osm_object_type": "way", "name": "南京紫金医院", "facility_type": "hospital", "source_layer": "gis_osm_pois_a_free", "verification_status": "unverified", "operational_status": null, "landing_capable": null, "assembly_capable": null, "source_date": "2026-09-20", "processed_at": "2026-09-21T10:36:24+00:00", "longitude": 118.87024289856765, "latitude": 31.9351139 }, "geometry": { "type": "Point", "coordinates": [ 118.870242898567653, 31.9351139 ] } },
{ "type": "Feature", "properties": { "facility_id": "F000478", "osm_id": "553455383", "osm_object_type": "way", "name": "", "facility_type": "shelter", "source_layer": "gis_osm_pois_a_free", "verification_status": "unverified", "operational_status": null, "landing_capable": null, "assembly_capable": null, "source_date": "2026-09-20", "processed_at": "2026-09-21T10:36:24+00:00", "longitude": 118.91238991559561, "latitude": 31.90485065 }, "geometry": { "type": "Point", "coordinates": [ 118.912389915595611, 31.90485065 ] } },
{ "type": "Feature", "properties": { "facility_id": "F000479", "osm_id": "553656850", "osm_object_type": "way", "name": "", "facility_type": "shelter", "source_layer": "gis_osm_pois_a_free", "verification_status": "unverified", "operational_status": null, "landing_capable": null, "assembly_capable": null, "source_date": "2026-09-20", "processed_at": "2026-09-21T10:36:24+00:00", "longitude": 118.91213119887679, "latitude": 31.9061494 }, "geometry": { "type": "Point", "coordinates": [ 118.912131198876793, 31.9061494 ] } },
{ "type": "Feature", "properties": { "facility_id": "F000480", "osm_id": "1070512858", "osm_object_type": "way", "name": "马群社区卫生服务中心", "facility_type": "clinic", "source_layer": "gis_osm_pois_a_free", "verification_status": "unverified", "operational_status": null, "landing_capable": null, "assembly_capable": null, "source_date": "2026-09-20", "processed_at": "2026-09-21T10:36:24+00:00", "longitude": 118.89560072093109, "latitude": 32.0417966 }, "geometry": { "type": "Point", "coordinates": [ 118.895600720931085, 32.0417966 ] } },
{ "type": "Feature", "properties": { "facility_id": "F000481", "osm_id": "1347351328", "osm_object_type": "way", "name": "马群消防救援站", "facility_type": "fire_station", "source_layer": "gis_osm_pois_a_free", "verification_status": "unverified", "operational_status": null, "landing_capable": null, "assembly_capable": null, "source_date": "2026-09-20", "processed_at": "2026-09-21T10:36:24+00:00", "longitude": 118.89568007923697, "latitude": 32.04906455 }, "geometry": { "type": "Point", "coordinates": [ 118.895680079236968, 32.04906455 ] } },
{ "type": "Feature", "properties": { "facility_id": "F000482", "osm_id": "1029469429", "osm_object_type": "way", "name": "南京市交通管理局百水桥中队", "facility_type": "police", "source_layer": "gis_osm_pois_a_free", "verification_status": "unverified", "operational_status": null, "landing_capable": null, "assembly_capable": null, "source_date": "2026-09-20", "processed_at": "2026-09-21T10:36:24+00:00", "longitude": 118.91062940516261, "latitude": 32.0572314 }, "geometry": { "type": "Point", "coordinates": [ 118.910629405162609, 32.0572314 ] } },
{ "type": "Feature", "properties": { "facility_id": "F000483", "osm_id": "922450821", "osm_object_type": "way", "name": "上峰派出所", "facility_type": "police", "source_layer": "gis_osm_pois_a_free", "verification_status": "unverified", "operational_status": null, "landing_capable": null, "assembly_capable": null, "source_date": "2026-09-20", "processed_at": "2026-09-21T10:36:24+00:00", "longitude": 119.04501715565978, "latitude": 32.0077314 }, "geometry": { "type": "Point", "coordinates": [ 119.045017155659778, 32.0077314 ] } },
{ "type": "Feature", "properties": { "facility_id": "F000484", "osm_id": "927760428", "osm_object_type": "way", "name": "", "facility_type": "fire_station", "source_layer": "gis_osm_pois_a_free", "verification_status": "unverified", "operational_status": null, "landing_capable": null, "assembly_capable": null, "source_date": "2026-09-20", "processed_at": "2026-09-21T10:36:24+00:00", "longitude": 119.06312990826285, "latitude": 32.020244 }, "geometry": { "type": "Point", "coordinates": [ 119.063129908262852, 32.020244 ] } },
{ "type": "Feature", "properties": { "facility_id": "F000485", "osm_id": "1014428717", "osm_object_type": "way", "name": "汤山派出所", "facility_type": "police", "source_layer": "gis_osm_pois_a_free", "verification_status": "unverified", "operational_status": null, "landing_capable": null, "assembly_capable": null, "source_date": "2026-09-20", "processed_at": "2026-09-21T10:36:24+00:00", "longitude": 119.06503817924852, "latitude": 32.03893325 }, "geometry": { "type": "Point", "coordinates": [ 119.065038179248518, 32.03893325 ] } },
{ "type": "Feature", "properties": { "facility_id": "F000486", "osm_id": "1096221532", "osm_object_type": "way", "name": "游客服务中心", "facility_type": "tourist_info", "source_layer": "gis_osm_pois_a_free", "verification_status": "unverified", "operational_status": null, "landing_capable": null, "assembly_capable": null, "source_date": "2026-09-20", "processed_at": "2026-09-21T10:36:24+00:00", "longitude": 119.03377280522031, "latitude": 32.0409872 }, "geometry": { "type": "Point", "coordinates": [ 119.033772805220309, 32.0409872 ] } },
{ "type": "Feature", "properties": { "facility_id": "F000487", "osm_id": "1014428701", "osm_object_type": "way", "name": "南京扬子康复医院", "facility_type": "hospital", "source_layer": "gis_osm_pois_a_free", "verification_status": "unverified", "operational_status": null, "landing_capable": null, "assembly_capable": null, "source_date": "2026-09-20", "processed_at": "2026-09-21T10:36:24+00:00", "longitude": 119.04642840492841, "latitude": 32.0441165 }, "geometry": { "type": "Point", "coordinates": [ 119.046428404928406, 32.0441165 ] } },
{ "type": "Feature", "properties": { "facility_id": "F000488", "osm_id": "923849870", "osm_object_type": "way", "name": "江苏省职工康复医院", "facility_type": "hospital", "source_layer": "gis_osm_pois_a_free", "verification_status": "unverified", "operational_status": null, "landing_capable": null, "assembly_capable": null, "source_date": "2026-09-20", "processed_at": "2026-09-21T10:36:24+00:00", "longitude": 119.06280895396176, "latitude": 32.05383995 }, "geometry": { "type": "Point", "coordinates": [ 119.062808953961763, 32.05383995 ] } },
{ "type": "Feature", "properties": { "facility_id": "F000489", "osm_id": "579074518", "osm_object_type": "way", "name": "南京市公共卫生医疗中心", "facility_type": "hospital", "source_layer": "gis_osm_pois_a_free", "verification_status": "unverified", "operational_status": null, "landing_capable": null, "assembly_capable": null, "source_date": "2026-09-20", "processed_at": "2026-09-21T10:36:24+00:00", "longitude": 118.98440579414179, "latitude": 32.0484458 }, "geometry": { "type": "Point", "coordinates": [ 118.984405794141793, 32.0484458 ] } },
{ "type": "Feature", "properties": { "facility_id": "F000490", "osm_id": "917051725", "osm_object_type": "way", "name": "", "facility_type": "fire_station", "source_layer": "gis_osm_pois_a_free", "verification_status": "unverified", "operational_status": null, "landing_capable": null, "assembly_capable": null, "source_date": "2026-09-20", "processed_at": "2026-09-21T10:36:24+00:00", "longitude": 118.99102424008029, "latitude": 32.07010965 }, "geometry": { "type": "Point", "coordinates": [ 118.991024240080293, 32.07010965 ] } },
{ "type": "Feature", "properties": { "facility_id": "F000491", "osm_id": "1003507986", "osm_object_type": "way", "name": "石门坎消防中队", "facility_type": "fire_station", "source_layer": "gis_osm_pois_a_free", "verification_status": "unverified", "operational_status": null, "landing_capable": null, "assembly_capable": null, "source_date": "2026-09-20", "processed_at": "2026-09-21T10:36:24+00:00", "longitude": 118.86127938306834, "latitude": 32.02421635 }, "geometry": { "type": "Point", "coordinates": [ 118.861279383068336, 32.02421635 ] } },
{ "type": "Feature", "properties": { "facility_id": "F000492", "osm_id": "137388563", "osm_object_type": "way", "name": "南京理工大学医院", "facility_type": "hospital", "source_layer": "gis_osm_pois_a_free", "verification_status": "unverified", "operational_status": null, "landing_capable": null, "assembly_capable": null, "source_date": "2026-09-20", "processed_at": "2026-09-21T10:36:24+00:00", "longitude": 118.846399, "latitude": 32.0329953 }, "geometry": { "type": "Point", "coordinates": [ 118.846399, 32.0329953 ] } },
{ "type": "Feature", "properties": { "facility_id": "F000493", "osm_id": "758671168", "osm_object_type": "way", "name": "南京市中西医结合医院", "facility_type": "hospital", "source_layer": "gis_osm_pois_a_free", "verification_status": "unverified", "operational_status": null, "landing_capable": null, "assembly_capable": null, "source_date": "2026-09-20", "processed_at": "2026-09-21T10:36:24+00:00", "longitude": 118.85264082672873, "latitude": 32.0364848 }, "geometry": { "type": "Point", "coordinates": [ 118.852640826728731, 32.0364848 ] } },
{ "type": "Feature", "properties": { "facility_id": "F000494", "osm_id": "1070512860", "osm_object_type": "way", "name": "南京银城康复医院", "facility_type": "hospital", "source_layer": "gis_osm_pois_a_free", "verification_status": "unverified", "operational_status": null, "landing_capable": null, "assembly_capable": null, "source_date": "2026-09-20", "processed_at": "2026-09-21T10:36:24+00:00", "longitude": 118.88227288450926, "latitude": 32.0408776 }, "geometry": { "type": "Point", "coordinates": [ 118.882272884509263, 32.0408776 ] } },
{ "type": "Feature", "properties": { "facility_id": "F000495", "osm_id": "1342403173", "osm_object_type": "way", "name": "仙鹤门社区卫生服务中心", "facility_type": "hospital", "source_layer": "gis_osm_pois_a_free", "verification_status": "unverified", "operational_status": null, "landing_capable": null, "assembly_capable": null, "source_date": "2026-09-20", "processed_at": "2026-09-21T10:36:24+00:00", "longitude": 118.89392317036948, "latitude": 32.092186 }, "geometry": { "type": "Point", "coordinates": [ 118.893923170369476, 32.092186 ] } },
{ "type": "Feature", "properties": { "facility_id": "F000496", "osm_id": "1411880023", "osm_object_type": "way", "name": "泰康仙林鼓楼医院二期", "facility_type": "hospital", "source_layer": "gis_osm_pois_a_free", "verification_status": "unverified", "operational_status": null, "landing_capable": null, "assembly_capable": null, "source_date": "2026-09-20", "processed_at": "2026-09-21T10:36:24+00:00", "longitude": 118.93239191208812, "latitude": 32.093155 }, "geometry": { "type": "Point", "coordinates": [ 118.932391912088121, 32.093155 ] } },
{ "type": "Feature", "properties": { "facility_id": "F000497", "osm_id": "1410116829", "osm_object_type": "way", "name": "泰康仙林鼓楼医院", "facility_type": "hospital", "source_layer": "gis_osm_pois_a_free", "verification_status": "unverified", "operational_status": null, "landing_capable": null, "assembly_capable": null, "source_date": "2026-09-20", "processed_at": "2026-09-21T10:36:24+00:00", "longitude": 118.93041014228453, "latitude": 32.09688535 }, "geometry": { "type": "Point", "coordinates": [ 118.930410142284529, 32.09688535 ] } },
{ "type": "Feature", "properties": { "facility_id": "F000498", "osm_id": "155422979", "osm_object_type": "way", "name": "", "facility_type": "shelter", "source_layer": "gis_osm_pois_a_free", "verification_status": "unverified", "operational_status": null, "landing_capable": null, "assembly_capable": null, "source_date": "2026-09-20", "processed_at": "2026-09-21T10:36:24+00:00", "longitude": 118.9210728223118, "latitude": 32.10280255 }, "geometry": { "type": "Point", "coordinates": [ 118.9210728223118, 32.10280255 ] } },
{ "type": "Feature", "properties": { "facility_id": "F000499", "osm_id": "275620729", "osm_object_type": "way", "name": "校区医院", "facility_type": "hospital", "source_layer": "gis_osm_pois_a_free", "verification_status": "unverified", "operational_status": null, "landing_capable": null, "assembly_capable": null, "source_date": "2026-09-20", "processed_at": "2026-09-21T10:36:24+00:00", "longitude": 118.9157193, "latitude": 32.10794 }, "geometry": { "type": "Point", "coordinates": [ 118.9157193, 32.10794 ] } },
{ "type": "Feature", "properties": { "facility_id": "F000500", "osm_id": "1242143708", "osm_object_type": "way", "name": "", "facility_type": "shelter", "source_layer": "gis_osm_pois_a_free", "verification_status": "unverified", "operational_status": null, "landing_capable": null, "assembly_capable": null, "source_date": "2026-09-20", "processed_at": "2026-09-21T10:36:24+00:00", "longitude": 118.95776320629533, "latitude": 32.10873215 }, "geometry": { "type": "Point", "coordinates": [ 118.957763206295326, 32.10873215 ] } },
{ "type": "Feature", "properties": { "facility_id": "F000501", "osm_id": "1242231390", "osm_object_type": "way", "name": "", "facility_type": "shelter", "source_layer": "gis_osm_pois_a_free", "verification_status": "unverified", "operational_status": null, "landing_capable": null, "assembly_capable": null, "source_date": "2026-09-20", "processed_at": "2026-09-21T10:36:24+00:00", "longitude": 118.95762931618469, "latitude": 32.1097863 }, "geometry": { "type": "Point", "coordinates": [ 118.957629316184693, 32.1097863 ] } },
{ "type": "Feature", "properties": { "facility_id": "F000502", "osm_id": "1056854774", "osm_object_type": "way", "name": "南京市中心医院(市级机关医院)", "facility_type": "hospital", "source_layer": "gis_osm_pois_a_free", "verification_status": "unverified", "operational_status": null, "landing_capable": null, "assembly_capable": null, "source_date": "2026-09-20", "processed_at": "2026-09-21T10:36:24+00:00", "longitude": 118.7915149259936, "latitude": 32.0576873 }, "geometry": { "type": "Point", "coordinates": [ 118.791514925993596, 32.0576873 ] } },
{ "type": "Feature", "properties": { "facility_id": "F000503", "osm_id": "546947420", "osm_object_type": "way", "name": "南京市口腔医院", "facility_type": "hospital", "source_layer": "gis_osm_pois_a_free", "verification_status": "unverified", "operational_status": null, "landing_capable": null, "assembly_capable": null, "source_date": "2026-09-20", "processed_at": "2026-09-21T10:36:24+00:00", "longitude": 118.77957800818636, "latitude": 32.063544 }, "geometry": { "type": "Point", "coordinates": [ 118.779578008186363, 32.063544 ] } },
{ "type": "Feature", "properties": { "facility_id": "F000504", "osm_id": "1467949311", "osm_object_type": "way", "name": "江苏省肿瘤医院", "facility_type": "hospital", "source_layer": "gis_osm_pois_a_free", "verification_status": "unverified", "operational_status": null, "landing_capable": null, "assembly_capable": null, "source_date": "2026-09-20", "processed_at": "2026-09-21T10:36:24+00:00", "longitude": 118.78113582141913, "latitude": 32.0705409 }, "geometry": { "type": "Point", "coordinates": [ 118.781135821419127, 32.0705409 ] } },
{ "type": "Feature", "properties": { "facility_id": "F000505", "osm_id": "525509007", "osm_object_type": "way", "name": "中国医学科学院皮肤病医院", "facility_type": "hospital", "source_layer": "gis_osm_pois_a_free", "verification_status": "unverified", "operational_status": null, "landing_capable": null, "assembly_capable": null, "source_date": "2026-09-20", "processed_at": "2026-09-21T10:36:24+00:00", "longitude": 118.82250429291972, "latitude": 32.0834016 }, "geometry": { "type": "Point", "coordinates": [ 118.822504292919717, 32.0834016 ] } },
{ "type": "Feature", "properties": { "facility_id": "F000506", "osm_id": "154992342", "osm_object_type": "way", "name": "南京美迪亚医院", "facility_type": "hospital", "source_layer": "gis_osm_pois_a_free", "verification_status": "unverified", "operational_status": null, "landing_capable": null, "assembly_capable": null, "source_date": "2026-09-20", "processed_at": "2026-09-21T10:36:24+00:00", "longitude": 118.82662214584717, "latitude": 32.0360503 }, "geometry": { "type": "Point", "coordinates": [ 118.826622145847168, 32.0360503 ] } },
{ "type": "Feature", "properties": { "facility_id": "F000507", "osm_id": "158582256", "osm_object_type": "way", "name": "南京东南眼科医院", "facility_type": "hospital", "source_layer": "gis_osm_pois_a_free", "verification_status": "unverified", "operational_status": null, "landing_capable": null, "assembly_capable": null, "source_date": "2026-09-20", "processed_at": "2026-09-21T10:36:24+00:00", "longitude": 118.8268045769988, "latitude": 32.0382136 }, "geometry": { "type": "Point", "coordinates": [ 118.826804576998796, 32.0382136 ] } },
{ "type": "Feature", "properties": { "facility_id": "F000508", "osm_id": "916706096", "osm_object_type": "way", "name": "", "facility_type": "police", "source_layer": "gis_osm_pois_a_free", "verification_status": "unverified", "operational_status": null, "landing_capable": null, "assembly_capable": null, "source_date": "2026-09-20", "processed_at": "2026-09-21T10:36:24+00:00", "longitude": 118.84272809175432, "latitude": 32.0929836 }, "geometry": { "type": "Point", "coordinates": [ 118.842728091754324, 32.0929836 ] } },
{ "type": "Feature", "properties": { "facility_id": "F000509", "osm_id": "991480527", "osm_object_type": "way", "name": "红山派出所", "facility_type": "police", "source_layer": "gis_osm_pois_a_free", "verification_status": "unverified", "operational_status": null, "landing_capable": null, "assembly_capable": null, "source_date": "2026-09-20", "processed_at": "2026-09-21T10:36:24+00:00", "longitude": 118.82991217384759, "latitude": 32.1074856 }, "geometry": { "type": "Point", "coordinates": [ 118.829912173847589, 32.1074856 ] } },
{ "type": "Feature", "properties": { "facility_id": "F000510", "osm_id": "991480568", "osm_object_type": "way", "name": "瑞福派出所", "facility_type": "police", "source_layer": "gis_osm_pois_a_free", "verification_status": "unverified", "operational_status": null, "landing_capable": null, "assembly_capable": null, "source_date": "2026-09-20", "processed_at": "2026-09-21T10:36:24+00:00", "longitude": 118.84131094469986, "latitude": 32.11911975 }, "geometry": { "type": "Point", "coordinates": [ 118.841310944699856, 32.11911975 ] } },
{ "type": "Feature", "properties": { "facility_id": "F000511", "osm_id": "1308450336", "osm_object_type": "way", "name": "", "facility_type": "police", "source_layer": "gis_osm_pois_a_free", "verification_status": "unverified", "operational_status": null, "landing_capable": null, "assembly_capable": null, "source_date": "2026-09-20", "processed_at": "2026-09-21T10:36:24+00:00", "longitude": 118.84138732915011, "latitude": 32.1192256 }, "geometry": { "type": "Point", "coordinates": [ 118.841387329150109, 32.1192256 ] } },
{ "type": "Feature", "properties": { "facility_id": "F000512", "osm_id": "1308450338", "osm_object_type": "way", "name": "", "facility_type": "police", "source_layer": "gis_osm_pois_a_free", "verification_status": "unverified", "operational_status": null, "landing_capable": null, "assembly_capable": null, "source_date": "2026-09-20", "processed_at": "2026-09-21T10:36:24+00:00", "longitude": 118.84114141670211, "latitude": 32.11938125 }, "geometry": { "type": "Point", "coordinates": [ 118.841141416702115, 32.11938125 ] } },
{ "type": "Feature", "properties": { "facility_id": "F000513", "osm_id": "1313679342", "osm_object_type": "way", "name": "万寿医院", "facility_type": "hospital", "source_layer": "gis_osm_pois_a_free", "verification_status": "unverified", "operational_status": null, "landing_capable": null, "assembly_capable": null, "source_date": "2026-09-20", "processed_at": "2026-09-21T10:36:24+00:00", "longitude": 118.83811072462916, "latitude": 32.12715405 }, "geometry": { "type": "Point", "coordinates": [ 118.838110724629161, 32.12715405 ] } },
{ "type": "Feature", "properties": { "facility_id": "F000514", "osm_id": "1305585545", "osm_object_type": "way", "name": "南京市消防局特勤大队二中队", "facility_type": "fire_station", "source_layer": "gis_osm_pois_a_free", "verification_status": "unverified", "operational_status": null, "landing_capable": null, "assembly_capable": null, "source_date": "2026-09-20", "processed_at": "2026-09-21T10:36:24+00:00", "longitude": 118.88315248961661, "latitude": 32.12348395 }, "geometry": { "type": "Point", "coordinates": [ 118.883152489616606, 32.12348395 ] } },
{ "type": "Feature", "properties": { "facility_id": "F000515", "osm_id": "991869454", "osm_object_type": "way", "name": "", "facility_type": "police", "source_layer": "gis_osm_pois_a_free", "verification_status": "unverified", "operational_status": null, "landing_capable": null, "assembly_capable": null, "source_date": "2026-09-20", "processed_at": "2026-09-21T10:36:24+00:00", "longitude": 118.86067857091143, "latitude": 32.1652741 }, "geometry": { "type": "Point", "coordinates": [ 118.860678570911432, 32.1652741 ] } },
{ "type": "Feature", "properties": { "facility_id": "F000516", "osm_id": "1312179576", "osm_object_type": "way", "name": "经济技术开发区公安消防大队", "facility_type": "fire_station", "source_layer": "gis_osm_pois_a_free", "verification_status": "unverified", "operational_status": null, "landing_capable": null, "assembly_capable": null, "source_date": "2026-09-20", "processed_at": "2026-09-21T10:36:24+00:00", "longitude": 118.86562067416793, "latitude": 32.1464535 }, "geometry": { "type": "Point", "coordinates": [ 118.865620674167928, 32.1464535 ] } },
{ "type": "Feature", "properties": { "facility_id": "F000517", "osm_id": "1304011217", "osm_object_type": "way", "name": "新港派出所", "facility_type": "police", "source_layer": "gis_osm_pois_a_free", "verification_status": "unverified", "operational_status": null, "landing_capable": null, "assembly_capable": null, "source_date": "2026-09-20", "processed_at": "2026-09-21T10:36:24+00:00", "longitude": 118.86628424984022, "latitude": 32.1662087 }, "geometry": { "type": "Point", "coordinates": [ 118.86628424984022, 32.1662087 ] } },
{ "type": "Feature", "properties": { "facility_id": "F000518", "osm_id": "1022153768", "osm_object_type": "way", "name": "南京市公安局玄武分局", "facility_type": "police", "source_layer": "gis_osm_pois_a_free", "verification_status": "unverified", "operational_status": null, "landing_capable": null, "assembly_capable": null, "source_date": "2026-09-20", "processed_at": "2026-09-21T10:36:24+00:00", "longitude": 118.8049866326615, "latitude": 32.09827345 }, "geometry": { "type": "Point", "coordinates": [ 118.804986632661496, 32.09827345 ] } },
{ "type": "Feature", "properties": { "facility_id": "F000519", "osm_id": "1022153775", "osm_object_type": "way", "name": "江苏省中西医结合医院", "facility_type": "hospital", "source_layer": "gis_osm_pois_a_free", "verification_status": "unverified", "operational_status": null, "landing_capable": null, "assembly_capable": null, "source_date": "2026-09-20", "processed_at": "2026-09-21T10:36:24+00:00", "longitude": 118.80555787598266, "latitude": 32.10156235 }, "geometry": { "type": "Point", "coordinates": [ 118.805557875982657, 32.10156235 ] } },
{ "type": "Feature", "properties": { "facility_id": "F000520", "osm_id": "1022153776", "osm_object_type": "way", "name": "迈皋桥医院", "facility_type": "hospital", "source_layer": "gis_osm_pois_a_free", "verification_status": "unverified", "operational_status": null, "landing_capable": null, "assembly_capable": null, "source_date": "2026-09-20", "processed_at": "2026-09-21T10:36:24+00:00", "longitude": 118.80301660764812, "latitude": 32.10414575 }, "geometry": { "type": "Point", "coordinates": [ 118.803016607648118, 32.10414575 ] } },
{ "type": "Feature", "properties": { "facility_id": "F000521", "osm_id": "991819883", "osm_object_type": "way", "name": "", "facility_type": "hospital", "source_layer": "gis_osm_pois_a_free", "verification_status": "unverified", "operational_status": null, "landing_capable": null, "assembly_capable": null, "source_date": "2026-09-20", "processed_at": "2026-09-21T10:36:24+00:00", "longitude": 118.80862516215819, "latitude": 32.1057316 }, "geometry": { "type": "Point", "coordinates": [ 118.808625162158194, 32.1057316 ] } },
{ "type": "Feature", "properties": { "facility_id": "F000522", "osm_id": "991819890", "osm_object_type": "way", "name": "江苏省人民医院职业病分院", "facility_type": "hospital", "source_layer": "gis_osm_pois_a_free", "verification_status": "unverified", "operational_status": null, "landing_capable": null, "assembly_capable": null, "source_date": "2026-09-20", "processed_at": "2026-09-21T10:36:24+00:00", "longitude": 118.81091163147684, "latitude": 32.10970865 }, "geometry": { "type": "Point", "coordinates": [ 118.810911631476841, 32.10970865 ] } },
{ "type": "Feature", "properties": { "facility_id": "F000523", "osm_id": "1021844306", "osm_object_type": "way", "name": "红山社区卫生服务中心", "facility_type": "clinic", "source_layer": "gis_osm_pois_a_free", "verification_status": "unverified", "operational_status": null, "landing_capable": null, "assembly_capable": null, "source_date": "2026-09-20", "processed_at": "2026-09-21T10:36:24+00:00", "longitude": 118.82333012347323, "latitude": 32.1052136 }, "geometry": { "type": "Point", "coordinates": [ 118.823330123473227, 32.1052136 ] } },
{ "type": "Feature", "properties": { "facility_id": "F000524", "osm_id": "1022153749", "osm_object_type": "way", "name": "紫金集团医院", "facility_type": "hospital", "source_layer": "gis_osm_pois_a_free", "verification_status": "unverified", "operational_status": null, "landing_capable": null, "assembly_capable": null, "source_date": "2026-09-20", "processed_at": "2026-09-21T10:36:24+00:00", "longitude": 118.79313947395218, "latitude": 32.10188385 }, "geometry": { "type": "Point", "coordinates": [ 118.793139473952181, 32.10188385 ] } },
{ "type": "Feature", "properties": { "facility_id": "F000525", "osm_id": "992707231", "osm_object_type": "way", "name": "八卦洲派出所", "facility_type": "police", "source_layer": "gis_osm_pois_a_free", "verification_status": "unverified", "operational_status": null, "landing_capable": null, "assembly_capable": null, "source_date": "2026-09-20", "processed_at": "2026-09-21T10:36:24+00:00", "longitude": 118.81917102233933, "latitude": 32.1741907 }, "geometry": { "type": "Point", "coordinates": [ 118.819171022339333, 32.1741907 ] } },
{ "type": "Feature", "properties": { "facility_id": "F000526", "osm_id": "1324670467", "osm_object_type": "way", "name": "燕子矶消防救援站", "facility_type": "fire_station", "source_layer": "gis_osm_pois_a_free", "verification_status": "unverified", "operational_status": null, "landing_capable": null, "assembly_capable": null, "source_date": "2026-09-20", "processed_at": "2026-09-21T10:36:24+00:00", "longitude": 118.83559254767441, "latitude": 32.1363891 }, "geometry": { "type": "Point", "coordinates": [ 118.835592547674409, 32.1363891 ] } },
{ "type": "Feature", "properties": { "facility_id": "F000527", "osm_id": "411998774", "osm_object_type": "way", "name": "六合区中医院", "facility_type": "hospital", "source_layer": "gis_osm_pois_a_free", "verification_status": "unverified", "operational_status": null, "landing_capable": null, "assembly_capable": null, "source_date": "2026-09-20", "processed_at": "2026-09-21T10:36:24+00:00", "longitude": 118.83394169939187, "latitude": 32.31868345 }, "geometry": { "type": "Point", "coordinates": [ 118.833941699391872, 32.31868345 ] } },
{ "type": "Feature", "properties": { "facility_id": "F000528", "osm_id": "406696122", "osm_object_type": "way", "name": "六合人民医院", "facility_type": "hospital", "source_layer": "gis_osm_pois_a_free", "verification_status": "unverified", "operational_status": null, "landing_capable": null, "assembly_capable": null, "source_date": "2026-09-20", "processed_at": "2026-09-21T10:36:24+00:00", "longitude": 118.84058325801257, "latitude": 32.34595725 }, "geometry": { "type": "Point", "coordinates": [ 118.840583258012572, 32.34595725 ] } },
{ "type": "Feature", "properties": { "facility_id": "F000529", "osm_id": "1315994746", "osm_object_type": "way", "name": "南京市公安局经济技术开发区分局", "facility_type": "police", "source_layer": "gis_osm_pois_a_free", "verification_status": "unverified", "operational_status": null, "landing_capable": null, "assembly_capable": null, "source_date": "2026-09-20", "processed_at": "2026-09-21T10:36:24+00:00", "longitude": 118.86077043176137, "latitude": 32.16555935 }, "geometry": { "type": "Point", "coordinates": [ 118.860770431761367, 32.16555935 ] } },
{ "type": "Feature", "properties": { "facility_id": "F000530", "osm_id": "1315925920", "osm_object_type": "way", "name": "", "facility_type": "police", "source_layer": "gis_osm_pois_a_free", "verification_status": "unverified", "operational_status": null, "landing_capable": null, "assembly_capable": null, "source_date": "2026-09-20", "processed_at": "2026-09-21T10:36:24+00:00", "longitude": 118.86061722496464, "latitude": 32.16536 }, "geometry": { "type": "Point", "coordinates": [ 118.860617224964642, 32.16536 ] } },
{ "type": "Feature", "properties": { "facility_id": "F000531", "osm_id": "854788025", "osm_object_type": "way", "name": "沁心亭", "facility_type": "shelter", "source_layer": "gis_osm_pois_a_free", "verification_status": "unverified", "operational_status": null, "landing_capable": null, "assembly_capable": null, "source_date": "2026-09-20", "processed_at": "2026-09-21T10:36:24+00:00", "longitude": 118.72670107051282, "latitude": 32.07214905 }, "geometry": { "type": "Point", "coordinates": [ 118.726701070512817, 32.07214905 ] } },
{ "type": "Feature", "properties": { "facility_id": "F000532", "osm_id": "461035534", "osm_object_type": "way", "name": "孙中山观江亭", "facility_type": "shelter", "source_layer": "gis_osm_pois_a_free", "verification_status": "unverified", "operational_status": null, "landing_capable": null, "assembly_capable": null, "source_date": "2026-09-20", "processed_at": "2026-09-21T10:36:24+00:00", "longitude": 118.7431474797141, "latitude": 32.0968588 }, "geometry": { "type": "Point", "coordinates": [ 118.743147479714096, 32.0968588 ] } },
{ "type": "Feature", "properties": { "facility_id": "F000533", "osm_id": "1057072496", "osm_object_type": "way", "name": "南京市公安局特警支队七里河训练基地", "facility_type": "police", "source_layer": "gis_osm_pois_a_free", "verification_status": "unverified", "operational_status": null, "landing_capable": null, "assembly_capable": null, "source_date": "2026-09-20", "processed_at": "2026-09-21T10:36:24+00:00", "longitude": 118.67334877347547, "latitude": 32.07717185 }, "geometry": { "type": "Point", "coordinates": [ 118.673348773475468, 32.07717185 ] } },
{ "type": "Feature", "properties": { "facility_id": "F000534", "osm_id": "1060018064", "osm_object_type": "way", "name": "南京市公安局特警支队警务飞行大队", "facility_type": "police", "source_layer": "gis_osm_pois_a_free", "verification_status": "unverified", "operational_status": null, "landing_capable": null, "assembly_capable": null, "source_date": "2026-09-20", "processed_at": "2026-09-21T10:36:24+00:00", "longitude": 118.67427680445923, "latitude": 32.0855042 }, "geometry": { "type": "Point", "coordinates": [ 118.674276804459225, 32.0855042 ] } },
{ "type": "Feature", "properties": { "facility_id": "F000535", "osm_id": "1062591438", "osm_object_type": "way", "name": "南京张文象骨伤科医院", "facility_type": "hospital", "source_layer": "gis_osm_pois_a_free", "verification_status": "unverified", "operational_status": null, "landing_capable": null, "assembly_capable": null, "source_date": "2026-09-20", "processed_at": "2026-09-21T10:36:24+00:00", "longitude": 118.65217675739859, "latitude": 32.08158725 }, "geometry": { "type": "Point", "coordinates": [ 118.652176757398593, 32.08158725 ] } },
{ "type": "Feature", "properties": { "facility_id": "F000536", "osm_id": "1165557639", "osm_object_type": "way", "name": "南京工业大学医院", "facility_type": "hospital", "source_layer": "gis_osm_pois_a_free", "verification_status": "unverified", "operational_status": null, "landing_capable": null, "assembly_capable": null, "source_date": "2026-09-20", "processed_at": "2026-09-21T10:36:24+00:00", "longitude": 118.63198260172742, "latitude": 32.08403685 }, "geometry": { "type": "Point", "coordinates": [ 118.631982601727415, 32.08403685 ] } },
{ "type": "Feature", "properties": { "facility_id": "F000537", "osm_id": "1094700653", "osm_object_type": "way", "name": "南京市公安局交通管理局车管所江北分所", "facility_type": "police", "source_layer": "gis_osm_pois_a_free", "verification_status": "unverified", "operational_status": null, "landing_capable": null, "assembly_capable": null, "source_date": "2026-09-20", "processed_at": "2026-09-21T10:36:24+00:00", "longitude": 118.66993352102941, "latitude": 32.0935025 }, "geometry": { "type": "Point", "coordinates": [ 118.669933521029407, 32.0935025 ] } },
{ "type": "Feature", "properties": { "facility_id": "F000538", "osm_id": "551241332", "osm_object_type": "way", "name": "南京鼓楼医院江北国际医院", "facility_type": "hospital", "source_layer": "gis_osm_pois_a_free", "verification_status": "unverified", "operational_status": null, "landing_capable": null, "assembly_capable": null, "source_date": "2026-09-20", "processed_at": "2026-09-21T10:36:24+00:00", "longitude": 118.6644622075342, "latitude": 32.0949072 }, "geometry": { "type": "Point", "coordinates": [ 118.6644622075342, 32.0949072 ] } },
{ "type": "Feature", "properties": { "facility_id": "F000539", "osm_id": "1226532723", "osm_object_type": "way", "name": "汤泉社区医院", "facility_type": "hospital", "source_layer": "gis_osm_pois_a_free", "verification_status": "unverified", "operational_status": null, "landing_capable": null, "assembly_capable": null, "source_date": "2026-09-20", "processed_at": "2026-09-21T10:36:24+00:00", "longitude": 118.50019656843661, "latitude": 32.09575415 }, "geometry": { "type": "Point", "coordinates": [ 118.500196568436607, 32.09575415 ] } },
{ "type": "Feature", "properties": { "facility_id": "F000540", "osm_id": "1044757460", "osm_object_type": "way", "name": "", "facility_type": "tourist_info", "source_layer": "gis_osm_pois_a_free", "verification_status": "unverified", "operational_status": null, "landing_capable": null, "assembly_capable": null, "source_date": "2026-09-20", "processed_at": "2026-09-21T10:36:24+00:00", "longitude": 118.64293412169332, "latitude": 32.09209465 }, "geometry": { "type": "Point", "coordinates": [ 118.642934121693315, 32.09209465 ] } },
{ "type": "Feature", "properties": { "facility_id": "F000541", "osm_id": "1186452740", "osm_object_type": "way", "name": "", "facility_type": "tourist_info", "source_layer": "gis_osm_pois_a_free", "verification_status": "unverified", "operational_status": null, "landing_capable": null, "assembly_capable": null, "source_date": "2026-09-20", "processed_at": "2026-09-21T10:36:24+00:00", "longitude": 118.65419657710979, "latitude": 32.1218762 }, "geometry": { "type": "Point", "coordinates": [ 118.654196577109786, 32.1218762 ] } },
{ "type": "Feature", "properties": { "facility_id": "F000542", "osm_id": "1098462216", "osm_object_type": "way", "name": "浦口医院南苑区", "facility_type": "hospital", "source_layer": "gis_osm_pois_a_free", "verification_status": "unverified", "operational_status": null, "landing_capable": null, "assembly_capable": null, "source_date": "2026-09-20", "processed_at": "2026-09-21T10:36:24+00:00", "longitude": 118.68788829955315, "latitude": 32.11313125 }, "geometry": { "type": "Point", "coordinates": [ 118.687888299553151, 32.11313125 ] } },
{ "type": "Feature", "properties": { "facility_id": "F000543", "osm_id": "1289050762", "osm_object_type": "way", "name": "南京江北新区顶山街道社区卫生服务中心", "facility_type": "clinic", "source_layer": "gis_osm_pois_a_free", "verification_status": "unverified", "operational_status": null, "landing_capable": null, "assembly_capable": null, "source_date": "2026-09-20", "processed_at": "2026-09-21T10:36:24+00:00", "longitude": 118.68315997934062, "latitude": 32.1146417 }, "geometry": { "type": "Point", "coordinates": [ 118.683159979340616, 32.1146417 ] } },
{ "type": "Feature", "properties": { "facility_id": "F000544", "osm_id": "1171958678", "osm_object_type": "way", "name": "南京市公安局江北新区分局南京北站派出所", "facility_type": "police", "source_layer": "gis_osm_pois_a_free", "verification_status": "unverified", "operational_status": null, "landing_capable": null, "assembly_capable": null, "source_date": "2026-09-20", "processed_at": "2026-09-21T10:36:24+00:00", "longitude": 118.66937418299696, "latitude": 32.166059 }, "geometry": { "type": "Point", "coordinates": [ 118.669374182996961, 32.166059 ] } },
{ "type": "Feature", "properties": { "facility_id": "F000545", "osm_id": "1525210327", "osm_object_type": "way", "name": "南京市公安局交通管理局浦口区大队执勤七中队", "facility_type": "police", "source_layer": "gis_osm_pois_a_free", "verification_status": "unverified", "operational_status": null, "landing_capable": null, "assembly_capable": null, "source_date": "2026-09-20", "processed_at": "2026-09-21T10:36:24+00:00", "longitude": 118.60338616703984, "latitude": 32.19847365 }, "geometry": { "type": "Point", "coordinates": [ 118.603386167039844, 32.19847365 ] } },
{ "type": "Feature", "properties": { "facility_id": "F000546", "osm_id": "582805978", "osm_object_type": "way", "name": "南医大四附院", "facility_type": "hospital", "source_layer": "gis_osm_pois_a_free", "verification_status": "unverified", "operational_status": null, "landing_capable": null, "assembly_capable": null, "source_date": "2026-09-20", "processed_at": "2026-09-21T10:36:24+00:00", "longitude": 118.73526295629694, "latitude": 32.1410571 }, "geometry": { "type": "Point", "coordinates": [ 118.735262956296935, 32.1410571 ] } },
{ "type": "Feature", "properties": { "facility_id": "F000547", "osm_id": "1113104847", "osm_object_type": "way", "name": "", "facility_type": "police", "source_layer": "gis_osm_pois_a_free", "verification_status": "unverified", "operational_status": null, "landing_capable": null, "assembly_capable": null, "source_date": "2026-09-20", "processed_at": "2026-09-21T10:36:24+00:00", "longitude": 118.71246947618185, "latitude": 32.13919775 }, "geometry": { "type": "Point", "coordinates": [ 118.712469476181852, 32.13919775 ] } },
{ "type": "Feature", "properties": { "facility_id": "F000548", "osm_id": "1113104846", "osm_object_type": "way", "name": "浦口巡特警大队", "facility_type": "police", "source_layer": "gis_osm_pois_a_free", "verification_status": "unverified", "operational_status": null, "landing_capable": null, "assembly_capable": null, "source_date": "2026-09-20", "processed_at": "2026-09-21T10:36:24+00:00", "longitude": 118.7127167089857, "latitude": 32.1392977 }, "geometry": { "type": "Point", "coordinates": [ 118.712716708985695, 32.1392977 ] } },
{ "type": "Feature", "properties": { "facility_id": "F000549", "osm_id": "940995755", "osm_object_type": "way", "name": "西门保安亭", "facility_type": "shelter", "source_layer": "gis_osm_pois_a_free", "verification_status": "unverified", "operational_status": null, "landing_capable": null, "assembly_capable": null, "source_date": "2026-09-20", "processed_at": "2026-09-21T10:36:24+00:00", "longitude": 118.76406306298765, "latitude": 32.08289485 }, "geometry": { "type": "Point", "coordinates": [ 118.764063062987645, 32.08289485 ] } },
{ "type": "Feature", "properties": { "facility_id": "F000550", "osm_id": "863543814", "osm_object_type": "way", "name": "第二军医大学长征医院", "facility_type": "hospital", "source_layer": "gis_osm_pois_a_free", "verification_status": "unverified", "operational_status": null, "landing_capable": null, "assembly_capable": null, "source_date": "2026-09-20", "processed_at": "2026-09-21T10:36:24+00:00", "longitude": 118.74432718654911, "latitude": 32.09459945 }, "geometry": { "type": "Point", "coordinates": [ 118.744327186549114, 32.09459945 ] } },
{ "type": "Feature", "properties": { "facility_id": "F000551", "osm_id": "1054623420", "osm_object_type": "way", "name": "南京江北人民医院", "facility_type": "hospital", "source_layer": "gis_osm_pois_a_free", "verification_status": "unverified", "operational_status": null, "landing_capable": null, "assembly_capable": null, "source_date": "2026-09-20", "processed_at": "2026-09-21T10:36:24+00:00", "longitude": 118.75227059832498, "latitude": 32.2370179 }, "geometry": { "type": "Point", "coordinates": [ 118.752270598324984, 32.2370179 ] } },
{ "type": "Feature", "properties": { "facility_id": "F000552", "osm_id": "89782144", "osm_object_type": "way", "name": "南京大学医院浦口分院", "facility_type": "hospital", "source_layer": "gis_osm_pois_a_free", "verification_status": "unverified", "operational_status": null, "landing_capable": null, "assembly_capable": null, "source_date": "2026-09-20", "processed_at": "2026-09-21T10:36:24+00:00", "longitude": 118.69755037564622, "latitude": 32.18085145 }, "geometry": { "type": "Point", "coordinates": [ 118.697550375646216, 32.18085145 ] } },
{ "type": "Feature", "properties": { "facility_id": "F000553", "osm_id": "1316302535", "osm_object_type": "way", "name": "医务室", "facility_type": "clinic", "source_layer": "gis_osm_pois_a_free", "verification_status": "unverified", "operational_status": null, "landing_capable": null, "assembly_capable": null, "source_date": "2026-09-20", "processed_at": "2026-09-21T10:36:24+00:00", "longitude": 118.70912934168189, "latitude": 32.20225225 }, "geometry": { "type": "Point", "coordinates": [ 118.709129341681887, 32.20225225 ] } },
{ "type": "Feature", "properties": { "facility_id": "F000554", "osm_id": "1421306729", "osm_object_type": "way", "name": "南钢医院", "facility_type": "hospital", "source_layer": "gis_osm_pois_a_free", "verification_status": "unverified", "operational_status": null, "landing_capable": null, "assembly_capable": null, "source_date": "2026-09-20", "processed_at": "2026-09-21T10:36:24+00:00", "longitude": 118.73858801220936, "latitude": 32.20473205 }, "geometry": { "type": "Point", "coordinates": [ 118.738588012209362, 32.20473205 ] } },
{ "type": "Feature", "properties": { "facility_id": "F000555", "osm_id": "1421551221", "osm_object_type": "way", "name": "", "facility_type": "hospital", "source_layer": "gis_osm_pois_a_free", "verification_status": "unverified", "operational_status": null, "landing_capable": null, "assembly_capable": null, "source_date": "2026-09-20", "processed_at": "2026-09-21T10:36:24+00:00", "longitude": 118.73565758410396, "latitude": 32.22138785 }, "geometry": { "type": "Point", "coordinates": [ 118.735657584103961, 32.22138785 ] } },
{ "type": "Feature", "properties": { "facility_id": "F000556", "osm_id": "1421680045", "osm_object_type": "way", "name": "", "facility_type": "hospital", "source_layer": "gis_osm_pois_a_free", "verification_status": "unverified", "operational_status": null, "landing_capable": null, "assembly_capable": null, "source_date": "2026-09-20", "processed_at": "2026-09-21T10:36:24+00:00", "longitude": 118.74268702297431, "latitude": 32.22209925 }, "geometry": { "type": "Point", "coordinates": [ 118.742687022974309, 32.22209925 ] } },
{ "type": "Feature", "properties": { "facility_id": "F000557", "osm_id": "1057165393", "osm_object_type": "way", "name": "南京消防救援支队特勤大队", "facility_type": "fire_station", "source_layer": "gis_osm_pois_a_free", "verification_status": "unverified", "operational_status": null, "landing_capable": null, "assembly_capable": null, "source_date": "2026-09-20", "processed_at": "2026-09-21T10:36:24+00:00", "longitude": 118.72767540954547, "latitude": 32.2581835 }, "geometry": { "type": "Point", "coordinates": [ 118.727675409545469, 32.2581835 ] } },
{ "type": "Feature", "properties": { "facility_id": "F000558", "osm_id": "1308450462", "osm_object_type": "way", "name": "南京市妇幼保健院丁家庄院区", "facility_type": "hospital", "source_layer": "gis_osm_pois_a_free", "verification_status": "unverified", "operational_status": null, "landing_capable": null, "assembly_capable": null, "source_date": "2026-09-20", "processed_at": "2026-09-21T10:36:24+00:00", "longitude": 118.84983852122511, "latitude": 32.11344485 }, "geometry": { "type": "Point", "coordinates": [ 118.849838521225109, 32.11344485 ] } },
{ "type": "Feature", "properties": { "facility_id": "F000559", "osm_id": "1305585544", "osm_object_type": "way", "name": "", "facility_type": "fire_station", "source_layer": "gis_osm_pois_a_free", "verification_status": "unverified", "operational_status": null, "landing_capable": null, "assembly_capable": null, "source_date": "2026-09-20", "processed_at": "2026-09-21T10:36:24+00:00", "longitude": 118.88290358929316, "latitude": 32.12321655 }, "geometry": { "type": "Point", "coordinates": [ 118.882903589293164, 32.12321655 ] } },
{ "type": "Feature", "properties": { "facility_id": "F000560", "osm_id": "1305990837", "osm_object_type": "way", "name": "南京市公安局栖霞分局", "facility_type": "police", "source_layer": "gis_osm_pois_a_free", "verification_status": "unverified", "operational_status": null, "landing_capable": null, "assembly_capable": null, "source_date": "2026-09-20", "processed_at": "2026-09-21T10:36:24+00:00", "longitude": 118.87335800779766, "latitude": 32.1146778 }, "geometry": { "type": "Point", "coordinates": [ 118.873358007797663, 32.1146778 ] } },
{ "type": "Feature", "properties": { "facility_id": "F000561", "osm_id": "991480531", "osm_object_type": "way", "name": "南京明州康复医院", "facility_type": "hospital", "source_layer": "gis_osm_pois_a_free", "verification_status": "unverified", "operational_status": null, "landing_capable": null, "assembly_capable": null, "source_date": "2026-09-20", "processed_at": "2026-09-21T10:36:24+00:00", "longitude": 118.8653219472211, "latitude": 32.11594715 }, "geometry": { "type": "Point", "coordinates": [ 118.865321947221105, 32.11594715 ] } },
{ "type": "Feature", "properties": { "facility_id": "F000562", "osm_id": "1307224432", "osm_object_type": "way", "name": "南京市公安局特警支队机动武装训练三大队", "facility_type": "police", "source_layer": "gis_osm_pois_a_free", "verification_status": "unverified", "operational_status": null, "landing_capable": null, "assembly_capable": null, "source_date": "2026-09-20", "processed_at": "2026-09-21T10:36:24+00:00", "longitude": 118.85544873286401, "latitude": 32.1173755 }, "geometry": { "type": "Point", "coordinates": [ 118.855448732864005, 32.1173755 ] } },
{ "type": "Feature", "properties": { "facility_id": "F000563", "osm_id": "1309921139", "osm_object_type": "way", "name": "尧化门派出所", "facility_type": "police", "source_layer": "gis_osm_pois_a_free", "verification_status": "unverified", "operational_status": null, "landing_capable": null, "assembly_capable": null, "source_date": "2026-09-20", "processed_at": "2026-09-21T10:36:24+00:00", "longitude": 118.87821030969155, "latitude": 32.118228 }, "geometry": { "type": "Point", "coordinates": [ 118.878210309691553, 32.118228 ] } },
{ "type": "Feature", "properties": { "facility_id": "F000564", "osm_id": "1305786743", "osm_object_type": "way", "name": "南京市栖霞区医院", "facility_type": "hospital", "source_layer": "gis_osm_pois_a_free", "verification_status": "unverified", "operational_status": null, "landing_capable": null, "assembly_capable": null, "source_date": "2026-09-20", "processed_at": "2026-09-21T10:36:24+00:00", "longitude": 118.87570389146481, "latitude": 32.119843 }, "geometry": { "type": "Point", "coordinates": [ 118.875703891464809, 32.119843 ] } },
{ "type": "Feature", "properties": { "facility_id": "F000565", "osm_id": "1309435636", "osm_object_type": "way", "name": "", "facility_type": "police", "source_layer": "gis_osm_pois_a_free", "verification_status": "unverified", "operational_status": null, "landing_capable": null, "assembly_capable": null, "source_date": "2026-09-20", "processed_at": "2026-09-21T10:36:24+00:00", "longitude": 118.8749522, "latitude": 32.1205427 }, "geometry": { "type": "Point", "coordinates": [ 118.8749522, 32.1205427 ] } },
{ "type": "Feature", "properties": { "facility_id": "F000566", "osm_id": "155434676", "osm_object_type": "way", "name": "栖霞区公安消防大队", "facility_type": "fire_station", "source_layer": "gis_osm_pois_a_free", "verification_status": "unverified", "operational_status": null, "landing_capable": null, "assembly_capable": null, "source_date": "2026-09-20", "processed_at": "2026-09-21T10:36:24+00:00", "longitude": 118.93235127823036, "latitude": 32.11569825 }, "geometry": { "type": "Point", "coordinates": [ 118.932351278230357, 32.11569825 ] } },
{ "type": "Feature", "properties": { "facility_id": "F000567", "osm_id": "962566084", "osm_object_type": "way", "name": "", "facility_type": "shelter", "source_layer": "gis_osm_pois_a_free", "verification_status": "unverified", "operational_status": null, "landing_capable": null, "assembly_capable": null, "source_date": "2026-09-20", "processed_at": "2026-09-21T10:36:24+00:00", "longitude": 118.9259589, "latitude": 32.1164644 }, "geometry": { "type": "Point", "coordinates": [ 118.9259589, 32.1164644 ] } },
{ "type": "Feature", "properties": { "facility_id": "F000568", "osm_id": "223944207", "osm_object_type": "way", "name": "门诊部", "facility_type": "hospital", "source_layer": "gis_osm_pois_a_free", "verification_status": "unverified", "operational_status": null, "landing_capable": null, "assembly_capable": null, "source_date": "2026-09-20", "processed_at": "2026-09-21T10:36:24+00:00", "longitude": 118.9268318701024, "latitude": 32.1184281 }, "geometry": { "type": "Point", "coordinates": [ 118.926831870102404, 32.1184281 ] } },
{ "type": "Feature", "properties": { "facility_id": "F000569", "osm_id": "1051727096", "osm_object_type": "way", "name": "", "facility_type": "shelter", "source_layer": "gis_osm_pois_a_free", "verification_status": "unverified", "operational_status": null, "landing_capable": null, "assembly_capable": null, "source_date": "2026-09-20", "processed_at": "2026-09-21T10:36:24+00:00", "longitude": 118.93613398123773, "latitude": 32.1192149 }, "geometry": { "type": "Point", "coordinates": [ 118.936133981237731, 32.1192149 ] } },
{ "type": "Feature", "properties": { "facility_id": "F000570", "osm_id": "1051736239", "osm_object_type": "way", "name": "南京工业职业技术大学（西门）", "facility_type": "shelter", "source_layer": "gis_osm_pois_a_free", "verification_status": "unverified", "operational_status": null, "landing_capable": null, "assembly_capable": null, "source_date": "2026-09-20", "processed_at": "2026-09-21T10:36:24+00:00", "longitude": 118.93001756696961, "latitude": 32.12181925 }, "geometry": { "type": "Point", "coordinates": [ 118.93001756696961, 32.12181925 ] } },
{ "type": "Feature", "properties": { "facility_id": "F000571", "osm_id": "1051736276", "osm_object_type": "way", "name": "南京工业职业技术大学（东门）", "facility_type": "shelter", "source_layer": "gis_osm_pois_a_free", "verification_status": "unverified", "operational_status": null, "landing_capable": null, "assembly_capable": null, "source_date": "2026-09-20", "processed_at": "2026-09-21T10:36:24+00:00", "longitude": 118.94010243425831, "latitude": 32.1244334 }, "geometry": { "type": "Point", "coordinates": [ 118.940102434258307, 32.1244334 ] } },
{ "type": "Feature", "properties": { "facility_id": "F000572", "osm_id": "852008687", "osm_object_type": "way", "name": "江苏省中医院紫东院区", "facility_type": "hospital", "source_layer": "gis_osm_pois_a_free", "verification_status": "unverified", "operational_status": null, "landing_capable": null, "assembly_capable": null, "source_date": "2026-09-20", "processed_at": "2026-09-21T10:36:24+00:00", "longitude": 118.98138502859869, "latitude": 32.11875515 }, "geometry": { "type": "Point", "coordinates": [ 118.981385028598694, 32.11875515 ] } },
{ "type": "Feature", "properties": { "facility_id": "F000573", "osm_id": "914244288", "osm_object_type": "way", "name": "淳朴亭", "facility_type": "shelter", "source_layer": "gis_osm_pois_a_free", "verification_status": "unverified", "operational_status": null, "landing_capable": null, "assembly_capable": null, "source_date": "2026-09-20", "processed_at": "2026-09-21T10:36:24+00:00", "longitude": 118.95077744462606, "latitude": 32.1207568 }, "geometry": { "type": "Point", "coordinates": [ 118.950777444626056, 32.1207568 ] } },
{ "type": "Feature", "properties": { "facility_id": "F000574", "osm_id": "988807847", "osm_object_type": "way", "name": "宝华交警中队", "facility_type": "police", "source_layer": "gis_osm_pois_a_free", "verification_status": "unverified", "operational_status": null, "landing_capable": null, "assembly_capable": null, "source_date": "2026-09-20", "processed_at": "2026-09-21T10:36:24+00:00", "longitude": 119.01792379271311, "latitude": 32.1345856 }, "geometry": { "type": "Point", "coordinates": [ 119.017923792713106, 32.1345856 ] } },
{ "type": "Feature", "properties": { "facility_id": "F000575", "osm_id": "1350642170", "osm_object_type": "way", "name": "宝华镇消防站", "facility_type": "fire_station", "source_layer": "gis_osm_pois_a_free", "verification_status": "unverified", "operational_status": null, "landing_capable": null, "assembly_capable": null, "source_date": "2026-09-20", "processed_at": "2026-09-21T10:36:24+00:00", "longitude": 119.02667905683346, "latitude": 32.13856765 }, "geometry": { "type": "Point", "coordinates": [ 119.026679056833459, 32.13856765 ] } },
{ "type": "Feature", "properties": { "facility_id": "F000576", "osm_id": "982710588", "osm_object_type": "way", "name": "仙林湖消防站", "facility_type": "fire_station", "source_layer": "gis_osm_pois_a_free", "verification_status": "unverified", "operational_status": null, "landing_capable": null, "assembly_capable": null, "source_date": "2026-09-20", "processed_at": "2026-09-21T10:36:24+00:00", "longitude": 118.98553009686759, "latitude": 32.1316306 }, "geometry": { "type": "Point", "coordinates": [ 118.985530096867592, 32.1316306 ] } },
{ "type": "Feature", "properties": { "facility_id": "F000577", "osm_id": "1396632627", "osm_object_type": "way", "name": "栖霞区医院西岗分院", "facility_type": "hospital", "source_layer": "gis_osm_pois_a_free", "verification_status": "unverified", "operational_status": null, "landing_capable": null, "assembly_capable": null, "source_date": "2026-09-20", "processed_at": "2026-09-21T10:36:24+00:00", "longitude": 119.00523463891602, "latitude": 32.1454888 }, "geometry": { "type": "Point", "coordinates": [ 119.005234638916022, 32.1454888 ] } },
{ "type": "Feature", "properties": { "facility_id": "F000578", "osm_id": "871780515", "osm_object_type": "way", "name": "宝华卫生院", "facility_type": "hospital", "source_layer": "gis_osm_pois_a_free", "verification_status": "unverified", "operational_status": null, "landing_capable": null, "assembly_capable": null, "source_date": "2026-09-20", "processed_at": "2026-09-21T10:36:24+00:00", "longitude": 119.03359650349316, "latitude": 32.1508955 }, "geometry": { "type": "Point", "coordinates": [ 119.033596503493158, 32.1508955 ] } },
{ "type": "Feature", "properties": { "facility_id": "F000579", "osm_id": "978466061", "osm_object_type": "way", "name": "下蜀中心卫生院", "facility_type": "hospital", "source_layer": "gis_osm_pois_a_free", "verification_status": "unverified", "operational_status": null, "landing_capable": null, "assembly_capable": null, "source_date": "2026-09-20", "processed_at": "2026-09-21T10:36:24+00:00", "longitude": 119.17907528366176, "latitude": 32.1683689 }, "geometry": { "type": "Point", "coordinates": [ 119.17907528366176, 32.1683689 ] } },
{ "type": "Feature", "properties": { "facility_id": "F000580", "osm_id": "851358475", "osm_object_type": "way", "name": "龙潭街社区卫生服务站", "facility_type": "hospital", "source_layer": "gis_osm_pois_a_free", "verification_status": "unverified", "operational_status": null, "landing_capable": null, "assembly_capable": null, "source_date": "2026-09-20", "processed_at": "2026-09-21T10:36:24+00:00", "longitude": 119.0508130291187, "latitude": 32.17058845 }, "geometry": { "type": "Point", "coordinates": [ 119.0508130291187, 32.17058845 ] } },
{ "type": "Feature", "properties": { "facility_id": "F000581", "osm_id": "851358396", "osm_object_type": "way", "name": "", "facility_type": "hospital", "source_layer": "gis_osm_pois_a_free", "verification_status": "unverified", "operational_status": null, "landing_capable": null, "assembly_capable": null, "source_date": "2026-09-20", "processed_at": "2026-09-21T10:36:24+00:00", "longitude": 119.06854440221133, "latitude": 32.173987 }, "geometry": { "type": "Point", "coordinates": [ 119.06854440221133, 32.173987 ] } },
{ "type": "Feature", "properties": { "facility_id": "F000582", "osm_id": "851358452", "osm_object_type": "way", "name": "栖霞区医院龙潭分院", "facility_type": "hospital", "source_layer": "gis_osm_pois_a_free", "verification_status": "unverified", "operational_status": null, "landing_capable": null, "assembly_capable": null, "source_date": "2026-09-20", "processed_at": "2026-09-21T10:36:24+00:00", "longitude": 119.06798774953801, "latitude": 32.1840864 }, "geometry": { "type": "Point", "coordinates": [ 119.067987749538005, 32.1840864 ] } },
{ "type": "Feature", "properties": { "facility_id": "F000583", "osm_id": "1355127224", "osm_object_type": "way", "name": "靖安社区卫生服务中心", "facility_type": "hospital", "source_layer": "gis_osm_pois_a_free", "verification_status": "unverified", "operational_status": null, "landing_capable": null, "assembly_capable": null, "source_date": "2026-09-20", "processed_at": "2026-09-21T10:36:24+00:00", "longitude": 119.12522966135458, "latitude": 32.2220595 }, "geometry": { "type": "Point", "coordinates": [ 119.125229661354581, 32.2220595 ] } },
{ "type": "Feature", "properties": { "facility_id": "F000584", "osm_id": "880593959", "osm_object_type": "way", "name": "龙潭消防站", "facility_type": "fire_station", "source_layer": "gis_osm_pois_a_free", "verification_status": "unverified", "operational_status": null, "landing_capable": null, "assembly_capable": null, "source_date": "2026-09-20", "processed_at": "2026-09-21T10:36:24+00:00", "longitude": 119.13176824016364, "latitude": 32.22536885 }, "geometry": { "type": "Point", "coordinates": [ 119.131768240163638, 32.22536885 ] } },
{ "type": "Feature", "properties": { "facility_id": "F000585", "osm_id": "949265253", "osm_object_type": "way", "name": "扬州市化学工业园区消防救援大队", "facility_type": "fire_station", "source_layer": "gis_osm_pois_a_free", "verification_status": "unverified", "operational_status": null, "landing_capable": null, "assembly_capable": null, "source_date": "2026-09-20", "processed_at": "2026-09-21T10:36:24+00:00", "longitude": 119.09652985543815, "latitude": 32.2547955 }, "geometry": { "type": "Point", "coordinates": [ 119.096529855438149, 32.2547955 ] } },
{ "type": "Feature", "properties": { "facility_id": "F000586", "osm_id": "263050632", "osm_object_type": "way", "name": "仪征市人民医院", "facility_type": "hospital", "source_layer": "gis_osm_pois_a_free", "verification_status": "unverified", "operational_status": null, "landing_capable": null, "assembly_capable": null, "source_date": "2026-09-20", "processed_at": "2026-09-21T10:36:24+00:00", "longitude": 119.1843249463038, "latitude": 32.27082505 }, "geometry": { "type": "Point", "coordinates": [ 119.184324946303803, 32.27082505 ] } },
{ "type": "Feature", "properties": { "facility_id": "F000587", "osm_id": "431327977", "osm_object_type": "way", "name": "仪征市中医院", "facility_type": "hospital", "source_layer": "gis_osm_pois_a_free", "verification_status": "unverified", "operational_status": null, "landing_capable": null, "assembly_capable": null, "source_date": "2026-09-20", "processed_at": "2026-09-21T10:36:24+00:00", "longitude": 119.17105228809625, "latitude": 32.27706615 }, "geometry": { "type": "Point", "coordinates": [ 119.171052288096249, 32.27706615 ] } },
{ "type": "Feature", "properties": { "facility_id": "F000588", "osm_id": "431327981", "osm_object_type": "way", "name": "仪征市警察局", "facility_type": "police", "source_layer": "gis_osm_pois_a_free", "verification_status": "unverified", "operational_status": null, "landing_capable": null, "assembly_capable": null, "source_date": "2026-09-20", "processed_at": "2026-09-21T10:36:24+00:00", "longitude": 119.16755516641524, "latitude": 32.28209735 }, "geometry": { "type": "Point", "coordinates": [ 119.167555166415241, 32.28209735 ] } },
{ "type": "Feature", "properties": { "facility_id": "F000589", "osm_id": "367942483", "osm_object_type": "way", "name": "仪化医院", "facility_type": "hospital", "source_layer": "gis_osm_pois_a_free", "verification_status": "unverified", "operational_status": null, "landing_capable": null, "assembly_capable": null, "source_date": "2026-09-20", "processed_at": "2026-09-21T10:36:24+00:00", "longitude": 119.15060830808605, "latitude": 32.28415105000001 }, "geometry": { "type": "Point", "coordinates": [ 119.150608308086049, 32.28415105 ] } },
{ "type": "Feature", "properties": { "facility_id": "F000590", "osm_id": "990260844", "osm_object_type": "way", "name": "四组团十一食堂站", "facility_type": "shelter", "source_layer": "gis_osm_pois_a_free", "verification_status": "unverified", "operational_status": null, "landing_capable": null, "assembly_capable": null, "source_date": "2026-09-20", "processed_at": "2026-09-21T10:36:24+00:00", "longitude": 118.94762668829452, "latitude": 32.12534985 }, "geometry": { "type": "Point", "coordinates": [ 118.94762668829452, 32.12534985 ] } },
{ "type": "Feature", "properties": { "facility_id": "F000591", "osm_id": "1051727102", "osm_object_type": "way", "name": "南京工业职业技术大学（北门）", "facility_type": "shelter", "source_layer": "gis_osm_pois_a_free", "verification_status": "unverified", "operational_status": null, "landing_capable": null, "assembly_capable": null, "source_date": "2026-09-20", "processed_at": "2026-09-21T10:36:24+00:00", "longitude": 118.93738243239029, "latitude": 32.12630485 }, "geometry": { "type": "Point", "coordinates": [ 118.937382432390294, 32.12630485 ] } },
{ "type": "Feature", "properties": { "facility_id": "F000592", "osm_id": "888608291", "osm_object_type": "way", "name": "南京瑞东医院", "facility_type": "hospital", "source_layer": "gis_osm_pois_a_free", "verification_status": "unverified", "operational_status": null, "landing_capable": null, "assembly_capable": null, "source_date": "2026-09-20", "processed_at": "2026-09-21T10:36:24+00:00", "longitude": 118.9256944184265, "latitude": 32.15112275 }, "geometry": { "type": "Point", "coordinates": [ 118.925694418426502, 32.15112275 ] } },
{ "type": "Feature", "properties": { "facility_id": "F000593", "osm_id": "1525215274", "osm_object_type": "way", "name": "玉带路派出所", "facility_type": "police", "source_layer": "gis_osm_pois_a_free", "verification_status": "unverified", "operational_status": null, "landing_capable": null, "assembly_capable": null, "source_date": "2026-09-20", "processed_at": "2026-09-21T10:36:24+00:00", "longitude": 118.91231290018922, "latitude": 32.22628805 }, "geometry": { "type": "Point", "coordinates": [ 118.912312900189221, 32.22628805 ] } },
{ "type": "Feature", "properties": { "facility_id": "F000594", "osm_id": "1525215267", "osm_object_type": "way", "name": "长芦街道社区卫生服务中心", "facility_type": "hospital", "source_layer": "gis_osm_pois_a_free", "verification_status": "unverified", "operational_status": null, "landing_capable": null, "assembly_capable": null, "source_date": "2026-09-20", "processed_at": "2026-09-21T10:36:24+00:00", "longitude": 118.91178937524737, "latitude": 32.22645205000001 }, "geometry": { "type": "Point", "coordinates": [ 118.911789375247366, 32.22645205 ] } },
{ "type": "Feature", "properties": { "facility_id": "F000595", "osm_id": "1081068364", "osm_object_type": "way", "name": "", "facility_type": "tourist_info", "source_layer": "gis_osm_pois_a_free", "verification_status": "unverified", "operational_status": null, "landing_capable": null, "assembly_capable": null, "source_date": "2026-09-20", "processed_at": "2026-09-21T10:36:24+00:00", "longitude": 118.93063830451329, "latitude": 32.4641056 }, "geometry": { "type": "Point", "coordinates": [ 118.930638304513295, 32.4641056 ] } },
{ "type": "Feature", "properties": { "facility_id": "F000596", "osm_id": "1525215271", "osm_object_type": "way", "name": "", "facility_type": "police", "source_layer": "gis_osm_pois_a_free", "verification_status": "unverified", "operational_status": null, "landing_capable": null, "assembly_capable": null, "source_date": "2026-09-20", "processed_at": "2026-09-21T10:36:24+00:00", "longitude": 118.91209605, "latitude": 32.22687035 }, "geometry": { "type": "Point", "coordinates": [ 118.91209605, 32.22687035 ] } },
{ "type": "Feature", "properties": { "facility_id": "F000597", "osm_id": "8975173770", "osm_object_type": "node", "name": "", "facility_type": "helipad", "source_layer": "gis_osm_transport_free", "verification_status": "unverified", "operational_status": null, "landing_capable": null, "assembly_capable": null, "source_date": "2026-09-20", "processed_at": "2026-09-21T10:36:24+00:00", "longitude": 118.8384528, "latitude": 31.9715673 }, "geometry": { "type": "Point", "coordinates": [ 118.8384528, 31.9715673 ] } },
{ "type": "Feature", "properties": { "facility_id": "F000598", "osm_id": "13676875345", "osm_object_type": "node", "name": "", "facility_type": "helipad", "source_layer": "gis_osm_transport_free", "verification_status": "unverified", "operational_status": null, "landing_capable": null, "assembly_capable": null, "source_date": "2026-09-20", "processed_at": "2026-09-21T10:36:24+00:00", "longitude": 118.8260155, "latitude": 32.0159285 }, "geometry": { "type": "Point", "coordinates": [ 118.8260155, 32.0159285 ] } },
{ "type": "Feature", "properties": { "facility_id": "F000599", "osm_id": "1517466392", "osm_object_type": "node", "name": "", "facility_type": "helipad", "source_layer": "gis_osm_transport_free", "verification_status": "unverified", "operational_status": null, "landing_capable": null, "assembly_capable": null, "source_date": "2026-09-20", "processed_at": "2026-09-21T10:36:24+00:00", "longitude": 118.6975382, "latitude": 32.0461422 }, "geometry": { "type": "Point", "coordinates": [ 118.6975382, 32.0461422 ] } },
{ "type": "Feature", "properties": { "facility_id": "F000600", "osm_id": "12541199102", "osm_object_type": "node", "name": "", "facility_type": "helipad", "source_layer": "gis_osm_transport_free", "verification_status": "unverified", "operational_status": null, "landing_capable": null, "assembly_capable": null, "source_date": "2026-09-20", "processed_at": "2026-09-21T10:36:24+00:00", "longitude": 119.1056237, "latitude": 32.2072682 }, "geometry": { "type": "Point", "coordinates": [ 119.1056237, 32.2072682 ] } },
{ "type": "Feature", "properties": { "facility_id": "F000601", "osm_id": "12541199103", "osm_object_type": "node", "name": "", "facility_type": "helipad", "source_layer": "gis_osm_transport_free", "verification_status": "unverified", "operational_status": null, "landing_capable": null, "assembly_capable": null, "source_date": "2026-09-20", "processed_at": "2026-09-21T10:36:24+00:00", "longitude": 119.1055593, "latitude": 32.207586 }, "geometry": { "type": "Point", "coordinates": [ 119.1055593, 32.207586 ] } },
{ "type": "Feature", "properties": { "facility_id": "F000602", "osm_id": "13359237623", "osm_object_type": "node", "name": "", "facility_type": "helipad", "source_layer": "gis_osm_transport_free", "verification_status": "unverified", "operational_status": null, "landing_capable": null, "assembly_capable": null, "source_date": "2026-09-20", "processed_at": "2026-09-21T10:36:24+00:00", "longitude": 118.9901488, "latitude": 32.0704816 }, "geometry": { "type": "Point", "coordinates": [ 118.9901488, 32.0704816 ] } },
{ "type": "Feature", "properties": { "facility_id": "F000603", "osm_id": "1408492413", "osm_object_type": "way", "name": "", "facility_type": "helipad", "source_layer": "gis_osm_transport_a_free", "verification_status": "unverified", "operational_status": null, "landing_capable": null, "assembly_capable": null, "source_date": "2026-09-20", "processed_at": "2026-09-21T10:36:24+00:00", "longitude": 119.00333980850669, "latitude": 31.64425755 }, "geometry": { "type": "Point", "coordinates": [ 119.003339808506695, 31.64425755 ] } },
{ "type": "Feature", "properties": { "facility_id": "F000604", "osm_id": "1472212560", "osm_object_type": "way", "name": "赤山停机坪", "facility_type": "helipad", "source_layer": "gis_osm_transport_a_free", "verification_status": "unverified", "operational_status": null, "landing_capable": null, "assembly_capable": null, "source_date": "2026-09-20", "processed_at": "2026-09-21T10:36:24+00:00", "longitude": 119.05132075, "latitude": 31.8617788 }, "geometry": { "type": "Point", "coordinates": [ 119.05132075, 31.8617788 ] } },
{ "type": "Feature", "properties": { "facility_id": "F000605", "osm_id": "1374186563", "osm_object_type": "way", "name": "", "facility_type": "helipad", "source_layer": "gis_osm_transport_a_free", "verification_status": "unverified", "operational_status": null, "landing_capable": null, "assembly_capable": null, "source_date": "2026-09-20", "processed_at": "2026-09-21T10:36:24+00:00", "longitude": 118.81460935000001, "latitude": 31.84666835 }, "geometry": { "type": "Point", "coordinates": [ 118.814609350000012, 31.84666835 ] } },
{ "type": "Feature", "properties": { "facility_id": "F000606", "osm_id": "1237763022", "osm_object_type": "way", "name": "", "facility_type": "helipad", "source_layer": "gis_osm_transport_a_free", "verification_status": "unverified", "operational_status": null, "landing_capable": null, "assembly_capable": null, "source_date": "2026-09-20", "processed_at": "2026-09-21T10:36:24+00:00", "longitude": 118.83646684865305, "latitude": 31.97040895 }, "geometry": { "type": "Point", "coordinates": [ 118.836466848653046, 31.97040895 ] } },
{ "type": "Feature", "properties": { "facility_id": "F000607", "osm_id": "1237763023", "osm_object_type": "way", "name": "", "facility_type": "helipad", "source_layer": "gis_osm_transport_a_free", "verification_status": "unverified", "operational_status": null, "landing_capable": null, "assembly_capable": null, "source_date": "2026-09-20", "processed_at": "2026-09-21T10:36:24+00:00", "longitude": 118.83737942246032, "latitude": 31.97094515 }, "geometry": { "type": "Point", "coordinates": [ 118.837379422460316, 31.97094515 ] } },
{ "type": "Feature", "properties": { "facility_id": "F000608", "osm_id": "962905427", "osm_object_type": "way", "name": "", "facility_type": "helipad", "source_layer": "gis_osm_transport_a_free", "verification_status": "unverified", "operational_status": null, "landing_capable": null, "assembly_capable": null, "source_date": "2026-09-20", "processed_at": "2026-09-21T10:36:24+00:00", "longitude": 118.81830793020816, "latitude": 32.0421953 }, "geometry": { "type": "Point", "coordinates": [ 118.818307930208164, 32.0421953 ] } },
{ "type": "Feature", "properties": { "facility_id": "F000609", "osm_id": "1475939649", "osm_object_type": "way", "name": "", "facility_type": "helipad", "source_layer": "gis_osm_transport_a_free", "verification_status": "unverified", "operational_status": null, "landing_capable": null, "assembly_capable": null, "source_date": "2026-09-20", "processed_at": "2026-09-21T10:36:24+00:00", "longitude": 118.6966145340002, "latitude": 31.9311848 }, "geometry": { "type": "Point", "coordinates": [ 118.696614534000204, 31.9311848 ] } },
{ "type": "Feature", "properties": { "facility_id": "F000610", "osm_id": "1475974164", "osm_object_type": "way", "name": "", "facility_type": "helipad", "source_layer": "gis_osm_transport_a_free", "verification_status": "unverified", "operational_status": null, "landing_capable": null, "assembly_capable": null, "source_date": "2026-09-20", "processed_at": "2026-09-21T10:36:24+00:00", "longitude": 118.71096947483261, "latitude": 31.94791455 }, "geometry": { "type": "Point", "coordinates": [ 118.710969474832609, 31.94791455 ] } },
{ "type": "Feature", "properties": { "facility_id": "F000611", "osm_id": "1240247512", "osm_object_type": "way", "name": "南京市公安局", "facility_type": "helipad", "source_layer": "gis_osm_transport_a_free", "verification_status": "unverified", "operational_status": null, "landing_capable": null, "assembly_capable": null, "source_date": "2026-09-20", "processed_at": "2026-09-21T10:36:24+00:00", "longitude": 118.7771200992475, "latitude": 32.0378225 }, "geometry": { "type": "Point", "coordinates": [ 118.777120099247497, 32.0378225 ] } },
{ "type": "Feature", "properties": { "facility_id": "F000612", "osm_id": "962955360", "osm_object_type": "way", "name": "", "facility_type": "helipad", "source_layer": "gis_osm_transport_a_free", "verification_status": "unverified", "operational_status": null, "landing_capable": null, "assembly_capable": null, "source_date": "2026-09-20", "processed_at": "2026-09-21T10:36:24+00:00", "longitude": 118.78157311098306, "latitude": 32.03862585 }, "geometry": { "type": "Point", "coordinates": [ 118.781573110983061, 32.03862585 ] } },
{ "type": "Feature", "properties": { "facility_id": "F000613", "osm_id": "1375180002", "osm_object_type": "way", "name": "", "facility_type": "helipad", "source_layer": "gis_osm_transport_a_free", "verification_status": "unverified", "operational_status": null, "landing_capable": null, "assembly_capable": null, "source_date": "2026-09-20", "processed_at": "2026-09-21T10:36:24+00:00", "longitude": 118.73591335, "latitude": 32.0463616 }, "geometry": { "type": "Point", "coordinates": [ 118.73591335, 32.0463616 ] } },
{ "type": "Feature", "properties": { "facility_id": "F000614", "osm_id": "1240247572", "osm_object_type": "way", "name": "", "facility_type": "helipad", "source_layer": "gis_osm_transport_a_free", "verification_status": "unverified", "operational_status": null, "landing_capable": null, "assembly_capable": null, "source_date": "2026-09-20", "processed_at": "2026-09-21T10:36:24+00:00", "longitude": 118.77945675000001, "latitude": 32.05377125 }, "geometry": { "type": "Point", "coordinates": [ 118.77945675, 32.05377125 ] } },
{ "type": "Feature", "properties": { "facility_id": "F000615", "osm_id": "316474255", "osm_object_type": "way", "name": "", "facility_type": "helipad", "source_layer": "gis_osm_transport_a_free", "verification_status": "unverified", "operational_status": null, "landing_capable": null, "assembly_capable": null, "source_date": "2026-09-20", "processed_at": "2026-09-21T10:36:24+00:00", "longitude": 118.77797693139885, "latitude": 32.0574924 }, "geometry": { "type": "Point", "coordinates": [ 118.777976931398854, 32.0574924 ] } },
{ "type": "Feature", "properties": { "facility_id": "F000616", "osm_id": "1060018060", "osm_object_type": "way", "name": "", "facility_type": "helipad", "source_layer": "gis_osm_transport_a_free", "verification_status": "unverified", "operational_status": null, "landing_capable": null, "assembly_capable": null, "source_date": "2026-09-20", "processed_at": "2026-09-21T10:36:24+00:00", "longitude": 118.67427680445923, "latitude": 32.0855042 }, "geometry": { "type": "Point", "coordinates": [ 118.674276804459225, 32.0855042 ] } },
{ "type": "Feature", "properties": { "facility_id": "F000617", "osm_id": "809920155", "osm_object_type": "node", "name": "中国天文台 紫金山天文台入口", "facility_type": "lift_gate", "source_layer": "jiangsu-260920.osm.pbf", "verification_status": "unverified", "operational_status": null, "landing_capable": null, "assembly_capable": null, "source_date": "2026-09-20", "processed_at": "2026-09-21T10:36:24+00:00", "longitude": 118.8240342, "latitude": 32.0678018 }, "geometry": { "type": "Point", "coordinates": [ 118.8240342, 32.0678018 ] } },
{ "type": "Feature", "properties": { "facility_id": "F000618", "osm_id": "1030348723", "osm_object_type": "node", "name": "西门", "facility_type": "gate", "source_layer": "jiangsu-260920.osm.pbf", "verification_status": "unverified", "operational_status": null, "landing_capable": null, "assembly_capable": null, "source_date": "2026-09-20", "processed_at": "2026-09-21T10:36:24+00:00", "longitude": 118.772959, "latitude": 32.0580037 }, "geometry": { "type": "Point", "coordinates": [ 118.772959, 32.0580037 ] } },
{ "type": "Feature", "properties": { "facility_id": "F000619", "osm_id": "1036711583", "osm_object_type": "node", "name": null, "facility_type": "main_entrance", "source_layer": "jiangsu-260920.osm.pbf", "verification_status": "unverified", "operational_status": null, "landing_capable": null, "assembly_capable": null, "source_date": "2026-09-20", "processed_at": "2026-09-21T10:36:24+00:00", "longitude": 118.7415151, "latitude": 32.0372012 }, "geometry": { "type": "Point", "coordinates": [ 118.7415151, 32.0372012 ] } },
{ "type": "Feature", "properties": { "facility_id": "F000620", "osm_id": "1337069588", "osm_object_type": "node", "name": "南门", "facility_type": "gate", "source_layer": "jiangsu-260920.osm.pbf", "verification_status": "unverified", "operational_status": null, "landing_capable": null, "assembly_capable": null, "source_date": "2026-09-20", "processed_at": "2026-09-21T10:36:24+00:00", "longitude": 118.9559925, "latitude": 32.112186 }, "geometry": { "type": "Point", "coordinates": [ 118.9559925, 32.112186 ] } },
{ "type": "Feature", "properties": { "facility_id": "F000621", "osm_id": "1341925549", "osm_object_type": "node", "name": null, "facility_type": "main_entrance", "source_layer": "jiangsu-260920.osm.pbf", "verification_status": "unverified", "operational_status": null, "landing_capable": null, "assembly_capable": null, "source_date": "2026-09-20", "processed_at": "2026-09-21T10:36:24+00:00", "longitude": 118.781078, "latitude": 31.9981959 }, "geometry": { "type": "Point", "coordinates": [ 118.781078, 31.9981959 ] } },
{ "type": "Feature", "properties": { "facility_id": "F000622", "osm_id": "1463998784", "osm_object_type": "node", "name": "理工大学3号门", "facility_type": "gate", "source_layer": "jiangsu-260920.osm.pbf", "verification_status": "unverified", "operational_status": null, "landing_capable": null, "assembly_capable": null, "source_date": "2026-09-20", "processed_at": "2026-09-21T10:36:24+00:00", "longitude": 118.8476728, "latitude": 32.0379751 }, "geometry": { "type": "Point", "coordinates": [ 118.8476728, 32.0379751 ] } },
{ "type": "Feature", "properties": { "facility_id": "F000623", "osm_id": "1463998800", "osm_object_type": "node", "name": "南京理工大学4号门", "facility_type": "gate", "source_layer": "jiangsu-260920.osm.pbf", "verification_status": "unverified", "operational_status": null, "landing_capable": null, "assembly_capable": null, "source_date": "2026-09-20", "processed_at": "2026-09-21T10:36:24+00:00", "longitude": 118.8480054, "latitude": 32.0258964 }, "geometry": { "type": "Point", "coordinates": [ 118.8480054, 32.0258964 ] } },
{ "type": "Feature", "properties": { "facility_id": "F000624", "osm_id": "1464752920", "osm_object_type": "node", "name": "理工大学1号门", "facility_type": "gate", "source_layer": "jiangsu-260920.osm.pbf", "verification_status": "unverified", "operational_status": null, "landing_capable": null, "assembly_capable": null, "source_date": "2026-09-20", "processed_at": "2026-09-21T10:36:24+00:00", "longitude": 118.8544836, "latitude": 32.0350605 }, "geometry": { "type": "Point", "coordinates": [ 118.8544836, 32.0350605 ] } },
{ "type": "Feature", "properties": { "facility_id": "F000625", "osm_id": "1464752930", "osm_object_type": "node", "name": "南京理工大学5号门", "facility_type": "gate", "source_layer": "jiangsu-260920.osm.pbf", "verification_status": "unverified", "operational_status": null, "landing_capable": null, "assembly_capable": null, "source_date": "2026-09-20", "processed_at": "2026-09-21T10:36:24+00:00", "longitude": 118.8539899, "latitude": 32.0253859 }, "geometry": { "type": "Point", "coordinates": [ 118.8539899, 32.0253859 ] } },
{ "type": "Feature", "properties": { "facility_id": "F000626", "osm_id": "1470644702", "osm_object_type": "node", "name": "南京理工大学7号门", "facility_type": "gate", "source_layer": "jiangsu-260920.osm.pbf", "verification_status": "unverified", "operational_status": null, "landing_capable": null, "assembly_capable": null, "source_date": "2026-09-20", "processed_at": "2026-09-21T10:36:24+00:00", "longitude": 118.8460619, "latitude": 32.0312791 }, "geometry": { "type": "Point", "coordinates": [ 118.8460619, 32.0312791 ] } },
{ "type": "Feature", "properties": { "facility_id": "F000627", "osm_id": "1484509860", "osm_object_type": "node", "name": "南京农业大学南门", "facility_type": "gate", "source_layer": "jiangsu-260920.osm.pbf", "verification_status": "unverified", "operational_status": null, "landing_capable": null, "assembly_capable": null, "source_date": "2026-09-20", "processed_at": "2026-09-21T10:36:24+00:00", "longitude": 118.8366056, "latitude": 32.0316275 }, "geometry": { "type": "Point", "coordinates": [ 118.8366056, 32.0316275 ] } },
{ "type": "Feature", "properties": { "facility_id": "F000628", "osm_id": "1496380812", "osm_object_type": "node", "name": "二桥公园入口", "facility_type": "gate", "source_layer": "jiangsu-260920.osm.pbf", "verification_status": "unverified", "operational_status": null, "landing_capable": null, "assembly_capable": null, "source_date": "2026-09-20", "processed_at": "2026-09-21T10:36:24+00:00", "longitude": 118.839832, "latitude": 32.1524009 }, "geometry": { "type": "Point", "coordinates": [ 118.839832, 32.1524009 ] } },
{ "type": "Feature", "properties": { "facility_id": "F000629", "osm_id": "1496387892", "osm_object_type": "node", "name": "中山小区", "facility_type": "gate", "source_layer": "jiangsu-260920.osm.pbf", "verification_status": "unverified", "operational_status": null, "landing_capable": null, "assembly_capable": null, "source_date": "2026-09-20", "processed_at": "2026-09-21T10:36:24+00:00", "longitude": 118.8487662, "latitude": 32.0365801 }, "geometry": { "type": "Point", "coordinates": [ 118.8487662, 32.0365801 ] } },
{ "type": "Feature", "properties": { "facility_id": "F000630", "osm_id": "1497347016", "osm_object_type": "node", "name": "中山小区", "facility_type": "gate", "source_layer": "jiangsu-260920.osm.pbf", "verification_status": "unverified", "operational_status": null, "landing_capable": null, "assembly_capable": null, "source_date": "2026-09-20", "processed_at": "2026-09-21T10:36:24+00:00", "longitude": 118.8478795, "latitude": 32.0360325 }, "geometry": { "type": "Point", "coordinates": [ 118.8478795, 32.0360325 ] } },
{ "type": "Feature", "properties": { "facility_id": "F000631", "osm_id": "1503665106", "osm_object_type": "node", "name": "中山小区", "facility_type": "gate", "source_layer": "jiangsu-260920.osm.pbf", "verification_status": "unverified", "operational_status": null, "landing_capable": null, "assembly_capable": null, "source_date": "2026-09-20", "processed_at": "2026-09-21T10:36:24+00:00", "longitude": 118.8497247, "latitude": 32.0359875 }, "geometry": { "type": "Point", "coordinates": [ 118.8497247, 32.0359875 ] } },
{ "type": "Feature", "properties": { "facility_id": "F000632", "osm_id": "1503665139", "osm_object_type": "node", "name": "东园小区", "facility_type": "gate", "source_layer": "jiangsu-260920.osm.pbf", "verification_status": "unverified", "operational_status": null, "landing_capable": null, "assembly_capable": null, "source_date": "2026-09-20", "processed_at": "2026-09-21T10:36:24+00:00", "longitude": 118.8543838, "latitude": 32.0334421 }, "geometry": { "type": "Point", "coordinates": [ 118.8543838, 32.0334421 ] } },
{ "type": "Feature", "properties": { "facility_id": "F000633", "osm_id": "1503687347", "osm_object_type": "node", "name": "中山小区", "facility_type": "gate", "source_layer": "jiangsu-260920.osm.pbf", "verification_status": "unverified", "operational_status": null, "landing_capable": null, "assembly_capable": null, "source_date": "2026-09-20", "processed_at": "2026-09-21T10:36:24+00:00", "longitude": 118.8512604, "latitude": 32.0344696 }, "geometry": { "type": "Point", "coordinates": [ 118.8512604, 32.0344696 ] } },
{ "type": "Feature", "properties": { "facility_id": "F000634", "osm_id": "1539578952", "osm_object_type": "node", "name": "南京航空航天大学金城学院", "facility_type": "gate", "source_layer": "jiangsu-260920.osm.pbf", "verification_status": "unverified", "operational_status": null, "landing_capable": null, "assembly_capable": null, "source_date": "2026-09-20", "processed_at": "2026-09-21T10:36:24+00:00", "longitude": 118.8773965, "latitude": 31.7042483 }, "geometry": { "type": "Point", "coordinates": [ 118.8773965, 31.7042483 ] } },
{ "type": "Feature", "properties": { "facility_id": "F000635", "osm_id": "1602308429", "osm_object_type": "node", "name": "南京师范大学", "facility_type": "gate", "source_layer": "jiangsu-260920.osm.pbf", "verification_status": "unverified", "operational_status": null, "landing_capable": null, "assembly_capable": null, "source_date": "2026-09-20", "processed_at": "2026-09-21T10:36:24+00:00", "longitude": 118.7662997, "latitude": 32.0560772 }, "geometry": { "type": "Point", "coordinates": [ 118.7662997, 32.0560772 ] } },
{ "type": "Feature", "properties": { "facility_id": "F000636", "osm_id": "1615452143", "osm_object_type": "node", "name": "汉口路门", "facility_type": "gate", "source_layer": "jiangsu-260920.osm.pbf", "verification_status": "unverified", "operational_status": null, "landing_capable": null, "assembly_capable": null, "source_date": "2026-09-20", "processed_at": "2026-09-21T10:36:24+00:00", "longitude": 118.7753694, "latitude": 32.0559771 }, "geometry": { "type": "Point", "coordinates": [ 118.7753694, 32.0559771 ] } },
{ "type": "Feature", "properties": { "facility_id": "F000637", "osm_id": "1615452151", "osm_object_type": "node", "name": "天津路门", "facility_type": "gate", "source_layer": "jiangsu-260920.osm.pbf", "verification_status": "unverified", "operational_status": null, "landing_capable": null, "assembly_capable": null, "source_date": "2026-09-20", "processed_at": "2026-09-21T10:36:24+00:00", "longitude": 118.7765036, "latitude": 32.0596449 }, "geometry": { "type": "Point", "coordinates": [ 118.7765036, 32.0596449 ] } },
{ "type": "Feature", "properties": { "facility_id": "F000638", "osm_id": "1757440319", "osm_object_type": "node", "name": "南京理工大学2号门", "facility_type": "lift_gate", "source_layer": "jiangsu-260920.osm.pbf", "verification_status": "unverified", "operational_status": null, "landing_capable": null, "assembly_capable": null, "source_date": "2026-09-20", "processed_at": "2026-09-21T10:36:24+00:00", "longitude": 118.8512362, "latitude": 32.0370258 }, "geometry": { "type": "Point", "coordinates": [ 118.8512362, 32.0370258 ] } },
{ "type": "Feature", "properties": { "facility_id": "F000639", "osm_id": "1757440322", "osm_object_type": "node", "name": "南京理工大学2号门", "facility_type": "lift_gate", "source_layer": "jiangsu-260920.osm.pbf", "verification_status": "unverified", "operational_status": null, "landing_capable": null, "assembly_capable": null, "source_date": "2026-09-20", "processed_at": "2026-09-21T10:36:24+00:00", "longitude": 118.8515169, "latitude": 32.0370252 }, "geometry": { "type": "Point", "coordinates": [ 118.8515169, 32.0370252 ] } },
{ "type": "Feature", "properties": { "facility_id": "F000640", "osm_id": "1777201310", "osm_object_type": "node", "name": "古林公园（东门）", "facility_type": "gate", "source_layer": "jiangsu-260920.osm.pbf", "verification_status": "unverified", "operational_status": null, "landing_capable": null, "assembly_capable": null, "source_date": "2026-09-20", "processed_at": "2026-09-21T10:36:24+00:00", "longitude": 118.7510101, "latitude": 32.0680193 }, "geometry": { "type": "Point", "coordinates": [ 118.7510101, 32.0680193 ] } },
{ "type": "Feature", "properties": { "facility_id": "F000641", "osm_id": "1984468961", "osm_object_type": "node", "name": "北京西路门", "facility_type": "gate", "source_layer": "jiangsu-260920.osm.pbf", "verification_status": "unverified", "operational_status": null, "landing_capable": null, "assembly_capable": null, "source_date": "2026-09-20", "processed_at": "2026-09-21T10:36:24+00:00", "longitude": 118.7717591, "latitude": 32.060941 }, "geometry": { "type": "Point", "coordinates": [ 118.7717591, 32.060941 ] } },
{ "type": "Feature", "properties": { "facility_id": "F000642", "osm_id": "2776777319", "osm_object_type": "node", "name": "大厦正门", "facility_type": "gate", "source_layer": "jiangsu-260920.osm.pbf", "verification_status": "unverified", "operational_status": null, "landing_capable": null, "assembly_capable": null, "source_date": "2026-09-20", "processed_at": "2026-09-21T10:36:24+00:00", "longitude": 118.7773102, "latitude": 32.0474067 }, "geometry": { "type": "Point", "coordinates": [ 118.7773102, 32.0474067 ] } },
{ "type": "Feature", "properties": { "facility_id": "F000643", "osm_id": "3042643633", "osm_object_type": "node", "name": "北门", "facility_type": "gate", "source_layer": "jiangsu-260920.osm.pbf", "verification_status": "unverified", "operational_status": null, "landing_capable": null, "assembly_capable": null, "source_date": "2026-09-20", "processed_at": "2026-09-21T10:36:24+00:00", "longitude": 118.818084, "latitude": 31.8957088 }, "geometry": { "type": "Point", "coordinates": [ 118.818084, 31.8957088 ] } },
{ "type": "Feature", "properties": { "facility_id": "F000644", "osm_id": "3237669389", "osm_object_type": "node", "name": "南京信息职业技术学院北门（后门）", "facility_type": "gate", "source_layer": "jiangsu-260920.osm.pbf", "verification_status": "unverified", "operational_status": null, "landing_capable": null, "assembly_capable": null, "source_date": "2026-09-20", "processed_at": "2026-09-21T10:36:24+00:00", "longitude": 118.9364104, "latitude": 32.1347091 }, "geometry": { "type": "Point", "coordinates": [ 118.9364104, 32.1347091 ] } },
{ "type": "Feature", "properties": { "facility_id": "F000645", "osm_id": "3562665404", "osm_object_type": "node", "name": "南京信息职业技术学院大门（南门）", "facility_type": "gate", "source_layer": "jiangsu-260920.osm.pbf", "verification_status": "unverified", "operational_status": null, "landing_capable": null, "assembly_capable": null, "source_date": "2026-09-20", "processed_at": "2026-09-21T10:36:24+00:00", "longitude": 118.937246, "latitude": 32.1271203 }, "geometry": { "type": "Point", "coordinates": [ 118.937246, 32.1271203 ] } },
{ "type": "Feature", "properties": { "facility_id": "F000646", "osm_id": "3727245092", "osm_object_type": "node", "name": "西门", "facility_type": "gate", "source_layer": "jiangsu-260920.osm.pbf", "verification_status": "unverified", "operational_status": null, "landing_capable": null, "assembly_capable": null, "source_date": "2026-09-20", "processed_at": "2026-09-21T10:36:24+00:00", "longitude": 118.9116899, "latitude": 32.1053119 }, "geometry": { "type": "Point", "coordinates": [ 118.9116899, 32.1053119 ] } },
{ "type": "Feature", "properties": { "facility_id": "F000647", "osm_id": "3727245093", "osm_object_type": "node", "name": "东门", "facility_type": "gate", "source_layer": "jiangsu-260920.osm.pbf", "verification_status": "unverified", "operational_status": null, "landing_capable": null, "assembly_capable": null, "source_date": "2026-09-20", "processed_at": "2026-09-21T10:36:24+00:00", "longitude": 118.9223005, "latitude": 32.1120631 }, "geometry": { "type": "Point", "coordinates": [ 118.9223005, 32.1120631 ] } },
{ "type": "Feature", "properties": { "facility_id": "F000648", "osm_id": "3813565888", "osm_object_type": "node", "name": "苏宁乐瑰园东门", "facility_type": "gate", "source_layer": "jiangsu-260920.osm.pbf", "verification_status": "unverified", "operational_status": null, "landing_capable": null, "assembly_capable": null, "source_date": "2026-09-20", "processed_at": "2026-09-21T10:36:24+00:00", "longitude": 118.7463089, "latitude": 32.047458 }, "geometry": { "type": "Point", "coordinates": [ 118.7463089, 32.047458 ] } },
{ "type": "Feature", "properties": { "facility_id": "F000649", "osm_id": "3813725367", "osm_object_type": "node", "name": "南京市商业学校北校区西大门", "facility_type": "gate", "source_layer": "jiangsu-260920.osm.pbf", "verification_status": "unverified", "operational_status": null, "landing_capable": null, "assembly_capable": null, "source_date": "2026-09-20", "processed_at": "2026-09-21T10:36:24+00:00", "longitude": 118.7430093, "latitude": 32.0473925 }, "geometry": { "type": "Point", "coordinates": [ 118.7430093, 32.0473925 ] } },
{ "type": "Feature", "properties": { "facility_id": "F000650", "osm_id": "3814964830", "osm_object_type": "node", "name": "6栋北大门", "facility_type": "gate", "source_layer": "jiangsu-260920.osm.pbf", "verification_status": "unverified", "operational_status": null, "landing_capable": null, "assembly_capable": null, "source_date": "2026-09-20", "processed_at": "2026-09-21T10:36:24+00:00", "longitude": 118.7532807, "latitude": 31.9635034 }, "geometry": { "type": "Point", "coordinates": [ 118.7532807, 31.9635034 ] } },
{ "type": "Feature", "properties": { "facility_id": "F000651", "osm_id": "3821049938", "osm_object_type": "node", "name": "牌坊", "facility_type": "gate", "source_layer": "jiangsu-260920.osm.pbf", "verification_status": "unverified", "operational_status": null, "landing_capable": null, "assembly_capable": null, "source_date": "2026-09-20", "processed_at": "2026-09-21T10:36:24+00:00", "longitude": 118.5096753, "latitude": 32.0974494 }, "geometry": { "type": "Point", "coordinates": [ 118.5096753, 32.0974494 ] } },
{ "type": "Feature", "properties": { "facility_id": "F000652", "osm_id": "3837101556", "osm_object_type": "node", "name": "校园主入口", "facility_type": "gate", "source_layer": "jiangsu-260920.osm.pbf", "verification_status": "unverified", "operational_status": null, "landing_capable": null, "assembly_capable": null, "source_date": "2026-09-20", "processed_at": "2026-09-21T10:36:24+00:00", "longitude": 118.8054758, "latitude": 32.0785629 }, "geometry": { "type": "Point", "coordinates": [ 118.8054758, 32.0785629 ] } },
{ "type": "Feature", "properties": { "facility_id": "F000653", "osm_id": "4114195805", "osm_object_type": "node", "name": "科利华中学(古棠)", "facility_type": "lift_gate", "source_layer": "jiangsu-260920.osm.pbf", "verification_status": "unverified", "operational_status": null, "landing_capable": null, "assembly_capable": null, "source_date": "2026-09-20", "processed_at": "2026-09-21T10:36:24+00:00", "longitude": 118.8287821, "latitude": 32.3263284 }, "geometry": { "type": "Point", "coordinates": [ 118.8287821, 32.3263284 ] } },
{ "type": "Feature", "properties": { "facility_id": "F000654", "osm_id": "4240718725", "osm_object_type": "node", "name": null, "facility_type": "main_entrance", "source_layer": "jiangsu-260920.osm.pbf", "verification_status": "unverified", "operational_status": null, "landing_capable": null, "assembly_capable": null, "source_date": "2026-09-20", "processed_at": "2026-09-21T10:36:24+00:00", "longitude": 118.8122028, "latitude": 32.0607603 }, "geometry": { "type": "Point", "coordinates": [ 118.8122028, 32.0607603 ] } },
{ "type": "Feature", "properties": { "facility_id": "F000655", "osm_id": "4403838597", "osm_object_type": "node", "name": "天后宫", "facility_type": "gate", "source_layer": "jiangsu-260920.osm.pbf", "verification_status": "unverified", "operational_status": null, "landing_capable": null, "assembly_capable": null, "source_date": "2026-09-20", "processed_at": "2026-09-21T10:36:24+00:00", "longitude": 118.7666282, "latitude": 32.0311252 }, "geometry": { "type": "Point", "coordinates": [ 118.7666282, 32.0311252 ] } },
{ "type": "Feature", "properties": { "facility_id": "F000656", "osm_id": "4458428481", "osm_object_type": "node", "name": "东门", "facility_type": "gate", "source_layer": "jiangsu-260920.osm.pbf", "verification_status": "unverified", "operational_status": null, "landing_capable": null, "assembly_capable": null, "source_date": "2026-09-20", "processed_at": "2026-09-21T10:36:24+00:00", "longitude": 118.9591474, "latitude": 32.1161221 }, "geometry": { "type": "Point", "coordinates": [ 118.9591474, 32.1161221 ] } },
{ "type": "Feature", "properties": { "facility_id": "F000657", "osm_id": "4628134205", "osm_object_type": "node", "name": "4号门", "facility_type": "lift_gate", "source_layer": "jiangsu-260920.osm.pbf", "verification_status": "unverified", "operational_status": null, "landing_capable": null, "assembly_capable": null, "source_date": "2026-09-20", "processed_at": "2026-09-21T10:36:24+00:00", "longitude": 118.8815073, "latitude": 31.9294286 }, "geometry": { "type": "Point", "coordinates": [ 118.8815073, 31.9294286 ] } },
{ "type": "Feature", "properties": { "facility_id": "F000658", "osm_id": "4707560763", "osm_object_type": "node", "name": "4号门", "facility_type": "gate", "source_layer": "jiangsu-260920.osm.pbf", "verification_status": "unverified", "operational_status": null, "landing_capable": null, "assembly_capable": null, "source_date": "2026-09-20", "processed_at": "2026-09-21T10:36:24+00:00", "longitude": 118.9096677, "latitude": 32.111297 }, "geometry": { "type": "Point", "coordinates": [ 118.9096677, 32.111297 ] } },
{ "type": "Feature", "properties": { "facility_id": "F000659", "osm_id": "4707560767", "osm_object_type": "node", "name": "2号门", "facility_type": "gate", "source_layer": "jiangsu-260920.osm.pbf", "verification_status": "unverified", "operational_status": null, "landing_capable": null, "assembly_capable": null, "source_date": "2026-09-20", "processed_at": "2026-09-21T10:36:24+00:00", "longitude": 118.9099667, "latitude": 32.1070118 }, "geometry": { "type": "Point", "coordinates": [ 118.9099667, 32.1070118 ] } },
{ "type": "Feature", "properties": { "facility_id": "F000660", "osm_id": "4722726312", "osm_object_type": "node", "name": null, "facility_type": "main_entrance", "source_layer": "jiangsu-260920.osm.pbf", "verification_status": "unverified", "operational_status": null, "landing_capable": null, "assembly_capable": null, "source_date": "2026-09-20", "processed_at": "2026-09-21T10:36:24+00:00", "longitude": 119.0556663, "latitude": 32.1547938 }, "geometry": { "type": "Point", "coordinates": [ 119.0556663, 32.1547938 ] } },
{ "type": "Feature", "properties": { "facility_id": "F000661", "osm_id": "5151933360", "osm_object_type": "node", "name": "西门", "facility_type": "gate", "source_layer": "jiangsu-260920.osm.pbf", "verification_status": "unverified", "operational_status": null, "landing_capable": null, "assembly_capable": null, "source_date": "2026-09-20", "processed_at": "2026-09-21T10:36:24+00:00", "longitude": 118.7098253, "latitude": 31.9762966 }, "geometry": { "type": "Point", "coordinates": [ 118.7098253, 31.9762966 ] } },
{ "type": "Feature", "properties": { "facility_id": "F000662", "osm_id": "5457183082", "osm_object_type": "node", "name": "西门", "facility_type": "gate", "source_layer": "jiangsu-260920.osm.pbf", "verification_status": "unverified", "operational_status": null, "landing_capable": null, "assembly_capable": null, "source_date": "2026-09-20", "processed_at": "2026-09-21T10:36:24+00:00", "longitude": 118.7864227, "latitude": 31.9075103 }, "geometry": { "type": "Point", "coordinates": [ 118.7864227, 31.9075103 ] } },
{ "type": "Feature", "properties": { "facility_id": "F000663", "osm_id": "5555463099", "osm_object_type": "node", "name": "2号门", "facility_type": "lift_gate", "source_layer": "jiangsu-260920.osm.pbf", "verification_status": "unverified", "operational_status": null, "landing_capable": null, "assembly_capable": null, "source_date": "2026-09-20", "processed_at": "2026-09-21T10:36:24+00:00", "longitude": 118.8721105, "latitude": 31.9212872 }, "geometry": { "type": "Point", "coordinates": [ 118.8721105, 31.9212872 ] } },
{ "type": "Feature", "properties": { "facility_id": "F000664", "osm_id": "5602528437", "osm_object_type": "node", "name": "北门", "facility_type": "gate", "source_layer": "jiangsu-260920.osm.pbf", "verification_status": "unverified", "operational_status": null, "landing_capable": null, "assembly_capable": null, "source_date": "2026-09-20", "processed_at": "2026-09-21T10:36:24+00:00", "longitude": 118.9499406, "latitude": 32.1526685 }, "geometry": { "type": "Point", "coordinates": [ 118.9499406, 32.1526685 ] } },
{ "type": "Feature", "properties": { "facility_id": "F000665", "osm_id": "5710182644", "osm_object_type": "node", "name": null, "facility_type": "main_entrance", "source_layer": "jiangsu-260920.osm.pbf", "verification_status": "unverified", "operational_status": null, "landing_capable": null, "assembly_capable": null, "source_date": "2026-09-20", "processed_at": "2026-09-21T10:36:24+00:00", "longitude": 118.829146, "latitude": 32.3319116 }, "geometry": { "type": "Point", "coordinates": [ 118.829146, 32.3319116 ] } },
{ "type": "Feature", "properties": { "facility_id": "F000666", "osm_id": "5755074925", "osm_object_type": "node", "name": "北门", "facility_type": "gate", "source_layer": "jiangsu-260920.osm.pbf", "verification_status": "unverified", "operational_status": null, "landing_capable": null, "assembly_capable": null, "source_date": "2026-09-20", "processed_at": "2026-09-21T10:36:24+00:00", "longitude": 118.9005723, "latitude": 32.0518227 }, "geometry": { "type": "Point", "coordinates": [ 118.9005723, 32.0518227 ] } },
{ "type": "Feature", "properties": { "facility_id": "F000667", "osm_id": "5766606997", "osm_object_type": "node", "name": "西门", "facility_type": "gate", "source_layer": "jiangsu-260920.osm.pbf", "verification_status": "unverified", "operational_status": null, "landing_capable": null, "assembly_capable": null, "source_date": "2026-09-20", "processed_at": "2026-09-21T10:36:24+00:00", "longitude": 118.9464241, "latitude": 32.1196395 }, "geometry": { "type": "Point", "coordinates": [ 118.9464241, 32.1196395 ] } },
{ "type": "Feature", "properties": { "facility_id": "F000668", "osm_id": "5950665958", "osm_object_type": "node", "name": null, "facility_type": "main_entrance", "source_layer": "jiangsu-260920.osm.pbf", "verification_status": "unverified", "operational_status": null, "landing_capable": null, "assembly_capable": null, "source_date": "2026-09-20", "processed_at": "2026-09-21T10:36:24+00:00", "longitude": 118.8224487, "latitude": 31.8916801 }, "geometry": { "type": "Point", "coordinates": [ 118.8224487, 31.8916801 ] } },
{ "type": "Feature", "properties": { "facility_id": "F000669", "osm_id": "5950666311", "osm_object_type": "node", "name": null, "facility_type": "main_entrance", "source_layer": "jiangsu-260920.osm.pbf", "verification_status": "unverified", "operational_status": null, "landing_capable": null, "assembly_capable": null, "source_date": "2026-09-20", "processed_at": "2026-09-21T10:36:24+00:00", "longitude": 118.8224912, "latitude": 31.8919022 }, "geometry": { "type": "Point", "coordinates": [ 118.8224912, 31.8919022 ] } },
{ "type": "Feature", "properties": { "facility_id": "F000670", "osm_id": "5950666364", "osm_object_type": "node", "name": null, "facility_type": "main_entrance", "source_layer": "jiangsu-260920.osm.pbf", "verification_status": "unverified", "operational_status": null, "landing_capable": null, "assembly_capable": null, "source_date": "2026-09-20", "processed_at": "2026-09-21T10:36:24+00:00", "longitude": 118.8225256, "latitude": 31.8931876 }, "geometry": { "type": "Point", "coordinates": [ 118.8225256, 31.8931876 ] } },
{ "type": "Feature", "properties": { "facility_id": "F000671", "osm_id": "5950666416", "osm_object_type": "node", "name": null, "facility_type": "main_entrance", "source_layer": "jiangsu-260920.osm.pbf", "verification_status": "unverified", "operational_status": null, "landing_capable": null, "assembly_capable": null, "source_date": "2026-09-20", "processed_at": "2026-09-21T10:36:24+00:00", "longitude": 118.821129, "latitude": 31.8930433 }, "geometry": { "type": "Point", "coordinates": [ 118.821129, 31.8930433 ] } },
{ "type": "Feature", "properties": { "facility_id": "F000672", "osm_id": "5950699588", "osm_object_type": "node", "name": null, "facility_type": "main_entrance", "source_layer": "jiangsu-260920.osm.pbf", "verification_status": "unverified", "operational_status": null, "landing_capable": null, "assembly_capable": null, "source_date": "2026-09-20", "processed_at": "2026-09-21T10:36:24+00:00", "longitude": 118.8210854, "latitude": 31.8852961 }, "geometry": { "type": "Point", "coordinates": [ 118.8210854, 31.8852961 ] } },
{ "type": "Feature", "properties": { "facility_id": "F000673", "osm_id": "5950699636", "osm_object_type": "node", "name": null, "facility_type": "main_entrance", "source_layer": "jiangsu-260920.osm.pbf", "verification_status": "unverified", "operational_status": null, "landing_capable": null, "assembly_capable": null, "source_date": "2026-09-20", "processed_at": "2026-09-21T10:36:24+00:00", "longitude": 118.8225217, "latitude": 31.88536 }, "geometry": { "type": "Point", "coordinates": [ 118.8225217, 31.88536 ] } },
{ "type": "Feature", "properties": { "facility_id": "F000674", "osm_id": "5950699722", "osm_object_type": "node", "name": null, "facility_type": "main_entrance", "source_layer": "jiangsu-260920.osm.pbf", "verification_status": "unverified", "operational_status": null, "landing_capable": null, "assembly_capable": null, "source_date": "2026-09-20", "processed_at": "2026-09-21T10:36:24+00:00", "longitude": 118.8225981, "latitude": 31.8856314 }, "geometry": { "type": "Point", "coordinates": [ 118.8225981, 31.8856314 ] } },
{ "type": "Feature", "properties": { "facility_id": "F000675", "osm_id": "5950759187", "osm_object_type": "node", "name": "东门", "facility_type": "gate", "source_layer": "jiangsu-260920.osm.pbf", "verification_status": "unverified", "operational_status": null, "landing_capable": null, "assembly_capable": null, "source_date": "2026-09-20", "processed_at": "2026-09-21T10:36:24+00:00", "longitude": 118.8248923, "latitude": 31.8892134 }, "geometry": { "type": "Point", "coordinates": [ 118.8248923, 31.8892134 ] } },
{ "type": "Feature", "properties": { "facility_id": "F000676", "osm_id": "5950759198", "osm_object_type": "node", "name": "南门", "facility_type": "gate", "source_layer": "jiangsu-260920.osm.pbf", "verification_status": "unverified", "operational_status": null, "landing_capable": null, "assembly_capable": null, "source_date": "2026-09-20", "processed_at": "2026-09-21T10:36:24+00:00", "longitude": 118.8145324, "latitude": 31.8831671 }, "geometry": { "type": "Point", "coordinates": [ 118.8145324, 31.8831671 ] } },
{ "type": "Feature", "properties": { "facility_id": "F000677", "osm_id": "5950759202", "osm_object_type": "node", "name": "西门", "facility_type": "gate", "source_layer": "jiangsu-260920.osm.pbf", "verification_status": "unverified", "operational_status": null, "landing_capable": null, "assembly_capable": null, "source_date": "2026-09-20", "processed_at": "2026-09-21T10:36:24+00:00", "longitude": 118.8067098, "latitude": 31.8882624 }, "geometry": { "type": "Point", "coordinates": [ 118.8067098, 31.8882624 ] } },
{ "type": "Feature", "properties": { "facility_id": "F000678", "osm_id": "6261098607", "osm_object_type": "node", "name": null, "facility_type": "main_entrance", "source_layer": "jiangsu-260920.osm.pbf", "verification_status": "unverified", "operational_status": null, "landing_capable": null, "assembly_capable": null, "source_date": "2026-09-20", "processed_at": "2026-09-21T10:36:24+00:00", "longitude": 118.8186941, "latitude": 32.0471333 }, "geometry": { "type": "Point", "coordinates": [ 118.8186941, 32.0471333 ] } },
{ "type": "Feature", "properties": { "facility_id": "F000679", "osm_id": "6317378169", "osm_object_type": "node", "name": "仙林东郡东门", "facility_type": "gate", "source_layer": "jiangsu-260920.osm.pbf", "verification_status": "unverified", "operational_status": null, "landing_capable": null, "assembly_capable": null, "source_date": "2026-09-20", "processed_at": "2026-09-21T10:36:24+00:00", "longitude": 119.0472764, "latitude": 32.1212765 }, "geometry": { "type": "Point", "coordinates": [ 119.0472764, 32.1212765 ] } },
{ "type": "Feature", "properties": { "facility_id": "F000680", "osm_id": "6615727265", "osm_object_type": "node", "name": "苏宁乐瑰园北门", "facility_type": "gate", "source_layer": "jiangsu-260920.osm.pbf", "verification_status": "unverified", "operational_status": null, "landing_capable": null, "assembly_capable": null, "source_date": "2026-09-20", "processed_at": "2026-09-21T10:36:24+00:00", "longitude": 118.7452748, "latitude": 32.0479457 }, "geometry": { "type": "Point", "coordinates": [ 118.7452748, 32.0479457 ] } },
{ "type": "Feature", "properties": { "facility_id": "F000681", "osm_id": "6877659238", "osm_object_type": "node", "name": "南京站#3", "facility_type": "main_entrance", "source_layer": "jiangsu-260920.osm.pbf", "verification_status": "unverified", "operational_status": null, "landing_capable": null, "assembly_capable": null, "source_date": "2026-09-20", "processed_at": "2026-09-21T10:36:24+00:00", "longitude": 118.7927646, "latitude": 32.0898957 }, "geometry": { "type": "Point", "coordinates": [ 118.7927646, 32.0898957 ] } },
{ "type": "Feature", "properties": { "facility_id": "F000682", "osm_id": "7392141591", "osm_object_type": "node", "name": "东方城小区正门", "facility_type": "gate", "source_layer": "jiangsu-260920.osm.pbf", "verification_status": "unverified", "operational_status": null, "landing_capable": null, "assembly_capable": null, "source_date": "2026-09-20", "processed_at": "2026-09-21T10:36:24+00:00", "longitude": 118.828569, "latitude": 32.088206 }, "geometry": { "type": "Point", "coordinates": [ 118.828569, 32.088206 ] } },
{ "type": "Feature", "properties": { "facility_id": "F000683", "osm_id": "7392141611", "osm_object_type": "node", "name": "东方城小区北门", "facility_type": "gate", "source_layer": "jiangsu-260920.osm.pbf", "verification_status": "unverified", "operational_status": null, "landing_capable": null, "assembly_capable": null, "source_date": "2026-09-20", "processed_at": "2026-09-21T10:36:24+00:00", "longitude": 118.8295504, "latitude": 32.0910582 }, "geometry": { "type": "Point", "coordinates": [ 118.8295504, 32.0910582 ] } },
{ "type": "Feature", "properties": { "facility_id": "F000684", "osm_id": "7392141654", "osm_object_type": "node", "name": "东方城小区东门", "facility_type": "gate", "source_layer": "jiangsu-260920.osm.pbf", "verification_status": "unverified", "operational_status": null, "landing_capable": null, "assembly_capable": null, "source_date": "2026-09-20", "processed_at": "2026-09-21T10:36:24+00:00", "longitude": 118.8330336, "latitude": 32.0889677 }, "geometry": { "type": "Point", "coordinates": [ 118.8330336, 32.0889677 ] } },
{ "type": "Feature", "properties": { "facility_id": "F000685", "osm_id": "7940764355", "osm_object_type": "node", "name": null, "facility_type": "main_entrance", "source_layer": "jiangsu-260920.osm.pbf", "verification_status": "unverified", "operational_status": null, "landing_capable": null, "assembly_capable": null, "source_date": "2026-09-20", "processed_at": "2026-09-21T10:36:24+00:00", "longitude": 119.0771539, "latitude": 32.168495 }, "geometry": { "type": "Point", "coordinates": [ 119.0771539, 32.168495 ] } },
{ "type": "Feature", "properties": { "facility_id": "F000686", "osm_id": "7972776970", "osm_object_type": "node", "name": "校门", "facility_type": "gate", "source_layer": "jiangsu-260920.osm.pbf", "verification_status": "unverified", "operational_status": null, "landing_capable": null, "assembly_capable": null, "source_date": "2026-09-20", "processed_at": "2026-09-21T10:36:24+00:00", "longitude": 118.7782954, "latitude": 32.0504859 }, "geometry": { "type": "Point", "coordinates": [ 118.7782954, 32.0504859 ] } },
{ "type": "Feature", "properties": { "facility_id": "F000687", "osm_id": "7972925661", "osm_object_type": "node", "name": "西南门", "facility_type": "gate", "source_layer": "jiangsu-260920.osm.pbf", "verification_status": "unverified", "operational_status": null, "landing_capable": null, "assembly_capable": null, "source_date": "2026-09-20", "processed_at": "2026-09-21T10:36:24+00:00", "longitude": 118.7577474, "latitude": 32.033925 }, "geometry": { "type": "Point", "coordinates": [ 118.7577474, 32.033925 ] } },
{ "type": "Feature", "properties": { "facility_id": "F000688", "osm_id": "7981557540", "osm_object_type": "node", "name": null, "facility_type": "main_entrance", "source_layer": "jiangsu-260920.osm.pbf", "verification_status": "unverified", "operational_status": null, "landing_capable": null, "assembly_capable": null, "source_date": "2026-09-20", "processed_at": "2026-09-21T10:36:24+00:00", "longitude": 118.6413505, "latitude": 32.1143326 }, "geometry": { "type": "Point", "coordinates": [ 118.6413505, 32.1143326 ] } },
{ "type": "Feature", "properties": { "facility_id": "F000689", "osm_id": "7981566549", "osm_object_type": "node", "name": null, "facility_type": "main_entrance", "source_layer": "jiangsu-260920.osm.pbf", "verification_status": "unverified", "operational_status": null, "landing_capable": null, "assembly_capable": null, "source_date": "2026-09-20", "processed_at": "2026-09-21T10:36:24+00:00", "longitude": 118.6391972, "latitude": 32.1157189 }, "geometry": { "type": "Point", "coordinates": [ 118.6391972, 32.1157189 ] } },
{ "type": "Feature", "properties": { "facility_id": "F000690", "osm_id": "8012859700", "osm_object_type": "node", "name": null, "facility_type": "main_entrance", "source_layer": "jiangsu-260920.osm.pbf", "verification_status": "unverified", "operational_status": null, "landing_capable": null, "assembly_capable": null, "source_date": "2026-09-20", "processed_at": "2026-09-21T10:36:24+00:00", "longitude": 118.8414839, "latitude": 32.0477859 }, "geometry": { "type": "Point", "coordinates": [ 118.8414839, 32.0477859 ] } },
{ "type": "Feature", "properties": { "facility_id": "F000691", "osm_id": "8012859718", "osm_object_type": "node", "name": null, "facility_type": "main_entrance", "source_layer": "jiangsu-260920.osm.pbf", "verification_status": "unverified", "operational_status": null, "landing_capable": null, "assembly_capable": null, "source_date": "2026-09-20", "processed_at": "2026-09-21T10:36:24+00:00", "longitude": 118.8383853, "latitude": 32.0471151 }, "geometry": { "type": "Point", "coordinates": [ 118.8383853, 32.0471151 ] } },
{ "type": "Feature", "properties": { "facility_id": "F000692", "osm_id": "8016390803", "osm_object_type": "node", "name": "北门", "facility_type": "gate", "source_layer": "jiangsu-260920.osm.pbf", "verification_status": "unverified", "operational_status": null, "landing_capable": null, "assembly_capable": null, "source_date": "2026-09-20", "processed_at": "2026-09-21T10:36:24+00:00", "longitude": 118.7779335, "latitude": 32.0513677 }, "geometry": { "type": "Point", "coordinates": [ 118.7779335, 32.0513677 ] } },
{ "type": "Feature", "properties": { "facility_id": "F000693", "osm_id": "8016391258", "osm_object_type": "node", "name": "后门", "facility_type": "gate", "source_layer": "jiangsu-260920.osm.pbf", "verification_status": "unverified", "operational_status": null, "landing_capable": null, "assembly_capable": null, "source_date": "2026-09-20", "processed_at": "2026-09-21T10:36:24+00:00", "longitude": 118.7752692, "latitude": 32.0500299 }, "geometry": { "type": "Point", "coordinates": [ 118.7752692, 32.0500299 ] } },
{ "type": "Feature", "properties": { "facility_id": "F000694", "osm_id": "8148241794", "osm_object_type": "node", "name": "北安门", "facility_type": "gate", "source_layer": "jiangsu-260920.osm.pbf", "verification_status": "unverified", "operational_status": null, "landing_capable": null, "assembly_capable": null, "source_date": "2026-09-20", "processed_at": "2026-09-21T10:36:24+00:00", "longitude": 119.0072784, "latitude": 32.0825466 }, "geometry": { "type": "Point", "coordinates": [ 119.0072784, 32.0825466 ] } },
{ "type": "Feature", "properties": { "facility_id": "F000695", "osm_id": "8223389039", "osm_object_type": "node", "name": "四季金辉1期西门", "facility_type": "gate", "source_layer": "jiangsu-260920.osm.pbf", "verification_status": "unverified", "operational_status": null, "landing_capable": null, "assembly_capable": null, "source_date": "2026-09-20", "processed_at": "2026-09-21T10:36:24+00:00", "longitude": 119.0302416, "latitude": 32.1243081 }, "geometry": { "type": "Point", "coordinates": [ 119.0302416, 32.1243081 ] } },
{ "type": "Feature", "properties": { "facility_id": "F000696", "osm_id": "8223389040", "osm_object_type": "node", "name": "四季金辉1期南门", "facility_type": "gate", "source_layer": "jiangsu-260920.osm.pbf", "verification_status": "unverified", "operational_status": null, "landing_capable": null, "assembly_capable": null, "source_date": "2026-09-20", "processed_at": "2026-09-21T10:36:24+00:00", "longitude": 119.0323097, "latitude": 32.1232208 }, "geometry": { "type": "Point", "coordinates": [ 119.0323097, 32.1232208 ] } },
{ "type": "Feature", "properties": { "facility_id": "F000697", "osm_id": "8223389041", "osm_object_type": "node", "name": "四季金辉2期北门", "facility_type": "gate", "source_layer": "jiangsu-260920.osm.pbf", "verification_status": "unverified", "operational_status": null, "landing_capable": null, "assembly_capable": null, "source_date": "2026-09-20", "processed_at": "2026-09-21T10:36:24+00:00", "longitude": 119.03274, "latitude": 32.1226826 }, "geometry": { "type": "Point", "coordinates": [ 119.03274, 32.1226826 ] } },
{ "type": "Feature", "properties": { "facility_id": "F000698", "osm_id": "8223389042", "osm_object_type": "node", "name": "四季金辉2期西门", "facility_type": "gate", "source_layer": "jiangsu-260920.osm.pbf", "verification_status": "unverified", "operational_status": null, "landing_capable": null, "assembly_capable": null, "source_date": "2026-09-20", "processed_at": "2026-09-21T10:36:24+00:00", "longitude": 119.0324553, "latitude": 32.1216876 }, "geometry": { "type": "Point", "coordinates": [ 119.0324553, 32.1216876 ] } },
{ "type": "Feature", "properties": { "facility_id": "F000699", "osm_id": "8223396327", "osm_object_type": "node", "name": "金科观天下2期东门", "facility_type": "gate", "source_layer": "jiangsu-260920.osm.pbf", "verification_status": "unverified", "operational_status": null, "landing_capable": null, "assembly_capable": null, "source_date": "2026-09-20", "processed_at": "2026-09-21T10:36:24+00:00", "longitude": 119.0655911, "latitude": 32.1168674 }, "geometry": { "type": "Point", "coordinates": [ 119.0655911, 32.1168674 ] } },
{ "type": "Feature", "properties": { "facility_id": "F000700", "osm_id": "8223396328", "osm_object_type": "node", "name": "金科观天下2期南门", "facility_type": "gate", "source_layer": "jiangsu-260920.osm.pbf", "verification_status": "unverified", "operational_status": null, "landing_capable": null, "assembly_capable": null, "source_date": "2026-09-20", "processed_at": "2026-09-21T10:36:24+00:00", "longitude": 119.0642492, "latitude": 32.1145818 }, "geometry": { "type": "Point", "coordinates": [ 119.0642492, 32.1145818 ] } },
{ "type": "Feature", "properties": { "facility_id": "F000701", "osm_id": "8223396329", "osm_object_type": "node", "name": "金科观天下1期西南门", "facility_type": "gate", "source_layer": "jiangsu-260920.osm.pbf", "verification_status": "unverified", "operational_status": null, "landing_capable": null, "assembly_capable": null, "source_date": "2026-09-20", "processed_at": "2026-09-21T10:36:24+00:00", "longitude": 119.0550013, "latitude": 32.1105826 }, "geometry": { "type": "Point", "coordinates": [ 119.0550013, 32.1105826 ] } },
{ "type": "Feature", "properties": { "facility_id": "F000702", "osm_id": "8223396330", "osm_object_type": "node", "name": "金科观天下1期地下车库入口", "facility_type": "gate", "source_layer": "jiangsu-260920.osm.pbf", "verification_status": "unverified", "operational_status": null, "landing_capable": null, "assembly_capable": null, "source_date": "2026-09-20", "processed_at": "2026-09-21T10:36:24+00:00", "longitude": 119.0583388, "latitude": 32.1123842 }, "geometry": { "type": "Point", "coordinates": [ 119.0583388, 32.1123842 ] } },
{ "type": "Feature", "properties": { "facility_id": "F000703", "osm_id": "8223396331", "osm_object_type": "node", "name": "仙林东郡南门", "facility_type": "gate", "source_layer": "jiangsu-260920.osm.pbf", "verification_status": "unverified", "operational_status": null, "landing_capable": null, "assembly_capable": null, "source_date": "2026-09-20", "processed_at": "2026-09-21T10:36:24+00:00", "longitude": 119.0472472, "latitude": 32.1194389 }, "geometry": { "type": "Point", "coordinates": [ 119.0472472, 32.1194389 ] } },
{ "type": "Feature", "properties": { "facility_id": "F000704", "osm_id": "8223396333", "osm_object_type": "node", "name": "仙林东郡北门", "facility_type": "gate", "source_layer": "jiangsu-260920.osm.pbf", "verification_status": "unverified", "operational_status": null, "landing_capable": null, "assembly_capable": null, "source_date": "2026-09-20", "processed_at": "2026-09-21T10:36:24+00:00", "longitude": 119.0446186, "latitude": 32.121229 }, "geometry": { "type": "Point", "coordinates": [ 119.0446186, 32.121229 ] } },
{ "type": "Feature", "properties": { "facility_id": "F000705", "osm_id": "8228826260", "osm_object_type": "node", "name": "锦绣门", "facility_type": "gate", "source_layer": "jiangsu-260920.osm.pbf", "verification_status": "unverified", "operational_status": null, "landing_capable": null, "assembly_capable": null, "source_date": "2026-09-20", "processed_at": "2026-09-21T10:36:24+00:00", "longitude": 118.9915499, "latitude": 32.0678393 }, "geometry": { "type": "Point", "coordinates": [ 118.9915499, 32.0678393 ] } },
{ "type": "Feature", "properties": { "facility_id": "F000706", "osm_id": "8283563709", "osm_object_type": "node", "name": "锦绣门", "facility_type": "gate", "source_layer": "jiangsu-260920.osm.pbf", "verification_status": "unverified", "operational_status": null, "landing_capable": null, "assembly_capable": null, "source_date": "2026-09-20", "processed_at": "2026-09-21T10:36:24+00:00", "longitude": 118.9916372, "latitude": 32.0677836 }, "geometry": { "type": "Point", "coordinates": [ 118.9916372, 32.0677836 ] } },
{ "type": "Feature", "properties": { "facility_id": "F000707", "osm_id": "8283567953", "osm_object_type": "node", "name": "东宁门", "facility_type": "gate", "source_layer": "jiangsu-260920.osm.pbf", "verification_status": "unverified", "operational_status": null, "landing_capable": null, "assembly_capable": null, "source_date": "2026-09-20", "processed_at": "2026-09-21T10:36:24+00:00", "longitude": 119.0198351, "latitude": 32.0824155 }, "geometry": { "type": "Point", "coordinates": [ 119.0198351, 32.0824155 ] } },
{ "type": "Feature", "properties": { "facility_id": "F000708", "osm_id": "8532079439", "osm_object_type": "node", "name": "3号门", "facility_type": "gate", "source_layer": "jiangsu-260920.osm.pbf", "verification_status": "unverified", "operational_status": null, "landing_capable": null, "assembly_capable": null, "source_date": "2026-09-20", "processed_at": "2026-09-21T10:36:24+00:00", "longitude": 118.8769962, "latitude": 31.932654 }, "geometry": { "type": "Point", "coordinates": [ 118.8769962, 31.932654 ] } },
{ "type": "Feature", "properties": { "facility_id": "F000709", "osm_id": "8532079440", "osm_object_type": "node", "name": "1号门", "facility_type": "gate", "source_layer": "jiangsu-260920.osm.pbf", "verification_status": "unverified", "operational_status": null, "landing_capable": null, "assembly_capable": null, "source_date": "2026-09-20", "processed_at": "2026-09-21T10:36:24+00:00", "longitude": 118.8798782, "latitude": 31.9185637 }, "geometry": { "type": "Point", "coordinates": [ 118.8798782, 31.9185637 ] } },
{ "type": "Feature", "properties": { "facility_id": "F000710", "osm_id": "8532079461", "osm_object_type": "node", "name": "2号门", "facility_type": "lift_gate", "source_layer": "jiangsu-260920.osm.pbf", "verification_status": "unverified", "operational_status": null, "landing_capable": null, "assembly_capable": null, "source_date": "2026-09-20", "processed_at": "2026-09-21T10:36:24+00:00", "longitude": 118.8722171, "latitude": 31.9212234 }, "geometry": { "type": "Point", "coordinates": [ 118.8722171, 31.9212234 ] } },
{ "type": "Feature", "properties": { "facility_id": "F000711", "osm_id": "8532079467", "osm_object_type": "node", "name": "金科北门", "facility_type": "gate", "source_layer": "jiangsu-260920.osm.pbf", "verification_status": "unverified", "operational_status": null, "landing_capable": null, "assembly_capable": null, "source_date": "2026-09-20", "processed_at": "2026-09-21T10:36:24+00:00", "longitude": 118.8926885, "latitude": 31.9114774 }, "geometry": { "type": "Point", "coordinates": [ 118.8926885, 31.9114774 ] } },
{ "type": "Feature", "properties": { "facility_id": "F000712", "osm_id": "8532080669", "osm_object_type": "node", "name": "5号门", "facility_type": "gate", "source_layer": "jiangsu-260920.osm.pbf", "verification_status": "unverified", "operational_status": null, "landing_capable": null, "assembly_capable": null, "source_date": "2026-09-20", "processed_at": "2026-09-21T10:36:24+00:00", "longitude": 118.8838586, "latitude": 31.9219661 }, "geometry": { "type": "Point", "coordinates": [ 118.8838586, 31.9219661 ] } },
{ "type": "Feature", "properties": { "facility_id": "F000713", "osm_id": "8597451028", "osm_object_type": "node", "name": "梅清苑2号门", "facility_type": "gate", "source_layer": "jiangsu-260920.osm.pbf", "verification_status": "unverified", "operational_status": null, "landing_capable": null, "assembly_capable": null, "source_date": "2026-09-20", "processed_at": "2026-09-21T10:36:24+00:00", "longitude": 118.6330167, "latitude": 31.9050441 }, "geometry": { "type": "Point", "coordinates": [ 118.6330167, 31.9050441 ] } },
{ "type": "Feature", "properties": { "facility_id": "F000714", "osm_id": "8641988126", "osm_object_type": "node", "name": "西平门", "facility_type": "gate", "source_layer": "jiangsu-260920.osm.pbf", "verification_status": "unverified", "operational_status": null, "landing_capable": null, "assembly_capable": null, "source_date": "2026-09-20", "processed_at": "2026-09-21T10:36:24+00:00", "longitude": 118.9923727, "latitude": 32.0759952 }, "geometry": { "type": "Point", "coordinates": [ 118.9923727, 32.0759952 ] } },
{ "type": "Feature", "properties": { "facility_id": "F000715", "osm_id": "8696617995", "osm_object_type": "node", "name": "南门", "facility_type": "gate", "source_layer": "jiangsu-260920.osm.pbf", "verification_status": "unverified", "operational_status": null, "landing_capable": null, "assembly_capable": null, "source_date": "2026-09-20", "processed_at": "2026-09-21T10:36:24+00:00", "longitude": 118.6940892, "latitude": 32.1306006 }, "geometry": { "type": "Point", "coordinates": [ 118.6940892, 32.1306006 ] } },
{ "type": "Feature", "properties": { "facility_id": "F000716", "osm_id": "9018667897", "osm_object_type": "node", "name": "北门", "facility_type": "gate", "source_layer": "jiangsu-260920.osm.pbf", "verification_status": "unverified", "operational_status": null, "landing_capable": null, "assembly_capable": null, "source_date": "2026-09-20", "processed_at": "2026-09-21T10:36:24+00:00", "longitude": 118.7469889, "latitude": 32.0707097 }, "geometry": { "type": "Point", "coordinates": [ 118.7469889, 32.0707097 ] } },
{ "type": "Feature", "properties": { "facility_id": "F000717", "osm_id": "9018667901", "osm_object_type": "node", "name": "古林公园（南门）", "facility_type": "gate", "source_layer": "jiangsu-260920.osm.pbf", "verification_status": "unverified", "operational_status": null, "landing_capable": null, "assembly_capable": null, "source_date": "2026-09-20", "processed_at": "2026-09-21T10:36:24+00:00", "longitude": 118.7465352, "latitude": 32.0672528 }, "geometry": { "type": "Point", "coordinates": [ 118.7465352, 32.0672528 ] } },
{ "type": "Feature", "properties": { "facility_id": "F000718", "osm_id": "9126802113", "osm_object_type": "node", "name": null, "facility_type": "main_entrance", "source_layer": "jiangsu-260920.osm.pbf", "verification_status": "unverified", "operational_status": null, "landing_capable": null, "assembly_capable": null, "source_date": "2026-09-20", "processed_at": "2026-09-21T10:36:24+00:00", "longitude": 118.9810233, "latitude": 32.1195178 }, "geometry": { "type": "Point", "coordinates": [ 118.9810233, 32.1195178 ] } },
{ "type": "Feature", "properties": { "facility_id": "F000719", "osm_id": "9247442684", "osm_object_type": "node", "name": "4号门", "facility_type": "lift_gate", "source_layer": "jiangsu-260920.osm.pbf", "verification_status": "unverified", "operational_status": null, "landing_capable": null, "assembly_capable": null, "source_date": "2026-09-20", "processed_at": "2026-09-21T10:36:24+00:00", "longitude": 118.8814523, "latitude": 31.9294663 }, "geometry": { "type": "Point", "coordinates": [ 118.8814523, 31.9294663 ] } },
{ "type": "Feature", "properties": { "facility_id": "F000720", "osm_id": "9424534089", "osm_object_type": "node", "name": null, "facility_type": "main_entrance", "source_layer": "jiangsu-260920.osm.pbf", "verification_status": "unverified", "operational_status": null, "landing_capable": null, "assembly_capable": null, "source_date": "2026-09-20", "processed_at": "2026-09-21T10:36:24+00:00", "longitude": 118.8267419, "latitude": 32.1051344 }, "geometry": { "type": "Point", "coordinates": [ 118.8267419, 32.1051344 ] } },
{ "type": "Feature", "properties": { "facility_id": "F000721", "osm_id": "9849167342", "osm_object_type": "node", "name": "西门", "facility_type": "gate", "source_layer": "jiangsu-260920.osm.pbf", "verification_status": "unverified", "operational_status": null, "landing_capable": null, "assembly_capable": null, "source_date": "2026-09-20", "processed_at": "2026-09-21T10:36:24+00:00", "longitude": 118.6916848, "latitude": 32.1337546 }, "geometry": { "type": "Point", "coordinates": [ 118.6916848, 32.1337546 ] } },
{ "type": "Feature", "properties": { "facility_id": "F000722", "osm_id": "9867264316", "osm_object_type": "node", "name": "14-03", "facility_type": "gate", "source_layer": "jiangsu-260920.osm.pbf", "verification_status": "unverified", "operational_status": null, "landing_capable": null, "assembly_capable": null, "source_date": "2026-09-20", "processed_at": "2026-09-21T10:36:24+00:00", "longitude": 118.8199291, "latitude": 31.8999539 }, "geometry": { "type": "Point", "coordinates": [ 118.8199291, 31.8999539 ] } },
{ "type": "Feature", "properties": { "facility_id": "F000723", "osm_id": "10016235300", "osm_object_type": "node", "name": "东门", "facility_type": "gate", "source_layer": "jiangsu-260920.osm.pbf", "verification_status": "unverified", "operational_status": null, "landing_capable": null, "assembly_capable": null, "source_date": "2026-09-20", "processed_at": "2026-09-21T10:36:24+00:00", "longitude": 118.6975086, "latitude": 32.1357491 }, "geometry": { "type": "Point", "coordinates": [ 118.6975086, 32.1357491 ] } },
{ "type": "Feature", "properties": { "facility_id": "F000724", "osm_id": "10189637844", "osm_object_type": "node", "name": "南门", "facility_type": "gate", "source_layer": "jiangsu-260920.osm.pbf", "verification_status": "unverified", "operational_status": null, "landing_capable": null, "assembly_capable": null, "source_date": "2026-09-20", "processed_at": "2026-09-21T10:36:24+00:00", "longitude": 118.6954473, "latitude": 32.1186118 }, "geometry": { "type": "Point", "coordinates": [ 118.6954473, 32.1186118 ] } },
{ "type": "Feature", "properties": { "facility_id": "F000725", "osm_id": "11074517919", "osm_object_type": "node", "name": null, "facility_type": "main_entrance", "source_layer": "jiangsu-260920.osm.pbf", "verification_status": "unverified", "operational_status": null, "landing_capable": null, "assembly_capable": null, "source_date": "2026-09-20", "processed_at": "2026-09-21T10:36:24+00:00", "longitude": 118.8978823, "latitude": 31.6321636 }, "geometry": { "type": "Point", "coordinates": [ 118.8978823, 31.6321636 ] } },
{ "type": "Feature", "properties": { "facility_id": "F000726", "osm_id": "11074517920", "osm_object_type": "node", "name": null, "facility_type": "main_entrance", "source_layer": "jiangsu-260920.osm.pbf", "verification_status": "unverified", "operational_status": null, "landing_capable": null, "assembly_capable": null, "source_date": "2026-09-20", "processed_at": "2026-09-21T10:36:24+00:00", "longitude": 118.8976194, "latitude": 31.6321657 }, "geometry": { "type": "Point", "coordinates": [ 118.8976194, 31.6321657 ] } },
{ "type": "Feature", "properties": { "facility_id": "F000727", "osm_id": "11359471651", "osm_object_type": "node", "name": "河海大学北门", "facility_type": "gate", "source_layer": "jiangsu-260920.osm.pbf", "verification_status": "unverified", "operational_status": null, "landing_capable": null, "assembly_capable": null, "source_date": "2026-09-20", "processed_at": "2026-09-21T10:36:24+00:00", "longitude": 118.7826816, "latitude": 31.9197682 }, "geometry": { "type": "Point", "coordinates": [ 118.7826816, 31.9197682 ] } },
{ "type": "Feature", "properties": { "facility_id": "F000728", "osm_id": "11407417509", "osm_object_type": "node", "name": "森林防火道闸", "facility_type": "lift_gate", "source_layer": "jiangsu-260920.osm.pbf", "verification_status": "unverified", "operational_status": null, "landing_capable": null, "assembly_capable": null, "source_date": "2026-09-20", "processed_at": "2026-09-21T10:36:24+00:00", "longitude": 118.5300988, "latitude": 32.0839728 }, "geometry": { "type": "Point", "coordinates": [ 118.5300988, 32.0839728 ] } },
{ "type": "Feature", "properties": { "facility_id": "F000729", "osm_id": "11519340711", "osm_object_type": "node", "name": "后门", "facility_type": "gate", "source_layer": "jiangsu-260920.osm.pbf", "verification_status": "unverified", "operational_status": null, "landing_capable": null, "assembly_capable": null, "source_date": "2026-09-20", "processed_at": "2026-09-21T10:36:24+00:00", "longitude": 118.5094684, "latitude": 32.0950984 }, "geometry": { "type": "Point", "coordinates": [ 118.5094684, 32.0950984 ] } },
{ "type": "Feature", "properties": { "facility_id": "F000730", "osm_id": "11609929843", "osm_object_type": "node", "name": null, "facility_type": "main_entrance", "source_layer": "jiangsu-260920.osm.pbf", "verification_status": "unverified", "operational_status": null, "landing_capable": null, "assembly_capable": null, "source_date": "2026-09-20", "processed_at": "2026-09-21T10:36:24+00:00", "longitude": 118.7670936, "latitude": 31.9994349 }, "geometry": { "type": "Point", "coordinates": [ 118.7670936, 31.9994349 ] } },
{ "type": "Feature", "properties": { "facility_id": "F000731", "osm_id": "11609929844", "osm_object_type": "node", "name": null, "facility_type": "main_entrance", "source_layer": "jiangsu-260920.osm.pbf", "verification_status": "unverified", "operational_status": null, "landing_capable": null, "assembly_capable": null, "source_date": "2026-09-20", "processed_at": "2026-09-21T10:36:24+00:00", "longitude": 118.7676111, "latitude": 31.9989405 }, "geometry": { "type": "Point", "coordinates": [ 118.7676111, 31.9989405 ] } },
{ "type": "Feature", "properties": { "facility_id": "F000732", "osm_id": "12071286170", "osm_object_type": "node", "name": null, "facility_type": "main_entrance", "source_layer": "jiangsu-260920.osm.pbf", "verification_status": "unverified", "operational_status": null, "landing_capable": null, "assembly_capable": null, "source_date": "2026-09-20", "processed_at": "2026-09-21T10:36:24+00:00", "longitude": 118.8715412, "latitude": 32.1410078 }, "geometry": { "type": "Point", "coordinates": [ 118.8715412, 32.1410078 ] } },
{ "type": "Feature", "properties": { "facility_id": "F000733", "osm_id": "12082360481", "osm_object_type": "node", "name": null, "facility_type": "main_entrance", "source_layer": "jiangsu-260920.osm.pbf", "verification_status": "unverified", "operational_status": null, "landing_capable": null, "assembly_capable": null, "source_date": "2026-09-20", "processed_at": "2026-09-21T10:36:24+00:00", "longitude": 118.8759086, "latitude": 32.1438685 }, "geometry": { "type": "Point", "coordinates": [ 118.8759086, 32.1438685 ] } },
{ "type": "Feature", "properties": { "facility_id": "F000734", "osm_id": "12087079638", "osm_object_type": "node", "name": "尧林仙居-碧水苑-西北门", "facility_type": "lift_gate", "source_layer": "jiangsu-260920.osm.pbf", "verification_status": "unverified", "operational_status": null, "landing_capable": null, "assembly_capable": null, "source_date": "2026-09-20", "processed_at": "2026-09-21T10:36:24+00:00", "longitude": 118.8742912, "latitude": 32.1276119 }, "geometry": { "type": "Point", "coordinates": [ 118.8742912, 32.1276119 ] } },
{ "type": "Feature", "properties": { "facility_id": "F000735", "osm_id": "12087079640", "osm_object_type": "node", "name": "尧林仙居-碧水苑-北门", "facility_type": "lift_gate", "source_layer": "jiangsu-260920.osm.pbf", "verification_status": "unverified", "operational_status": null, "landing_capable": null, "assembly_capable": null, "source_date": "2026-09-20", "processed_at": "2026-09-21T10:36:24+00:00", "longitude": 118.8765704, "latitude": 32.1280821 }, "geometry": { "type": "Point", "coordinates": [ 118.8765704, 32.1280821 ] } },
{ "type": "Feature", "properties": { "facility_id": "F000736", "osm_id": "12087398942", "osm_object_type": "node", "name": "金地明悦西门", "facility_type": "lift_gate", "source_layer": "jiangsu-260920.osm.pbf", "verification_status": "unverified", "operational_status": null, "landing_capable": null, "assembly_capable": null, "source_date": "2026-09-20", "processed_at": "2026-09-21T10:36:24+00:00", "longitude": 118.8836989, "latitude": 32.1354743 }, "geometry": { "type": "Point", "coordinates": [ 118.8836989, 32.1354743 ] } },
{ "type": "Feature", "properties": { "facility_id": "F000737", "osm_id": "12088707286", "osm_object_type": "node", "name": "华润幸福里西北门", "facility_type": "lift_gate", "source_layer": "jiangsu-260920.osm.pbf", "verification_status": "unverified", "operational_status": null, "landing_capable": null, "assembly_capable": null, "source_date": "2026-09-20", "processed_at": "2026-09-21T10:36:24+00:00", "longitude": 118.8847383, "latitude": 32.1334176 }, "geometry": { "type": "Point", "coordinates": [ 118.8847383, 32.1334176 ] } },
{ "type": "Feature", "properties": { "facility_id": "F000738", "osm_id": "12088707288", "osm_object_type": "node", "name": "华润幸福里西门", "facility_type": "lift_gate", "source_layer": "jiangsu-260920.osm.pbf", "verification_status": "unverified", "operational_status": null, "landing_capable": null, "assembly_capable": null, "source_date": "2026-09-20", "processed_at": "2026-09-21T10:36:24+00:00", "longitude": 118.8837512, "latitude": 32.132503 }, "geometry": { "type": "Point", "coordinates": [ 118.8837512, 32.132503 ] } },
{ "type": "Feature", "properties": { "facility_id": "F000739", "osm_id": "12088707289", "osm_object_type": "node", "name": "华润幸福里北门", "facility_type": "lift_gate", "source_layer": "jiangsu-260920.osm.pbf", "verification_status": "unverified", "operational_status": null, "landing_capable": null, "assembly_capable": null, "source_date": "2026-09-20", "processed_at": "2026-09-21T10:36:24+00:00", "longitude": 118.8854549, "latitude": 32.1335297 }, "geometry": { "type": "Point", "coordinates": [ 118.8854549, 32.1335297 ] } },
{ "type": "Feature", "properties": { "facility_id": "F000740", "osm_id": "12090652531", "osm_object_type": "node", "name": "东门", "facility_type": "lift_gate", "source_layer": "jiangsu-260920.osm.pbf", "verification_status": "unverified", "operational_status": null, "landing_capable": null, "assembly_capable": null, "source_date": "2026-09-20", "processed_at": "2026-09-21T10:36:24+00:00", "longitude": 118.8854488, "latitude": 32.1297045 }, "geometry": { "type": "Point", "coordinates": [ 118.8854488, 32.1297045 ] } },
{ "type": "Feature", "properties": { "facility_id": "F000741", "osm_id": "12093842873", "osm_object_type": "node", "name": "银河湾卓苑西门", "facility_type": "lift_gate", "source_layer": "jiangsu-260920.osm.pbf", "verification_status": "unverified", "operational_status": null, "landing_capable": null, "assembly_capable": null, "source_date": "2026-09-20", "processed_at": "2026-09-21T10:36:24+00:00", "longitude": 118.8674882, "latitude": 32.1223902 }, "geometry": { "type": "Point", "coordinates": [ 118.8674882, 32.1223902 ] } },
{ "type": "Feature", "properties": { "facility_id": "F000742", "osm_id": "12093842880", "osm_object_type": "node", "name": "银河湾卓苑东门", "facility_type": "lift_gate", "source_layer": "jiangsu-260920.osm.pbf", "verification_status": "unverified", "operational_status": null, "landing_capable": null, "assembly_capable": null, "source_date": "2026-09-20", "processed_at": "2026-09-21T10:36:24+00:00", "longitude": 118.8706554, "latitude": 32.1237912 }, "geometry": { "type": "Point", "coordinates": [ 118.8706554, 32.1237912 ] } },
{ "type": "Feature", "properties": { "facility_id": "F000743", "osm_id": "12093844438", "osm_object_type": "node", "name": "东城世家北门", "facility_type": "lift_gate", "source_layer": "jiangsu-260920.osm.pbf", "verification_status": "unverified", "operational_status": null, "landing_capable": null, "assembly_capable": null, "source_date": "2026-09-20", "processed_at": "2026-09-21T10:36:24+00:00", "longitude": 118.8778532, "latitude": 32.1281979 }, "geometry": { "type": "Point", "coordinates": [ 118.8778532, 32.1281979 ] } },
{ "type": "Feature", "properties": { "facility_id": "F000744", "osm_id": "12093844481", "osm_object_type": "node", "name": "东城世家南门", "facility_type": "main_entrance", "source_layer": "jiangsu-260920.osm.pbf", "verification_status": "unverified", "operational_status": null, "landing_capable": null, "assembly_capable": null, "source_date": "2026-09-20", "processed_at": "2026-09-21T10:36:24+00:00", "longitude": 118.8791347, "latitude": 32.1254315 }, "geometry": { "type": "Point", "coordinates": [ 118.8791347, 32.1254315 ] } },
{ "type": "Feature", "properties": { "facility_id": "F000745", "osm_id": "12094752687", "osm_object_type": "node", "name": "上城风景北苑西门", "facility_type": "lift_gate", "source_layer": "jiangsu-260920.osm.pbf", "verification_status": "unverified", "operational_status": null, "landing_capable": null, "assembly_capable": null, "source_date": "2026-09-20", "processed_at": "2026-09-21T10:36:24+00:00", "longitude": 118.8701056, "latitude": 32.1182791 }, "geometry": { "type": "Point", "coordinates": [ 118.8701056, 32.1182791 ] } },
{ "type": "Feature", "properties": { "facility_id": "F000746", "osm_id": "12094752689", "osm_object_type": "node", "name": "上城风景北苑北门", "facility_type": "lift_gate", "source_layer": "jiangsu-260920.osm.pbf", "verification_status": "unverified", "operational_status": null, "landing_capable": null, "assembly_capable": null, "source_date": "2026-09-20", "processed_at": "2026-09-21T10:36:24+00:00", "longitude": 118.8710242, "latitude": 32.1213765 }, "geometry": { "type": "Point", "coordinates": [ 118.8710242, 32.1213765 ] } },
{ "type": "Feature", "properties": { "facility_id": "F000747", "osm_id": "12094754984", "osm_object_type": "node", "name": "上城风景北苑南门", "facility_type": "lift_gate", "source_layer": "jiangsu-260920.osm.pbf", "verification_status": "unverified", "operational_status": null, "landing_capable": null, "assembly_capable": null, "source_date": "2026-09-20", "processed_at": "2026-09-21T10:36:24+00:00", "longitude": 118.870815, "latitude": 32.1186363 }, "geometry": { "type": "Point", "coordinates": [ 118.870815, 32.1186363 ] } },
{ "type": "Feature", "properties": { "facility_id": "F000748", "osm_id": "12098324671", "osm_object_type": "node", "name": "北门", "facility_type": "lift_gate", "source_layer": "jiangsu-260920.osm.pbf", "verification_status": "unverified", "operational_status": null, "landing_capable": null, "assembly_capable": null, "source_date": "2026-09-20", "processed_at": "2026-09-21T10:36:24+00:00", "longitude": 118.867638, "latitude": 32.120101 }, "geometry": { "type": "Point", "coordinates": [ 118.867638, 32.120101 ] } },
{ "type": "Feature", "properties": { "facility_id": "F000749", "osm_id": "12112360282", "osm_object_type": "node", "name": "南门", "facility_type": "lift_gate", "source_layer": "jiangsu-260920.osm.pbf", "verification_status": "unverified", "operational_status": null, "landing_capable": null, "assembly_capable": null, "source_date": "2026-09-20", "processed_at": "2026-09-21T10:36:24+00:00", "longitude": 118.8589754, "latitude": 32.0963133 }, "geometry": { "type": "Point", "coordinates": [ 118.8589754, 32.0963133 ] } },
{ "type": "Feature", "properties": { "facility_id": "F000750", "osm_id": "12112425825", "osm_object_type": "node", "name": null, "facility_type": "main_entrance", "source_layer": "jiangsu-260920.osm.pbf", "verification_status": "unverified", "operational_status": null, "landing_capable": null, "assembly_capable": null, "source_date": "2026-09-20", "processed_at": "2026-09-21T10:36:24+00:00", "longitude": 118.8617288, "latitude": 32.0978428 }, "geometry": { "type": "Point", "coordinates": [ 118.8617288, 32.0978428 ] } },
{ "type": "Feature", "properties": { "facility_id": "F000751", "osm_id": "12112425826", "osm_object_type": "node", "name": null, "facility_type": "main_entrance", "source_layer": "jiangsu-260920.osm.pbf", "verification_status": "unverified", "operational_status": null, "landing_capable": null, "assembly_capable": null, "source_date": "2026-09-20", "processed_at": "2026-09-21T10:36:24+00:00", "longitude": 118.8613079, "latitude": 32.0963261 }, "geometry": { "type": "Point", "coordinates": [ 118.8613079, 32.0963261 ] } },
{ "type": "Feature", "properties": { "facility_id": "F000752", "osm_id": "12112425988", "osm_object_type": "node", "name": "西门", "facility_type": "lift_gate", "source_layer": "jiangsu-260920.osm.pbf", "verification_status": "unverified", "operational_status": null, "landing_capable": null, "assembly_capable": null, "source_date": "2026-09-20", "processed_at": "2026-09-21T10:36:24+00:00", "longitude": 118.8559677, "latitude": 32.0959512 }, "geometry": { "type": "Point", "coordinates": [ 118.8559677, 32.0959512 ] } },
{ "type": "Feature", "properties": { "facility_id": "F000753", "osm_id": "12114453910", "osm_object_type": "node", "name": null, "facility_type": "main_entrance", "source_layer": "jiangsu-260920.osm.pbf", "verification_status": "unverified", "operational_status": null, "landing_capable": null, "assembly_capable": null, "source_date": "2026-09-20", "processed_at": "2026-09-21T10:36:24+00:00", "longitude": 118.8408601, "latitude": 32.1021065 }, "geometry": { "type": "Point", "coordinates": [ 118.8408601, 32.1021065 ] } },
{ "type": "Feature", "properties": { "facility_id": "F000754", "osm_id": "12123655485", "osm_object_type": "node", "name": "南门", "facility_type": "lift_gate", "source_layer": "jiangsu-260920.osm.pbf", "verification_status": "unverified", "operational_status": null, "landing_capable": null, "assembly_capable": null, "source_date": "2026-09-20", "processed_at": "2026-09-21T10:36:24+00:00", "longitude": 118.8694417, "latitude": 32.1261752 }, "geometry": { "type": "Point", "coordinates": [ 118.8694417, 32.1261752 ] } },
{ "type": "Feature", "properties": { "facility_id": "F000755", "osm_id": "12125683749", "osm_object_type": "node", "name": null, "facility_type": "main_entrance", "source_layer": "jiangsu-260920.osm.pbf", "verification_status": "unverified", "operational_status": null, "landing_capable": null, "assembly_capable": null, "source_date": "2026-09-20", "processed_at": "2026-09-21T10:36:24+00:00", "longitude": 118.8757823, "latitude": 32.1198807 }, "geometry": { "type": "Point", "coordinates": [ 118.8757823, 32.1198807 ] } },
{ "type": "Feature", "properties": { "facility_id": "F000756", "osm_id": "12171823742", "osm_object_type": "node", "name": "东北门", "facility_type": "gate", "source_layer": "jiangsu-260920.osm.pbf", "verification_status": "unverified", "operational_status": null, "landing_capable": null, "assembly_capable": null, "source_date": "2026-09-20", "processed_at": "2026-09-21T10:36:24+00:00", "longitude": 118.8249746, "latitude": 31.8958501 }, "geometry": { "type": "Point", "coordinates": [ 118.8249746, 31.8958501 ] } },
{ "type": "Feature", "properties": { "facility_id": "F000757", "osm_id": "12760186635", "osm_object_type": "node", "name": "一单元", "facility_type": "gate", "source_layer": "jiangsu-260920.osm.pbf", "verification_status": "unverified", "operational_status": null, "landing_capable": null, "assembly_capable": null, "source_date": "2026-09-20", "processed_at": "2026-09-21T10:36:24+00:00", "longitude": 118.7278829, "latitude": 32.0004992 }, "geometry": { "type": "Point", "coordinates": [ 118.7278829, 32.0004992 ] } },
{ "type": "Feature", "properties": { "facility_id": "F000758", "osm_id": "13797851896", "osm_object_type": "node", "name": "东门", "facility_type": "gate", "source_layer": "jiangsu-260920.osm.pbf", "verification_status": "unverified", "operational_status": null, "landing_capable": null, "assembly_capable": null, "source_date": "2026-09-20", "processed_at": "2026-09-21T10:36:24+00:00", "longitude": 118.7715094, "latitude": 31.9224502 }, "geometry": { "type": "Point", "coordinates": [ 118.7715094, 31.9224502 ] } },
{ "type": "Feature", "properties": { "facility_id": "F000759", "osm_id": "13797851934", "osm_object_type": "node", "name": "西门", "facility_type": "gate", "source_layer": "jiangsu-260920.osm.pbf", "verification_status": "unverified", "operational_status": null, "landing_capable": null, "assembly_capable": null, "source_date": "2026-09-20", "processed_at": "2026-09-21T10:36:24+00:00", "longitude": 118.7600456, "latitude": 31.9224118 }, "geometry": { "type": "Point", "coordinates": [ 118.7600456, 31.9224118 ] } }
]
}
